linear_sequence,haplotype,cell_type
ASFEAQGALANIAVDKA,HLA-A*01:01,b_cells
RRYQKSTEL,HLA-A*01:01,b_cells
VPIYEGYALPHAILR,HLA-A*01:01,b_cells
YLLPAIVHI,HLA-A*01:01,b_cells
VCGERGFFYT,HLA-A*01:01,t_cells
ALWGPDPAAAF,HLA-A*01:01,t_cells
IVDSLTEMY,HLA-A*01:01,t_cells
EVDPIGHLY,HLA-A*01:01,t_cells
ASLSTFQQM,HLA-A*01:01,t_cells
NVIRDAVTY,HLA-A*01:01,t_cells
LPSQAFEYILYNKG,HLA-A*01:01,t_cells
YTMKEVLFY,HLA-A*01:01,t_cells
ITDQVPFSV,HLA-A*01:01,t_cells
IVTDFSVIK,HLA-A*01:01,t_cells
ASFEAQGALANIAVDKA,HLA-A*01:01,t_cells
ESDPIVAQY,HLA-A*01:01,t_cells
RPKSNIVLL,HLA-A*01:01,t_cells
RPPIFIRRL,HLA-A*01:01,t_cells
RRYQKSTEL,HLA-A*01:01,t_cells
RVYNNTARY,HLA-A*01:01,t_cells
SQFGGGSQY,HLA-A*01:01,t_cells
VMAPRTLIL,HLA-A*01:01,t_cells
VPIYEGYALPHAILR,HLA-A*01:01,t_cells
YLLPAIVHI,HLA-A*01:01,t_cells
HLVEALYLV,HLA-A*02:01,b_cells
EAAGIGILTV,HLA-A*02:01,b_cells
KYLATASTMDHARHGFLPRH,HLA-A*02:01,b_cells
MEVGWYRSPFSRVVHLYRNGK,HLA-A*02:01,b_cells
ELAGIGILTV,HLA-A*02:01,b_cells
VLHDDLLEA,HLA-A*02:01,b_cells
FIDSYICQV,HLA-A*02:01,b_cells
YIGEVLVSV,HLA-A*02:01,b_cells
MIIVSSCAV,HLA-A*02:01,b_cells
VAANIVLTV,HLA-A*02:01,b_cells
LLDEPTNHL,HLA-A*02:01,b_cells
ASFEAQGALANIAVDKA,HLA-A*02:01,b_cells
NLVPMVATV,HLA-A*02:01,b_cells
RMFPNAPYL,HLA-A*02:01,b_cells
RRYQKSTEL,HLA-A*02:01,b_cells
SLLMWITQV,HLA-A*02:01,b_cells
YLLPAIVHI,HLA-A*02:01,b_cells
ALWMRLLPL,HLA-A*02:01,t_cells
FLFAVGFYL,HLA-A*02:01,t_cells
FLIVLSVAL,HLA-A*02:01,t_cells
FLWSVFMLI,HLA-A*02:01,t_cells
GIVEQCCTSI,HLA-A*02:01,t_cells
GMAELMAGL,HLA-A*02:01,t_cells
HLVEALYLV,HLA-A*02:01,t_cells
KLQVFLIVL,HLA-A*02:01,t_cells
LLLLLPPRV,HLA-A*02:01,t_cells
LLPPLLEHL,HLA-A*02:01,t_cells
RLLCALTSL,HLA-A*02:01,t_cells
SLAAGVKLL,HLA-A*02:01,t_cells
SLQKRGIVEQ,HLA-A*02:01,t_cells
SLQPLALEG,HLA-A*02:01,t_cells
SLSPLQAEL,HLA-A*02:01,t_cells
SLYQLENYC,HLA-A*02:01,t_cells
ALTAVAEEV,HLA-A*02:01,t_cells
FLQDVMNIL,HLA-A*02:01,t_cells
HLCGSHLVEA,HLA-A*02:01,t_cells
LLQEYNWEL,HLA-A*02:01,t_cells
LYLVCGERG,HLA-A*02:01,t_cells
RMMEYGTTMV,HLA-A*02:01,t_cells
SLYHVYEVNL,HLA-A*02:01,t_cells
TIADFWQMV,HLA-A*02:01,t_cells
VCGERGFFYT,HLA-A*02:01,t_cells
VIVMLTPLV,HLA-A*02:01,t_cells
VMNILLQYVV,HLA-A*02:01,t_cells
ALWGPDPAAA,HLA-A*02:01,t_cells
RLLPLLALL,HLA-A*02:01,t_cells
VLFGLGFAI,HLA-A*02:01,t_cells
WGPDPAAA,HLA-A*02:01,t_cells
SHLVEALYLV,HLA-A*02:01,t_cells
FQDENYLYL,HLA-A*02:01,t_cells
GSLQPLALEGSLQKRGIV,HLA-A*02:01,t_cells
ELAEYLYNI,HLA-A*02:01,t_cells
ILMHCQTTL,HLA-A*02:01,t_cells
NLFLFLFAV,HLA-A*02:01,t_cells
YLLLRVLNI,HLA-A*02:01,t_cells
ALWMRLLPLL,HLA-A*02:01,t_cells
LWMRLLPLL,HLA-A*02:01,t_cells
WMRLLPLLAL,HLA-A*02:01,t_cells
LCGSHLVEAL,HLA-A*02:01,t_cells
LLDVAPLSL,HLA-A*02:01,t_cells
LLLLDVAPL,HLA-A*02:01,t_cells
LMGDKSENV,HLA-A*02:01,t_cells
LIMQLMPFGCL,HLA-A*02:01,t_cells
LTLLGTLWGA,HLA-A*02:01,t_cells
SVLWLGALGL,HLA-A*02:01,t_cells
VIIKPLVWV,HLA-A*02:01,t_cells
CMLGTYTQDF,HLA-A*02:01,t_cells
FLALSILVL,HLA-A*02:01,t_cells
LLAALVQDYL,HLA-A*02:01,t_cells
VLLQAGSLHA,HLA-A*02:01,t_cells
EAAGIGILTV,HLA-A*02:01,t_cells
VISNDVCAQV,HLA-A*02:01,t_cells
KYLATASTMDHARHGFLPRH,HLA-A*02:01,t_cells
GSGKDSHHPARTAHYGSLPQ,HLA-A*02:01,t_cells
GFGYGGRASDYKSAHKGFKG,HLA-A*02:01,t_cells
LLFSFAQAV,HLA-A*02:01,t_cells
MEVGWYRSPFSRVVHLYRNGK,HLA-A*02:01,t_cells
LALWGPDPAA,HLA-A*02:01,t_cells
RLLPLLALLAL,HLA-A*02:01,t_cells
NLAQDLATV,HLA-A*02:01,t_cells
KVEDPFYWV,HLA-A*02:01,t_cells
RLAGQFLEEL,HLA-A*02:01,t_cells
KLIETYFSK,HLA-A*02:01,t_cells
NLVPMVATV,HLA-A*02:01,t_cells
KLSEGDLLA,HLA-A*02:01,t_cells
ELAGIGILTV,HLA-A*02:01,t_cells
SLMSWSAIL,HLA-A*02:01,t_cells
RRYLENGKETL,HLA-A*02:01,t_cells
DLDLKGPKV,HLA-A*02:01,t_cells
FVTETPLEG,HLA-A*02:01,t_cells
GLDGAVDMG,HLA-A*02:01,t_cells
LFSTAEAAV,HLA-A*02:01,t_cells
LRSEGSPLV,HLA-A*02:01,t_cells
TSAEDLNLL,HLA-A*02:01,t_cells
VSDEGGSPI,HLA-A*02:01,t_cells
YPQTDVFLV,HLA-A*02:01,t_cells
YSARIEENI,HLA-A*02:01,t_cells
VLHDDLLEA,HLA-A*02:01,t_cells
FEAQGALANIAVDK,HLA-A*02:01,t_cells
FIDSYICQV,HLA-A*02:01,t_cells
SPSVDKARAEL,HLA-A*02:01,t_cells
LLAGIGTVPI,HLA-A*02:01,t_cells
YIGEVLVSV,HLA-A*02:01,t_cells
YSLEYFQFV,HLA-A*02:01,t_cells
CIPPDSLLFPA,HLA-A*02:01,t_cells
MVWESGCTV,HLA-A*02:01,t_cells
QLVQSGAEV,HLA-A*02:01,t_cells
FIFPASKVYL,HLA-A*02:01,t_cells
FLLDILGAT,HLA-A*02:01,t_cells
KLMPPDRTAV,HLA-A*02:01,t_cells
LLVSEIDWL,HLA-A*02:01,t_cells
RLLIKKLPRV,HLA-A*02:01,t_cells
RTLDKVLEV,HLA-A*02:01,t_cells
EVDPIGHLY,HLA-A*02:01,t_cells
RVEYHFLSPYVSPK,HLA-A*02:01,t_cells
AAGIGILTV,HLA-A*02:01,t_cells
LLIGATMQV,HLA-A*02:01,t_cells
RTGEVKWSV,HLA-A*02:01,t_cells
PLALEGSLQK,HLA-A*02:01,t_cells
PLLALLALWG,HLA-A*02:01,t_cells
SLQKRGIVE,HLA-A*02:01,t_cells
FLFDGSPTYVL,HLA-A*02:01,t_cells
YLYGQTTTY,HLA-A*02:01,t_cells
ALGDLFQSI,HLA-A*02:01,t_cells
DLTSFLLSL,HLA-A*02:01,t_cells
EILGALLSI,HLA-A*02:01,t_cells
FLLSLFSLWL,HLA-A*02:01,t_cells
ILAVDGVLSV,HLA-A*02:01,t_cells
ILGALLSIL,HLA-A*02:01,t_cells
ILKDFSILL,HLA-A*02:01,t_cells
ILSAHVATA,HLA-A*02:01,t_cells
LLIDLTSFL,HLA-A*02:01,t_cells
LLMEGVPKSL,HLA-A*02:01,t_cells
SLNYSGVKEL,HLA-A*02:01,t_cells
SVHSLHIWSL,HLA-A*02:01,t_cells
VVTGVLVYL,HLA-A*02:01,t_cells
ALLKDTVYT,HLA-A*02:01,t_cells
FFWQVLEAV,HLA-A*02:01,t_cells
FIKQILDGV,HLA-A*02:01,t_cells
GLEADMWSI,HLA-A*02:01,t_cells
HLIRWCLAL,HLA-A*02:01,t_cells
IQATVMIIV,HLA-A*02:01,t_cells
KLIDFGSGA,HLA-A*02:01,t_cells
KLSFSIVSL,HLA-A*02:01,t_cells
KMYAFTLES,HLA-A*02:01,t_cells
LAVDGVLSV,HLA-A*02:01,t_cells
LILERPEPV,HLA-A*02:01,t_cells
LLSGASPFL,HLA-A*02:01,t_cells
LLSILCIWV,HLA-A*02:01,t_cells
LLSKINSLA,HLA-A*02:01,t_cells
LLSLFSLWL,HLA-A*02:01,t_cells
MIIVSSCAV,HLA-A*02:01,t_cells
MLLDKNIPI,HLA-A*02:01,t_cells
MLLSKINSL,HLA-A*02:01,t_cells
NIFGTPEFV,HLA-A*02:01,t_cells
QILDGVNYL,HLA-A*02:01,t_cells
RLLYPDYQI,HLA-A*02:01,t_cells
SIGVITYIL,HLA-A*02:01,t_cells
TMHSLTIQM,HLA-A*02:01,t_cells
VAANIVLTV,HLA-A*02:01,t_cells
VLHHNVITL,HLA-A*02:01,t_cells
WSIGVITYI,HLA-A*02:01,t_cells
RTLAEIAKV,HLA-A*02:01,t_cells
VTTDIQVKV,HLA-A*02:01,t_cells
TLAARIKFL,HLA-A*02:01,t_cells
WMHHNMDLV,HLA-A*02:01,t_cells
ILAKFLHWL,HLA-A*02:01,t_cells
QLLNSVLTL,HLA-A*02:01,t_cells
LPSKPSSTL,HLA-A*02:01,t_cells
SPRAAEPVQL,HLA-A*02:01,t_cells
FLAEHPNVTL,HLA-A*02:01,t_cells
FLSEHPNVTL,HLA-A*02:01,t_cells
SLAQYNPKL,HLA-A*02:01,t_cells
VLLKARLVPA,HLA-A*02:01,t_cells
YLNKEIEEA,HLA-A*02:01,t_cells
FLFDGSPTY,HLA-A*02:01,t_cells
NVIRDAVTY,HLA-A*02:01,t_cells
SLFVSNHAY,HLA-A*02:01,t_cells
GLIEKNIEL,HLA-A*02:01,t_cells
GLLGTLVQL,HLA-A*02:01,t_cells
GLYPGLIWL,HLA-A*02:01,t_cells
AIYDHINEGV,HLA-A*02:01,t_cells
ALAPAPVEV,HLA-A*02:01,t_cells
GLLGQEGLVEI,HLA-A*02:01,t_cells
ILLLSLNPV,HLA-A*02:01,t_cells
LLMPTISLI,HLA-A*02:01,t_cells
SLNPWPPCL,HLA-A*02:01,t_cells
YVFTLLVPL,HLA-A*02:01,t_cells
YVFTLLVSL,HLA-A*02:01,t_cells
ALLRQLAEL,HLA-A*02:01,t_cells
FLMSSWWPNL,HLA-A*02:01,t_cells
KLCKVRKITV,HLA-A*02:01,t_cells
LLLHCPSKTV,HLA-A*02:01,t_cells
MLGNRLEAL,HLA-A*02:01,t_cells
NLLDSLEQYI,HLA-A*02:01,t_cells
SLLERGQQL,HLA-A*02:01,t_cells
VLLEQMGSL,HLA-A*02:01,t_cells
VLLRHSKNV,HLA-A*02:01,t_cells
VLTSESMHV,HLA-A*02:01,t_cells
VVPEDYWGV,HLA-A*02:01,t_cells
WLDEVKQAL,HLA-A*02:01,t_cells
AVQEFGLARFK,HLA-A*02:01,t_cells
AAANIIRTL,HLA-A*02:01,t_cells
APLQRSQSL,HLA-A*02:01,t_cells
DLDVKKMPL,HLA-A*02:01,t_cells
IARNLTQQL,HLA-A*02:01,t_cells
ILDEKPVII,HLA-A*02:01,t_cells
LTLGEFLKL,HLA-A*02:01,t_cells
QLLDQVEQI,HLA-A*02:01,t_cells
RPKSNIVL,HLA-A*02:01,t_cells
SASVQRADTSL,HLA-A*02:01,t_cells
SILEDPPSI,HLA-A*02:01,t_cells
TLGEFLKL,HLA-A*02:01,t_cells
VRLGSLSTK,HLA-A*02:01,t_cells
LLFGLALIEV,HLA-A*02:01,t_cells
YPFKPPKV,HLA-A*02:01,t_cells
ILDKKVEKV,HLA-A*02:01,t_cells
IMDQVPFSV,HLA-A*02:01,t_cells
ALSDHHIYL,HLA-A*02:01,t_cells
ITDQVPFSV,HLA-A*02:01,t_cells
IVTDFSVIK,HLA-A*02:01,t_cells
ALWGFFPVL,HLA-A*02:01,t_cells
AMLDLLKSV,HLA-A*02:01,t_cells
LLDEPTNHL,HLA-A*02:01,t_cells
LLLDVTPLSL,HLA-A*02:01,t_cells
LLQDSVDFSL,HLA-A*02:01,t_cells
LPQANRDTL,HLA-A*02:01,t_cells
MIMQGGFSV,HLA-A*02:01,t_cells
TYLEKAIKI,HLA-A*02:01,t_cells
AMLERQFTV,HLA-A*02:01,t_cells
APNTGRANQQM,HLA-A*02:01,t_cells
SPSLRILAI,HLA-A*02:01,t_cells
VLQNVAFSV,HLA-A*02:01,t_cells
GRKPPLLKK,HLA-A*02:01,t_cells
ATAGDGLIELRK,HLA-A*02:01,t_cells
FLGPWPAAS,HLA-A*02:01,t_cells
KIQEILTQV,HLA-A*02:01,t_cells
ASFEAQGALANIAVDKA,HLA-A*02:01,t_cells
ALFDIESKV,HLA-A*02:01,t_cells
ALTPVVVTL,HLA-A*02:01,t_cells
ATAGIIGVNR,HLA-A*02:01,t_cells
LLWDYVYQL,HLA-A*02:01,t_cells
SLLDSCTKL,HLA-A*02:01,t_cells
ALSGLAVRL,HLA-A*02:01,t_cells
GLVGVNLTL,HLA-A*02:01,t_cells
ILQAHLHSL,HLA-A*02:01,t_cells
SYNEHWNYL,HLA-A*02:01,t_cells
TLSGHSQEV,HLA-A*02:01,t_cells
VYSLIKNKI,HLA-A*02:01,t_cells
YPDTDVILM,HLA-A*02:01,t_cells
CLGHNHKEV,HLA-A*02:01,t_cells
KIADPICTFI,HLA-A*02:01,t_cells
KMYAFTLESV,HLA-A*02:01,t_cells
LLIDLTSFLL,HLA-A*02:01,t_cells
SLTIQMESPV,HLA-A*02:01,t_cells
VMIIVSSLAV,HLA-A*02:01,t_cells
RAKFKQLL,HLA-A*02:01,t_cells
KLVMSQANV,HLA-A*02:01,t_cells
MPGEATETV,HLA-A*02:01,t_cells
YLQKETSTL,HLA-A*02:01,t_cells
KLSEMSVTL,HLA-A*02:01,t_cells
RMFPNAPYL,HLA-A*02:01,t_cells
DLILELLDL,HLA-A*02:01,t_cells
FLLFIFKVA,HLA-A*02:01,t_cells
KLQQKEEQL,HLA-A*02:01,t_cells
KTVDLILEL,HLA-A*02:01,t_cells
LLQEEEEEL,HLA-A*02:01,t_cells
NLLEREFGA,HLA-A*02:01,t_cells
VLRKEEEKL,HLA-A*02:01,t_cells
RPKSNIVLL,HLA-A*02:01,t_cells
RPPIFIRRL,HLA-A*02:01,t_cells
RRYQKSTEL,HLA-A*02:01,t_cells
RVYNNTARY,HLA-A*02:01,t_cells
IMPGQEAGL,HLA-A*02:01,t_cells
SLFPGKLEV,HLA-A*02:01,t_cells
SLLMWITQV,HLA-A*02:01,t_cells
SLQEEIAFL,HLA-A*02:01,t_cells
ALAAALVV,HLA-A*02:01,t_cells
ALAAFLGL,HLA-A*02:01,t_cells
ALAGLSPV,HLA-A*02:01,t_cells
ALIGGPPV,HLA-A*02:01,t_cells
ALISKNPV,HLA-A*02:01,t_cells
ALLGIPKV,HLA-A*02:01,t_cells
ALVSIIKV,HLA-A*02:01,t_cells
SLSEKTVLL,HLA-A*02:01,t_cells
SLSRFSWGA,HLA-A*02:01,t_cells
GLGPVAAV,HLA-A*02:01,t_cells
GLLAIVKV,HLA-A*02:01,t_cells
SLWGQPAEA,HLA-A*02:01,t_cells
LLAAVAALL,HLA-A*02:01,t_cells
LLAGPPGV,HLA-A*02:01,t_cells
LLFPYILPPKA,HLA-A*02:01,t_cells
LLGCPVPLGV,HLA-A*02:01,t_cells
LLGPAPGV,HLA-A*02:01,t_cells
LLLELAGVTHV,HLA-A*02:01,t_cells
LLLPALAGA,HLA-A*02:01,t_cells
LLLRSPAGV,HLA-A*02:01,t_cells
LLSAVLPSV,HLA-A*02:01,t_cells
LLWRKLLWHQV,HLA-A*02:01,t_cells
SLLGLALLAV,HLA-A*02:01,t_cells
SQFGGGSQY,HLA-A*02:01,t_cells
MLYQHLLPL,HLA-A*02:01,t_cells
KHGDVITII,HLA-A*02:01,t_cells
SVYDFFVWL,HLA-A*02:01,t_cells
TLEGFASPL,HLA-A*02:01,t_cells
TLWVDPYEV,HLA-A*02:01,t_cells
VADKFTEL,HLA-A*02:01,t_cells
VMAPRTLIL,HLA-A*02:01,t_cells
VMAPRTLVL,HLA-A*02:01,t_cells
IIDDRNREL,HLA-A*02:01,t_cells
TSIANLPKL,HLA-A*02:01,t_cells
YGIENEVFL,HLA-A*02:01,t_cells
YLEPGPVTA,HLA-A*02:01,t_cells
YLLKPVQRI,HLA-A*02:01,t_cells
YLLPAIVHI,HLA-A*02:01,t_cells
YMIDPSGVSY,HLA-A*02:01,t_cells
LLTTLSNRV,HLA-A*02:01,t_cells
NLIKLAQKV,HLA-A*02:01,t_cells
VLDTSVAYV,HLA-A*02:01,t_cells
ALWGPDPAAAFV,HLA-A*02:01,t_cells
MQLMPFGCLL,HLA-A*02:01,t_cells
TQLMPFGCLL,HLA-A*02:01,t_cells
VVLSWAPPV,HLA-A*02:01,t_cells
TLSKPSPMPV,HLA-A*02:01,t_cells
ILDKLNWDL,HLA-A*02:01,t_cells
RTYWIIIEL,HLA-A*02:01,t_cells
TLATIAWMV,HLA-A*02:01,t_cells
GLAEDLAAL,HLA-A*02:01,t_cells
AAAGFLFCV,HLA-A*02:01,t_cells
ALLGIPLNV,HLA-A*02:01,t_cells
ALLWLSCSI,HLA-A*02:01,t_cells
AMSNLVPPV,HLA-A*02:01,t_cells
AVADTLIGV,HLA-A*02:01,t_cells
CLDQIPIFTV,HLA-A*02:01,t_cells
FLFCVMVFA,HLA-A*02:01,t_cells
FLFFSQIGSL,HLA-A*02:01,t_cells
FLGEGHHRV,HLA-A*02:01,t_cells
FLLQNPCPL,HLA-A*02:01,t_cells
FLSGAVNRL,HLA-A*02:01,t_cells
FTNHFLVEL,HLA-A*02:01,t_cells
GLDEIDSAV,HLA-A*02:01,t_cells
GLQANPVEV,HLA-A*02:01,t_cells
GMMSCKIGL,HLA-A*02:01,t_cells
ILAEHVHM,HLA-A*02:01,t_cells
ILLGLAWLA,HLA-A*02:01,t_cells
KIIKLFFRL,HLA-A*02:01,t_cells
KLLEILAEHV,HLA-A*02:01,t_cells
KLNWDLHTA,HLA-A*02:01,t_cells
KMDQLAKEL,HLA-A*02:01,t_cells
LLWLSCSIAL,HLA-A*02:01,t_cells
MLMPVHFLL,HLA-A*02:01,t_cells
QLIDCAQYFL,HLA-A*02:01,t_cells
RLMDSSIYS,HLA-A*02:01,t_cells
SLAAGVKLLEI,HLA-A*02:01,t_cells
SLAAIWILL,HLA-A*02:01,t_cells
SLEAGLPLQV,HLA-A*02:01,t_cells
SLLEQAIAL,HLA-A*02:01,t_cells
SLPLNSVYV,HLA-A*02:01,t_cells
SVANALWIV,HLA-A*02:01,t_cells
VALKLQVFL,HLA-A*02:01,t_cells
VLPAAPSSV,HLA-A*02:01,t_cells
VLSRNILLEL,HLA-A*02:01,t_cells
VLYSEQVIEV,HLA-A*02:01,t_cells
VMINPTPGI,HLA-A*02:01,t_cells
WLSCSIALL,HLA-A*02:01,t_cells
YLCNQDVAFL,HLA-A*02:01,t_cells
YLQGQRLDNV,HLA-A*02:01,t_cells
YMCTHRLLL,HLA-A*02:01,t_cells
YMCTHRLLLL,HLA-A*02:01,t_cells
VLMDKLVEL,HLA-A*02:01,t_cells
YQMDIQQEL,HLA-A*02:01,t_cells
RLARLALVL,HLA-A*02:01,t_cells
NLVPMVATV,HLA-A*03:01,b_cells
RRYQKSTEL,HLA-A*03:01,b_cells
YLLPAIVHI,HLA-A*03:01,b_cells
SLQPLALEG,HLA-A*03:01,t_cells
VLFGLGFAI,HLA-A*03:01,t_cells
KLIETYFSK,HLA-A*03:01,t_cells
ALYSGVHKK,HLA-A*03:01,t_cells
AAAACTTMK,HLA-A*03:01,t_cells
ALWGPDPKVNK,HLA-A*03:01,t_cells
AMGNHPSPK,HLA-A*03:01,t_cells
ATGRSQMVRK,HLA-A*03:01,t_cells
ATYSATFSCK,HLA-A*03:01,t_cells
AVHGFPTLK,HLA-A*03:01,t_cells
GLLKEFLAK,HLA-A*03:01,t_cells
HLFYVLSFCK,HLA-A*03:01,t_cells
HMLMKQSGK,HLA-A*03:01,t_cells
ILKAGKSKAK,HLA-A*03:01,t_cells
KAINTFFAK,HLA-A*03:01,t_cells
KISVHPKNCK,HLA-A*03:01,t_cells
KSFIKHAKGK,HLA-A*03:01,t_cells
KVKKVPLAEK,HLA-A*03:01,t_cells
KVSAPAYCK,HLA-A*03:01,t_cells
LLLGAGESGK,HLA-A*03:01,t_cells
MVRKGMNLK,HLA-A*03:01,t_cells
QVSYPSMQK,HLA-A*03:01,t_cells
RLCHLSLMEK,HLA-A*03:01,t_cells
RLLRGLLAR,HLA-A*03:01,t_cells
RQMRKEALEK,HLA-A*03:01,t_cells
RSSTRHSGK,HLA-A*03:01,t_cells
RVLVFVMGK,HLA-A*03:01,t_cells
STAGMILPK,HLA-A*03:01,t_cells
SVANALWIVK,HLA-A*03:01,t_cells
ATLPLLCAR,HLA-A*03:01,t_cells
EVDPIGHLY,HLA-A*03:01,t_cells
PLALEGSLQK,HLA-A*03:01,t_cells
PLLALLALWG,HLA-A*03:01,t_cells
ATFSSSHRYHK,HLA-A*03:01,t_cells
ATFSTGERK,HLA-A*03:01,t_cells
KVSAVTLAY,HLA-A*03:01,t_cells
RTNWPNTGK,HLA-A*03:01,t_cells
RTYDREGFKK,HLA-A*03:01,t_cells
RVTYPAKAK,HLA-A*03:01,t_cells
TSALPIIQK,HLA-A*03:01,t_cells
AVQEFGLARFK,HLA-A*03:01,t_cells
AVFDGAQVTSK,HLA-A*03:01,t_cells
MTSALPIIQK,HLA-A*03:01,t_cells
SLLTSSKGQLQK,HLA-A*03:01,t_cells
SSSGLHPPK,HLA-A*03:01,t_cells
IVTDFSVIK,HLA-A*03:01,t_cells
SIFDGRVVAK,HLA-A*03:01,t_cells
ASFDKAKLK,HLA-A*03:01,t_cells
AVAEEVNAILK,HLA-A*03:01,t_cells
NLVPMVATV,HLA-A*03:01,t_cells
RLLGKIFRK,HLA-A*03:01,t_cells
RVRDLLNPK,HLA-A*03:01,t_cells
SSFGRGFFK,HLA-A*03:01,t_cells
RPKSNIVLL,HLA-A*03:01,t_cells
RPPIFIRRL,HLA-A*03:01,t_cells
RRYQKSTEL,HLA-A*03:01,t_cells
RVYNNTARY,HLA-A*03:01,t_cells
SQFGGGSQY,HLA-A*03:01,t_cells
AVFNIIFTQK,HLA-A*03:01,t_cells
LLYPVPLVH,HLA-A*03:01,t_cells
SLLERVLMK,HLA-A*03:01,t_cells
VMAPRTLIL,HLA-A*03:01,t_cells
STYFTGILQK,HLA-A*03:01,t_cells
YLLPAIVHI,HLA-A*03:01,t_cells
EVYEGVWKK,HLA-A*03:01,t_cells
RVAQLDQLLHY,HLA-A*03:01,t_cells
AVFDKIVSK,HLA-A*03:01,t_cells
GQWEDASLLSK,HLA-A*03:01,t_cells
IIFESPFNK,HLA-A*03:01,t_cells
KLNKPSQLK,HLA-A*03:01,t_cells
RLKPSLVGK,HLA-A*03:01,t_cells
RLPQPPVGK,HLA-A*03:01,t_cells
RTYLVNDKAAK,HLA-A*03:01,t_cells
RVLPLLLAY,HLA-A*03:01,t_cells
SVLLTRLAK,HLA-A*03:01,t_cells
ASFEAQGALANIAVDKA,HLA-A*24:02,b_cells
NLVPMVATV,HLA-A*24:02,b_cells
RMFPNAPYL,HLA-A*24:02,b_cells
RRYQKSTEL,HLA-A*24:02,b_cells
RLLPLLALL,HLA-A*24:02,t_cells
ALWMRLLPLL,HLA-A*24:02,t_cells
LWMRLLPLL,HLA-A*24:02,t_cells
ALWGPDPAAAF,HLA-A*24:02,t_cells
LPSQAFEYILYNKG,HLA-A*24:02,t_cells
IVTDFSVIK,HLA-A*24:02,t_cells
TYLEKAIKI,HLA-A*24:02,t_cells
VYLDKFIRL,HLA-A*24:02,t_cells
AYLEAIHNF,HLA-A*24:02,t_cells
ASFEAQGALANIAVDKA,HLA-A*24:02,t_cells
NLVPMVATV,HLA-A*24:02,t_cells
RYQQWMERF,HLA-A*24:02,t_cells
SYNEHWNYL,HLA-A*24:02,t_cells
VYSLIKNKI,HLA-A*24:02,t_cells
RFEEKHAYF,HLA-A*24:02,t_cells
RMFPNAPYL,HLA-A*24:02,t_cells
RRYQKSTEL,HLA-A*24:02,t_cells
VMAPRTLIL,HLA-A*24:02,t_cells
VMAPRTLVL,HLA-A*24:02,t_cells
EVDPIGHLY,HLA-A*26:01,t_cells
RVYNNTARY,HLA-A*26:01,t_cells
ELAGIGILTV,HLA-B*07:02,b_cells
ASFEAQGALANIAVDKA,HLA-B*07:02,b_cells
NLVPMVATV,HLA-B*07:02,b_cells
YLLPAIVHI,HLA-B*07:02,b_cells
WMRLLPLLAL,HLA-B*07:02,t_cells
IPISLHTSL,HLA-B*07:02,t_cells
IPVSSHNSL,HLA-B*07:02,t_cells
RPPITQSSL,HLA-B*07:02,t_cells
RPVTASITTM,HLA-B*07:02,t_cells
TPISQAQKL,HLA-B*07:02,t_cells
ELAGIGILTV,HLA-B*07:02,t_cells
FEAQGALANIAVDK,HLA-B*07:02,t_cells
SPSVDKARAEL,HLA-B*07:02,t_cells
EVDPIGHLY,HLA-B*07:02,t_cells
AAGIGILTV,HLA-B*07:02,t_cells
LPKTGTVSL,HLA-B*07:02,t_cells
SVKPASSSF,HLA-B*07:02,t_cells
APAAPGLSL,HLA-B*07:02,t_cells
APIQGNREEL,HLA-B*07:02,t_cells
APRKGSFSAL,HLA-B*07:02,t_cells
GPVRPYFSL,HLA-B*07:02,t_cells
IPRDPSQQEL,HLA-B*07:02,t_cells
KPRPDVTNEL,HLA-B*07:02,t_cells
LPRKPVAGAL,HLA-B*07:02,t_cells
LPSKPSSTL,HLA-B*07:02,t_cells
RPFPKLRIL,HLA-B*07:02,t_cells
RPIGIGVQGL,HLA-B*07:02,t_cells
RPQASHQLL,HLA-B*07:02,t_cells
RPQVAKTLL,HLA-B*07:02,t_cells
SPNDKSINAL,HLA-B*07:02,t_cells
SPRAAEPVQL,HLA-B*07:02,t_cells
SPSSKYVKL,HLA-B*07:02,t_cells
SPSSPGSSL,HLA-B*07:02,t_cells
APGSVLPRAL,HLA-B*07:02,t_cells
APLQRSQSL,HLA-B*07:02,t_cells
IARNLTQQL,HLA-B*07:02,t_cells
KPRQSSPQL,HLA-B*07:02,t_cells
LPSQAFEYILYNKG,HLA-B*07:02,t_cells
RPKSNIVL,HLA-B*07:02,t_cells
SASVQRADTSL,HLA-B*07:02,t_cells
SPRPPLGSSL,HLA-B*07:02,t_cells
SPTSSRTSSL,HLA-B*07:02,t_cells
LPQANRDTL,HLA-B*07:02,t_cells
APDGAKVASL,HLA-B*07:02,t_cells
APNTGRANQQM,HLA-B*07:02,t_cells
LPQKKSNAL,HLA-B*07:02,t_cells
SPSLRILAI,HLA-B*07:02,t_cells
APVSSKSSL,HLA-B*07:02,t_cells
ASFEAQGALANIAVDKA,HLA-B*07:02,t_cells
NLVPMVATV,HLA-B*07:02,t_cells
RAKFKQLL,HLA-B*07:02,t_cells
RPKSNIVLL,HLA-B*07:02,t_cells
RPPIFIRRL,HLA-B*07:02,t_cells
RVYNNTARY,HLA-B*07:02,t_cells
SQFGGGSQY,HLA-B*07:02,t_cells
VMAPRTLIL,HLA-B*07:02,t_cells
YLLPAIVHI,HLA-B*07:02,t_cells
ALWMRLLPL,HLA-B*08:01,t_cells
VCGERGFFYT,HLA-B*08:01,t_cells
ALWMRLLPLL,HLA-B*08:01,t_cells
EEYLQAFTY,HLA-B*08:01,t_cells
LPKTGTVSL,HLA-B*08:01,t_cells
VLLKARLVPA,HLA-B*08:01,t_cells
NLKLKLHSF,HLA-B*08:01,t_cells
APLQRSQSL,HLA-B*08:01,t_cells
RAKFKQLL,HLA-B*08:01,t_cells
VMAPRTLIL,HLA-B*08:01,t_cells
VMAPRTLVL,HLA-B*08:01,t_cells
VCGERGFFYT,HLA-B*18:01,t_cells
DEKQQHIVY,HLA-B*18:01,t_cells
DEVYQVTVY,HLA-B*18:01,t_cells
DELEIKAY,HLA-B*18:01,t_cells
RVYNNTARY,HLA-B*18:01,t_cells
ASFEAQGALANIAVDKA,HLA-B*27:05,b_cells
RRYQKSTEL,HLA-B*27:05,b_cells
ALYSGVHKK,HLA-B*27:05,t_cells
RRGVMLAVD,HLA-B*27:05,t_cells
RRYLENGKETL,HLA-B*27:05,t_cells
RRFFPYYV,HLA-B*27:05,t_cells
EVDPIGHLY,HLA-B*27:05,t_cells
ASLSTFQQM,HLA-B*27:05,t_cells
VAIQAVLSL,HLA-B*27:05,t_cells
RPQVAKTLL,HLA-B*27:05,t_cells
SPSSKYVKL,HLA-B*27:05,t_cells
NVIRDAVTY,HLA-B*27:05,t_cells
LPSQAFEYILYNKG,HLA-B*27:05,t_cells
VRLGSLSTK,HLA-B*27:05,t_cells
IVTDFSVIK,HLA-B*27:05,t_cells
LRRYLENGK,HLA-B*27:05,t_cells
GRKPPLLKK,HLA-B*27:05,t_cells
ASFEAQGALANIAVDKA,HLA-B*27:05,t_cells
GRAPQVLVL,HLA-B*27:05,t_cells
RPKSNIVLL,HLA-B*27:05,t_cells
RPPIFIRRL,HLA-B*27:05,t_cells
RRKWRRWHL,HLA-B*27:05,t_cells
RRYQKSTEL,HLA-B*27:05,t_cells
RVYNNTARY,HLA-B*27:05,t_cells
SQFGGGSQY,HLA-B*27:05,t_cells
VMAPRTLIL,HLA-B*27:05,t_cells
YMIDPSGVSY,HLA-B*27:05,t_cells
RRYQKSTEL,HLA-B*39:01,b_cells
RRYQKSTEL,HLA-B*39:01,t_cells
AEHIESRTL,HLA-B*40:02,t_cells
LEKQLIEL,HLA-B*40:02,t_cells
GEISEKAKL,HLA-B*40:02,t_cells
ALWGFFPVL,HLA-B*40:02,t_cells
GLAEDLAAL,HLA-B*40:02,t_cells
EVDPIGHLY,HLA-B*58:01,t_cells
ITARPVLW,HLA-B*58:01,t_cells
RPKSNIVLL,HLA-B*58:01,t_cells
RPPIFIRRL,HLA-B*58:01,t_cells
RVYNNTARY,HLA-B*58:01,t_cells
SQFGGGSQY,HLA-B*58:01,t_cells
VMAPRTLIL,HLA-B*58:01,t_cells
TSIANLPKL,HLA-B*58:01,t_cells
YMIDPSGVSY,HLA-B*58:01,t_cells
EVDPIGHLY,HLA-B*15:01,t_cells
SVKPASSSF,HLA-B*15:01,t_cells
EQYEQILAF,HLA-B*15:01,t_cells
YLYGQTTTY,HLA-B*15:01,t_cells
FLFDGSPTY,HLA-B*15:01,t_cells
NVIRDAVTY,HLA-B*15:01,t_cells
QLGPVGGVF,HLA-B*15:01,t_cells
SLFVSNHAY,HLA-B*15:01,t_cells
RINEFSISSF,HLA-B*15:01,t_cells
RPKSNIVLL,HLA-B*15:01,t_cells
RPPIFIRRL,HLA-B*15:01,t_cells
RVYNNTARY,HLA-B*15:01,t_cells
SQFGGGSQY,HLA-B*15:01,t_cells
VMAPRTLIL,HLA-B*15:01,t_cells
VMAPRTLVL,HLA-B*15:01,t_cells
YMIDPSGVSY,HLA-B*15:01,t_cells
PSLRTLEDNEERMSR,HLA-DRB1*01:01,b_cells
RSFTLASSETGVG,HLA-DRB1*01:01,b_cells
DENPVVHFFKNIVTPRTPP,HLA-DRB1*01:01,b_cells
AQGTLSKIFKLGGRDSRSGSPMARR,HLA-DRB1*01:01,b_cells
KYLATASTMDHARHGFLPRH,HLA-DRB1*01:01,b_cells
TASSYFTNMFATWSPSKARL,HLA-DRB1*01:01,b_cells
ENRSWYLTENIQRFLPNPAG,HLA-DRB1*01:01,b_cells
FPILPGEIFKYKWTVTVEDG,HLA-DRB1*01:01,b_cells
RDLASGLIGPLLICYKESVD,HLA-DRB1*01:01,b_cells
APDRKGFRLLLASPRSCYKL,HLA-DRB1*01:01,b_cells
FEEYGKIDTIEIIT,HLA-DRB1*01:01,b_cells
GEVHCGTNVRRKPFSFKWWNMVP,HLA-DRB1*01:01,b_cells
ITRTGKVKPTRAVKDQRTWT,HLA-DRB1*01:01,b_cells
LHVARSEMDKVRVFQATRGK,HLA-DRB1*01:01,b_cells
LSSKCSVVLGPKWPSHYLMV,HLA-DRB1*01:01,b_cells
LVNCDRDNLESSAMDCEDDE,HLA-DRB1*01:01,b_cells
PEQPTHAVCVLGTLTQLDIC,HLA-DRB1*01:01,b_cells
PFGPVINGRCCLEEKVCSLL,HLA-DRB1*01:01,b_cells
VRVFQATRGKLSSKCSVVLG,HLA-DRB1*01:01,b_cells
KLKLYTGEACRTGDR,HLA-DRB1*01:01,b_cells
LVNSSQPWEPLQLHV,HLA-DRB1*01:01,b_cells
ASFEAQGALANIAVDKA,HLA-DRB1*01:01,b_cells
RRYQKSTEL,HLA-DRB1*01:01,b_cells
VHFFKNIVTPRTP,HLA-DRB1*01:01,b_cells
PSLRTLEDNEERMSR,HLA-DRB1*01:01,t_cells
RSFTLASSETGVG,HLA-DRB1*01:01,t_cells
DPGVEVTLTMKVASGSTGDQ,HLA-DRB1*01:01,t_cells
TGVEISLCADITRTGKVKPT,HLA-DRB1*01:01,t_cells
AGWLADQTVRYPI,HLA-DRB1*01:01,t_cells
GAYYGSGTPSSFPTV,HLA-DRB1*01:01,t_cells
PEFSGLPSGIAEV,HLA-DRB1*01:01,t_cells
REEVFDERAANFENH,HLA-DRB1*01:01,t_cells
SGLPSGEVLETSA,HLA-DRB1*01:01,t_cells
LYSLSSVVTVPSSSL,HLA-DRB1*01:01,t_cells
DENPVVHFFKNIVTPRTPP,HLA-DRB1*01:01,t_cells
AQGTLSKIFKLGGRDSRSGSPMARR,HLA-DRB1*01:01,t_cells
KYLATASTMDHARHGFLPRH,HLA-DRB1*01:01,t_cells
GSGKDSHHPARTAHYGSLPQ,HLA-DRB1*01:01,t_cells
GFGYGGRASDYKSAHKGFKG,HLA-DRB1*01:01,t_cells
NNYKTTPPVLDSDGS,HLA-DRB1*01:01,t_cells
TSICSLYQLENYCN,HLA-DRB1*01:01,t_cells
DAQITASSYFTNMFATWSP,HLA-DRB1*01:01,t_cells
SYFTNMFATWSPSKARLHLQ,HLA-DRB1*01:01,t_cells
SYFTNMFPTWSPSKARLHLQ,HLA-DRB1*01:01,t_cells
TASSYFTNMFATWSPSKARL,HLA-DRB1*01:01,t_cells
VVLLVATEGRVRVNSAYQDK,HLA-DRB1*01:01,t_cells
CLVKDYFPEPVTVSW,HLA-DRB1*01:01,t_cells
ENRSWYLTENIQRFLPNPAG,HLA-DRB1*01:01,t_cells
FPILPGEIFKYKWTVTVEDG,HLA-DRB1*01:01,t_cells
RDLASGLIGPLLICYKESVD,HLA-DRB1*01:01,t_cells
LQSSGLYSLSSVVTV,HLA-DRB1*01:01,t_cells
PPKPKDTLMISRTPE,HLA-DRB1*01:01,t_cells
SCSVMHEALHNHYTQ,HLA-DRB1*01:01,t_cells
SVFLFPPKPKDTLMI,HLA-DRB1*01:01,t_cells
SVLTVLHQDWLNGKE,HLA-DRB1*01:01,t_cells
SVVTVPSSSLGTQTY,HLA-DRB1*01:01,t_cells
TFPAVLQSSGLYSLS,HLA-DRB1*01:01,t_cells
TPPVLDSDGSFFLYS,HLA-DRB1*01:01,t_cells
APDRKGFRLLLASPRSCYKL,HLA-DRB1*01:01,t_cells
FEEYGKIDTIEIIT,HLA-DRB1*01:01,t_cells
GEVHCGTNVRRKPFSFKWWNMVP,HLA-DRB1*01:01,t_cells
ITRTGKVKPTRAVKDQRTWT,HLA-DRB1*01:01,t_cells
LHVARSEMDKVRVFQATRGK,HLA-DRB1*01:01,t_cells
LSSKCSVVLGPKWPSHYLMV,HLA-DRB1*01:01,t_cells
LVNCDRDNLESSAMDCEDDE,HLA-DRB1*01:01,t_cells
PEQPTHAVCVLGTLTQLDIC,HLA-DRB1*01:01,t_cells
PFGPVINGRCCLEEKVCSLL,HLA-DRB1*01:01,t_cells
VRVFQATRGKLSSKCSVVLG,HLA-DRB1*01:01,t_cells
DLLEQRRAAVDTYCRHNYGVGESFT,HLA-DRB1*01:01,t_cells
DVGEYRAVTELGRPDAEYWN,HLA-DRB1*01:01,t_cells
GDTRPRFLWQLKFECHFFNG,HLA-DRB1*01:01,t_cells
TERVRLLERCIYNQEESVRFDS,HLA-DRB1*01:01,t_cells
TPTLVEVSRNLGK,HLA-DRB1*01:01,t_cells
ALGAQKEAISPPDAA,HLA-DRB1*01:01,t_cells
APPRLICDSRVLERY,HLA-DRB1*01:01,t_cells
DKAVSGLRSLTTLLR,HLA-DRB1*01:01,t_cells
DTFRKLFRVYSNFLR,HLA-DRB1*01:01,t_cells
EAENITTGCAEHCSL,HLA-DRB1*01:01,t_cells
EHCSLNENITVPDTK,HLA-DRB1*01:01,t_cells
GLALLSEAVLRGQAL,HLA-DRB1*01:01,t_cells
GLRSLTTLLRALGAQ,HLA-DRB1*01:01,t_cells
ICDSRVLERYLLEAK,HLA-DRB1*01:01,t_cells
KEAISPPDAASAAPL,HLA-DRB1*01:01,t_cells
KLKLYTGEACRTGDR,HLA-DRB1*01:01,t_cells
LFRVYSNFLRGKLKL,HLA-DRB1*01:01,t_cells
LLEAKEAENITTGCA,HLA-DRB1*01:01,t_cells
LQLHVDKAVSGLRSL,HLA-DRB1*01:01,t_cells
LVNSSQPWEPLQLHV,HLA-DRB1*01:01,t_cells
NENITVPDTKVNFYA,HLA-DRB1*01:01,t_cells
PPDAASAAPLRTITA,HLA-DRB1*01:01,t_cells
QPWEPLQLHVDKAVS,HLA-DRB1*01:01,t_cells
RGQALLVNSSQPWEP,HLA-DRB1*01:01,t_cells
RTITADTFRKLFRVY,HLA-DRB1*01:01,t_cells
SAAPLRTITADTFRK,HLA-DRB1*01:01,t_cells
SEAVLRGQALLVNSS,HLA-DRB1*01:01,t_cells
SNFLRGKLKLYTGEA,HLA-DRB1*01:01,t_cells
TTGCAEHCSLNENIT,HLA-DRB1*01:01,t_cells
TTLLRALGAQKEAIS,HLA-DRB1*01:01,t_cells
VEVWQGLALLSEAVL,HLA-DRB1*01:01,t_cells
VGQQAVEVWQGLALL,HLA-DRB1*01:01,t_cells
VLERYLLEAKEAENI,HLA-DRB1*01:01,t_cells
VNFYAWKRMEVGQQA,HLA-DRB1*01:01,t_cells
VPDTKVNFYAWKRME,HLA-DRB1*01:01,t_cells
WKRMEVGQQAVEVWQ,HLA-DRB1*01:01,t_cells
RVEYHFLSPYVSPK,HLA-DRB1*01:01,t_cells
GVYATRSSAVRLR,HLA-DRB1*01:01,t_cells
AGWLADRSVRYPI,HLA-DRB1*01:01,t_cells
EEQYNSTYRVVSVLTVLHQDW,HLA-DRB1*01:01,t_cells
CKKYKIWMHVDAAWGGGLL,HLA-DRB1*01:01,t_cells
DVNYAFLHATDLLPACDG,HLA-DRB1*01:01,t_cells
GAISNMYAMMIARFKMFPEVKEKGM,HLA-DRB1*01:01,t_cells
GGLLMSRKHKWKLSGVERANSVTW,HLA-DRB1*01:01,t_cells
HPRYFNQLSTGLDMVG,HLA-DRB1*01:01,t_cells
SALLVREEGLMQNCNQMHAS,HLA-DRB1*01:01,t_cells
TTVYGAFDPLLAVAD,HLA-DRB1*01:01,t_cells
VCFWYIPPSLRTLED,HLA-DRB1*01:01,t_cells
VDVFKLWLMWRAKGTTGFEAH,HLA-DRB1*01:01,t_cells
YLYNIIKNREGYEMVFD,HLA-DRB1*01:01,t_cells
ASYILIRDTHSLRTT,HLA-DRB1*01:01,t_cells
KRIAKAVNEKSCNCL,HLA-DRB1*01:01,t_cells
GTWYLKAMTVDREFPE,HLA-DRB1*01:01,t_cells
HYIFYCEGELHGKPVR,HLA-DRB1*01:01,t_cells
KPVRGVKLVGRDPKNNL,HLA-DRB1*01:01,t_cells
LEAKVTMLISGRCQEVK,HLA-DRB1*01:01,t_cells
MNLESVTPMTLTTLEGGNL,HLA-DRB1*01:01,t_cells
PGKYTADGGKHVAYII,HLA-DRB1*01:01,t_cells
GKQLYNVEATSYALLALLQLKDFD,HLA-DRB1*01:01,t_cells
QATFMVFQALAQYQKDAP,HLA-DRB1*01:01,t_cells
VPPVVRWLNEQRYYGGGY,HLA-DRB1*01:01,t_cells
ILDKKVEKV,HLA-DRB1*01:01,t_cells
ASFEAQGALANIAVDKA,HLA-DRB1*01:01,t_cells
EEFGRFASFEAQGAL,HLA-DRB1*01:01,t_cells
VPNYKLITPAVVSER,HLA-DRB1*01:01,t_cells
TYRVVSVLTVLHQDW,HLA-DRB1*01:01,t_cells
RRYQKSTEL,HLA-DRB1*01:01,t_cells
TAALGCLVKDYFPEP,HLA-DRB1*01:01,t_cells
GWISLWKGFSF,HLA-DRB1*01:01,t_cells
VHFFKNIVTPRTP,HLA-DRB1*01:01,t_cells
EGFLKAQASLRGQYW,HLA-DRB1*01:01,t_cells
GDMLLLWGRLTWRKM,HLA-DRB1*01:01,t_cells
GSLLKTLPPARCRAG,HLA-DRB1*01:01,t_cells
EQNMIGMTPTVIAVHY,HLA-DRB1*01:01,t_cells
LELIKKGYTQQLAFRQPSSAF,HLA-DRB1*01:01,t_cells
SSAFAAFVKRAPSTWLTAY,HLA-DRB1*01:01,t_cells
PSLRTLEDNEERMSR,HLA-DRB1*03:01,b_cells
KYLATASTMDHARHGFLPRH,HLA-DRB1*03:01,b_cells
CNESSMQSLRQRKSVNALNS,HLA-DRB1*03:01,b_cells
DKDAFGGVYSGPSLLD,HLA-DRB1*03:01,b_cells
ECHQEEDFRVTCKDIQRIPS,HLA-DRB1*03:01,b_cells
EEQEDEIIGFGQELKNPQEE,HLA-DRB1*03:01,b_cells
FKNQKKIRGILESLMCNESS,HLA-DRB1*03:01,b_cells
FQDTHNNAHYYVFFEEQEDE,HLA-DRB1*03:01,b_cells
FQGLCNETLTLKLYN,HLA-DRB1*03:01,b_cells
GPSLLDVSQTSVTALP,HLA-DRB1*03:01,b_cells
HLKELIARNTWTLKKL,HLA-DRB1*03:01,b_cells
KLYNNGFTSVQGYAFN,HLA-DRB1*03:01,b_cells
KNPQEETLQAFDSHYDYTIC,HLA-DRB1*03:01,b_cells
LKLIETHLRTIPSHAFSNL,HLA-DRB1*03:01,b_cells
TKVYSTDIFFILEITDNPY,HLA-DRB1*03:01,b_cells
WTLKKLPLSLSFLHLTRADL,HLA-DRB1*03:01,b_cells
YDYTICGDSEDMVCTPKSDE,HLA-DRB1*03:01,b_cells
LNKNKYLTVIDKDAFG,HLA-DRB1*03:01,b_cells
YAFNGTKLDAVYLNKN,HLA-DRB1*03:01,b_cells
TASSYFTNMFATWSPSKARL,HLA-DRB1*03:01,b_cells
ENRSWYLTENIQRFLPNPAG,HLA-DRB1*03:01,b_cells
KLKLYTGEACRTGDR,HLA-DRB1*03:01,b_cells
LVNSSQPWEPLQLHV,HLA-DRB1*03:01,b_cells
MNILLQYVVKSFD,HLA-DRB1*03:01,t_cells
SLQPLALEGSLQKRG,HLA-DRB1*03:01,t_cells
LVEALYLVCGERGFF,HLA-DRB1*03:01,t_cells
PSLRTLEDNEERMSR,HLA-DRB1*03:01,t_cells
LYSLSSVVTVPSSSL,HLA-DRB1*03:01,t_cells
KYLATASTMDHARHGFLPRH,HLA-DRB1*03:01,t_cells
GSGKDSHHPARTAHYGSLPQ,HLA-DRB1*03:01,t_cells
GFGYGGRASDYKSAHKGFKG,HLA-DRB1*03:01,t_cells
CNESSMQSLRQRKSVNALNS,HLA-DRB1*03:01,t_cells
DKDAFGGVYSGPSLLD,HLA-DRB1*03:01,t_cells
ECHQEEDFRVTCKDIQRIPS,HLA-DRB1*03:01,t_cells
EEQEDEIIGFGQELKNPQEE,HLA-DRB1*03:01,t_cells
FKNQKKIRGILESLMCNESS,HLA-DRB1*03:01,t_cells
FQDTHNNAHYYVFFEEQEDE,HLA-DRB1*03:01,t_cells
FQGLCNETLTLKLYN,HLA-DRB1*03:01,t_cells
GPSLLDVSQTSVTALP,HLA-DRB1*03:01,t_cells
HLKELIARNTWTLKKL,HLA-DRB1*03:01,t_cells
KLYNNGFTSVQGYAFN,HLA-DRB1*03:01,t_cells
KNPQEETLQAFDSHYDYTIC,HLA-DRB1*03:01,t_cells
LKLIETHLRTIPSHAFSNL,HLA-DRB1*03:01,t_cells
LTRADLSYPSHCCAFKNQKK,HLA-DRB1*03:01,t_cells
TKVYSTDIFFILEITDNPY,HLA-DRB1*03:01,t_cells
WTLKKLPLSLSFLHLTRADL,HLA-DRB1*03:01,t_cells
YDYTICGDSEDMVCTPKSDE,HLA-DRB1*03:01,t_cells
NNYKTTPPVLDSDGS,HLA-DRB1*03:01,t_cells
LNKNKYLTVIDKDAFG,HLA-DRB1*03:01,t_cells
YAFNGTKLDAVYLNKN,HLA-DRB1*03:01,t_cells
TSICSLYQLENYCN,HLA-DRB1*03:01,t_cells
TASSYFTNMFATWSPSKARL,HLA-DRB1*03:01,t_cells
VIVMLTPLVEDGV,HLA-DRB1*03:01,t_cells
VVLLVATEGRVRVNSAYQDK,HLA-DRB1*03:01,t_cells
CLVKDYFPEPVTVSW,HLA-DRB1*03:01,t_cells
ENRSWYLTENIQRFLPNPAG,HLA-DRB1*03:01,t_cells
LQSSGLYSLSSVVTV,HLA-DRB1*03:01,t_cells
PPKPKDTLMISRTPE,HLA-DRB1*03:01,t_cells
SCSVMHEALHNHYTQ,HLA-DRB1*03:01,t_cells
SVFLFPPKPKDTLMI,HLA-DRB1*03:01,t_cells
SVLTVLHQDWLNGKE,HLA-DRB1*03:01,t_cells
SVVTVPSSSLGTQTY,HLA-DRB1*03:01,t_cells
TFPAVLQSSGLYSLS,HLA-DRB1*03:01,t_cells
TPPVLDSDGSFFLYS,HLA-DRB1*03:01,t_cells
ALGAQKEAISPPDAA,HLA-DRB1*03:01,t_cells
APPRLICDSRVLERY,HLA-DRB1*03:01,t_cells
DKAVSGLRSLTTLLR,HLA-DRB1*03:01,t_cells
DTFRKLFRVYSNFLR,HLA-DRB1*03:01,t_cells
EAENITTGCAEHCSL,HLA-DRB1*03:01,t_cells
EHCSLNENITVPDTK,HLA-DRB1*03:01,t_cells
GLALLSEAVLRGQAL,HLA-DRB1*03:01,t_cells
GLRSLTTLLRALGAQ,HLA-DRB1*03:01,t_cells
ICDSRVLERYLLEAK,HLA-DRB1*03:01,t_cells
KEAISPPDAASAAPL,HLA-DRB1*03:01,t_cells
KLKLYTGEACRTGDR,HLA-DRB1*03:01,t_cells
LFRVYSNFLRGKLKL,HLA-DRB1*03:01,t_cells
LLEAKEAENITTGCA,HLA-DRB1*03:01,t_cells
LQLHVDKAVSGLRSL,HLA-DRB1*03:01,t_cells
LVNSSQPWEPLQLHV,HLA-DRB1*03:01,t_cells
NENITVPDTKVNFYA,HLA-DRB1*03:01,t_cells
PPDAASAAPLRTITA,HLA-DRB1*03:01,t_cells
QPWEPLQLHVDKAVS,HLA-DRB1*03:01,t_cells
RGQALLVNSSQPWEP,HLA-DRB1*03:01,t_cells
RTITADTFRKLFRVY,HLA-DRB1*03:01,t_cells
SAAPLRTITADTFRK,HLA-DRB1*03:01,t_cells
SEAVLRGQALLVNSS,HLA-DRB1*03:01,t_cells
SNFLRGKLKLYTGEA,HLA-DRB1*03:01,t_cells
TTGCAEHCSLNENIT,HLA-DRB1*03:01,t_cells
TTLLRALGAQKEAIS,HLA-DRB1*03:01,t_cells
VEVWQGLALLSEAVL,HLA-DRB1*03:01,t_cells
VGQQAVEVWQGLALL,HLA-DRB1*03:01,t_cells
VLERYLLEAKEAENI,HLA-DRB1*03:01,t_cells
VNFYAWKRMEVGQQA,HLA-DRB1*03:01,t_cells
VPDTKVNFYAWKRME,HLA-DRB1*03:01,t_cells
WKRMEVGQQAVEVWQ,HLA-DRB1*03:01,t_cells
GNLVMSPLFISTFTL,HLA-DRB1*03:01,t_cells
KQNSAFINDEKNGADGK,HLA-DRB1*03:01,t_cells
LLILRAIPEGIRDKGAK,HLA-DRB1*03:01,t_cells
LLILRAIPKGIRDKGAK,HLA-DRB1*03:01,t_cells
PGGQSLKLVVPDSTQNL,HLA-DRB1*03:01,t_cells
EEQYNSTYRVVSVLTVLHQDW,HLA-DRB1*03:01,t_cells
GTWYLKAMTVDREFPE,HLA-DRB1*03:01,t_cells
HYIFYCEGELHGKPVR,HLA-DRB1*03:01,t_cells
KPVRGVKLVGRDPKNNL,HLA-DRB1*03:01,t_cells
LEAKVTMLISGRCQEVK,HLA-DRB1*03:01,t_cells
MNLESVTPMTLTTLEGGNL,HLA-DRB1*03:01,t_cells
PGKYTADGGKHVAYII,HLA-DRB1*03:01,t_cells
DIMRVNVDKVLERDQKL,HLA-DRB1*03:01,t_cells
VDKVLERDQKLSELDDR,HLA-DRB1*03:01,t_cells
GKQLYNVEATSYALLALLQLKDFD,HLA-DRB1*03:01,t_cells
QATFMVFQALAQYQKDAP,HLA-DRB1*03:01,t_cells
VPPVVRWLNEQRYYGGGY,HLA-DRB1*03:01,t_cells
TYRVVSVLTVLHQDW,HLA-DRB1*03:01,t_cells
TAALGCLVKDYFPEP,HLA-DRB1*03:01,t_cells
NFFRMVISNPAAT,HLA-DRB1*04:01,b_cells
YVVKSFDRSTKVIDFHYPNE,HLA-DRB1*04:01,b_cells
PSLRTLEDNEERMSR,HLA-DRB1*04:01,b_cells
RSFTLASSETGVG,HLA-DRB1*04:01,b_cells
DENPVVHFFKNIVTPRTPP,HLA-DRB1*04:01,b_cells
KYLATASTMDHARHGFLPRH,HLA-DRB1*04:01,b_cells
RIHMVYSKRSGKPRGYAFIEY,HLA-DRB1*04:01,b_cells
TASSYFTNMFATWSPSKARL,HLA-DRB1*04:01,b_cells
ENRSWYLTENIQRFLPNPAG,HLA-DRB1*04:01,b_cells
FDRYRLNYSLPTGQW,HLA-DRB1*04:01,b_cells
PDGFRLSWTADEGVF,HLA-DRB1*04:01,b_cells
QGQYELRVDLRDHGE,HLA-DRB1*04:01,b_cells
VESFRITYVPITGGT,HLA-DRB1*04:01,b_cells
VSLISRRGDMSSNPA,HLA-DRB1*04:01,b_cells
ENPVVHFFKNIVTPR,HLA-DRB1*04:01,b_cells
APDRKGFRLLLASPRSCYKL,HLA-DRB1*04:01,b_cells
FEEYGKIDTIEIIT,HLA-DRB1*04:01,b_cells
GEVHCGTNVRRKPFSFKWWNMVP,HLA-DRB1*04:01,b_cells
ITRTGKVKPTRAVKDQRTWT,HLA-DRB1*04:01,b_cells
LHVARSEMDKVRVFQATRGK,HLA-DRB1*04:01,b_cells
LSSKCSVVLGPKWPSHYLMV,HLA-DRB1*04:01,b_cells
LVNCDRDNLESSAMDCEDDE,HLA-DRB1*04:01,b_cells
PEQPTHAVCVLGTLTQLDIC,HLA-DRB1*04:01,b_cells
PFGPVINGRCCLEEKVCSLL,HLA-DRB1*04:01,b_cells
VRVFQATRGKLSSKCSVVLG,HLA-DRB1*04:01,b_cells
KLKLYTGEACRTGDR,HLA-DRB1*04:01,b_cells
LVNSSQPWEPLQLHV,HLA-DRB1*04:01,b_cells
RSTMKPVQKVLEDSDLKKSD,HLA-DRB1*04:01,b_cells
KDLLEQKRAAVDTYC,HLA-DRB1*04:01,b_cells
VHFFKNIVTPRTP,HLA-DRB1*04:01,b_cells
MNILLQYVVKSFD,HLA-DRB1*04:01,t_cells
NFFRMVISNPAAT,HLA-DRB1*04:01,t_cells
SLQPLALEGSLQKRG,HLA-DRB1*04:01,t_cells
HLVEALYLVCGERGFF,HLA-DRB1*04:01,t_cells
NTNMFTYEIAPVFVLLEYVT,HLA-DRB1*04:01,t_cells
YVVKSFDRSTKVIDFHYPNE,HLA-DRB1*04:01,t_cells
AGSLQPLALEGSLQKRG,HLA-DRB1*04:01,t_cells
LVEALYLVCGERGFF,HLA-DRB1*04:01,t_cells
PGGAISNMYAMMIARFKMFP,HLA-DRB1*04:01,t_cells
FYLKNVQTQETRTLTQFHF,HLA-DRB1*04:01,t_cells
GSLQPLALEGSLQKRGIV,HLA-DRB1*04:01,t_cells
LAKEWQALCAYQAEPNTCATAQG,HLA-DRB1*04:01,t_cells
LKVESSPSRSDYINASPII,HLA-DRB1*04:01,t_cells
MVWESGCTVIVMLTPLVEDGV,HLA-DRB1*04:01,t_cells
PSLRTLEDNEERMSR,HLA-DRB1*04:01,t_cells
SKDQFEFALTAVAEEVNAILK,HLA-DRB1*04:01,t_cells
VSSQFSDAAQASPSSHSS,HLA-DRB1*04:01,t_cells
DERGKMIPSDLERRILEAKQ,HLA-DRB1*04:01,t_cells
RSFTLASSETGVG,HLA-DRB1*04:01,t_cells
DPGVEVTLTMKVASGSTGDQ,HLA-DRB1*04:01,t_cells
TGVEISLCADITRTGKVKPT,HLA-DRB1*04:01,t_cells
AGWLADGSLRYPI,HLA-DRB1*04:01,t_cells
AGWLADQTVRYPI,HLA-DRB1*04:01,t_cells
DAGWLRDQTVRYPIVSPRT,HLA-DRB1*04:01,t_cells
GAYYGSGTPSSFPTV,HLA-DRB1*04:01,t_cells
PAYTPVGTSPLPGI,HLA-DRB1*04:01,t_cells
PEFSGLPSGIAEV,HLA-DRB1*04:01,t_cells
PNYPAIPSDATLE,HLA-DRB1*04:01,t_cells
REEVFDERAANFENH,HLA-DRB1*04:01,t_cells
SGLPSGEVLETSA,HLA-DRB1*04:01,t_cells
TEWEPAYTPVGTS,HLA-DRB1*04:01,t_cells
KVQWKVDNALQSGNS,HLA-DRB1*04:01,t_cells
LSSWTAADTAAQITQ,HLA-DRB1*04:01,t_cells
LYSLSSVVTVPSSSL,HLA-DRB1*04:01,t_cells
DENPVVHFFKNIVTPRTPP,HLA-DRB1*04:01,t_cells
KYLATASTMDHARHGFLPRH,HLA-DRB1*04:01,t_cells
GSGKDSHHPARTAHYGSLPQ,HLA-DRB1*04:01,t_cells
GFGYGGRASDYKSAHKGFKG,HLA-DRB1*04:01,t_cells
RIHMVYSKRSGKPRGYAFIEY,HLA-DRB1*04:01,t_cells
VFLCLQYRLRGKLRAE,HLA-DRB1*04:01,t_cells
LPNFSSLNLRETNLDSLPL,HLA-DRB1*04:01,t_cells
NNYKTTPPVLDSDGS,HLA-DRB1*04:01,t_cells
TSICSLYQLENYCN,HLA-DRB1*04:01,t_cells
DAQITASSYFTNMFATWSP,HLA-DRB1*04:01,t_cells
SYFTNMFATWSPSKARLHLQ,HLA-DRB1*04:01,t_cells
SYFTNMFPTWSPSKARLHLQ,HLA-DRB1*04:01,t_cells
TASSYFTNMFATWSPSKARL,HLA-DRB1*04:01,t_cells
VIVMLTPLVEDGV,HLA-DRB1*04:01,t_cells
VVLLVATEGRVRVNSAYQDK,HLA-DRB1*04:01,t_cells
CLVKDYFPEPVTVSW,HLA-DRB1*04:01,t_cells
ENRSWYLTENIQRFLPNPAG,HLA-DRB1*04:01,t_cells
LQSSGLYSLSSVVTV,HLA-DRB1*04:01,t_cells
PPKPKDTLMISRTPE,HLA-DRB1*04:01,t_cells
SCSVMHEALHNHYTQ,HLA-DRB1*04:01,t_cells
SVFLFPPKPKDTLMI,HLA-DRB1*04:01,t_cells
SVLTVLHQDWLNGKE,HLA-DRB1*04:01,t_cells
SVVTVPSSSLGTQTY,HLA-DRB1*04:01,t_cells
TFPAVLQSSGLYSLS,HLA-DRB1*04:01,t_cells
TPPVLDSDGSFFLYS,HLA-DRB1*04:01,t_cells
FDRYRLNYSLPTGQW,HLA-DRB1*04:01,t_cells
PDGFRLSWTADEGVF,HLA-DRB1*04:01,t_cells
QGQYELRVDLRDHGE,HLA-DRB1*04:01,t_cells
VESFRITYVPITGGT,HLA-DRB1*04:01,t_cells
VSLISRRGDMSSNPA,HLA-DRB1*04:01,t_cells
ENPVVHFFKNIVTPR,HLA-DRB1*04:01,t_cells
APDRKGFRLLLASPRSCYKL,HLA-DRB1*04:01,t_cells
FEEYGKIDTIEIIT,HLA-DRB1*04:01,t_cells
GEVHCGTNVRRKPFSFKWWNMVP,HLA-DRB1*04:01,t_cells
ITRTGKVKPTRAVKDQRTWT,HLA-DRB1*04:01,t_cells
LHVARSEMDKVRVFQATRGK,HLA-DRB1*04:01,t_cells
LSSKCSVVLGPKWPSHYLMV,HLA-DRB1*04:01,t_cells
LVNCDRDNLESSAMDCEDDE,HLA-DRB1*04:01,t_cells
PEQPTHAVCVLGTLTQLDIC,HLA-DRB1*04:01,t_cells
PFGPVINGRCCLEEKVCSLL,HLA-DRB1*04:01,t_cells
VRVFQATRGKLSSKCSVVLG,HLA-DRB1*04:01,t_cells
DVMNILLQYVVKSFDRSTKV,HLA-DRB1*04:01,t_cells
KVNFFRMVISNPAATHQDID,HLA-DRB1*04:01,t_cells
GKLYGIRDVRSTRDR,HLA-DRB1*04:01,t_cells
HVDVFKLWLMWRAKGTTGFE,HLA-DRB1*04:01,t_cells
IAPVFVLLEYVTLKKMREII,HLA-DRB1*04:01,t_cells
ICKKYKIWMHVDAAWGGGLL,HLA-DRB1*04:01,t_cells
KGMAALPRLIAFTSEHSHFS,HLA-DRB1*04:01,t_cells
LRTLEDNEERMSRLSKVAPV,HLA-DRB1*04:01,t_cells
PLLALLALWGPDPAAAFVNQ,HLA-DRB1*04:01,t_cells
SDLERRILEAKQKGFVPFLV,HLA-DRB1*04:01,t_cells
VAPVIKARMMEYGTTMVSYQ,HLA-DRB1*04:01,t_cells
YAMMIARFKMFPEVKEKGMA,HLA-DRB1*04:01,t_cells
ALGAQKEAISPPDAA,HLA-DRB1*04:01,t_cells
APPRLICDSRVLERY,HLA-DRB1*04:01,t_cells
DKAVSGLRSLTTLLR,HLA-DRB1*04:01,t_cells
DTFRKLFRVYSNFLR,HLA-DRB1*04:01,t_cells
EAENITTGCAEHCSL,HLA-DRB1*04:01,t_cells
EHCSLNENITVPDTK,HLA-DRB1*04:01,t_cells
GLALLSEAVLRGQAL,HLA-DRB1*04:01,t_cells
GLRSLTTLLRALGAQ,HLA-DRB1*04:01,t_cells
ICDSRVLERYLLEAK,HLA-DRB1*04:01,t_cells
KEAISPPDAASAAPL,HLA-DRB1*04:01,t_cells
KLKLYTGEACRTGDR,HLA-DRB1*04:01,t_cells
LFRVYSNFLRGKLKL,HLA-DRB1*04:01,t_cells
LLEAKEAENITTGCA,HLA-DRB1*04:01,t_cells
LQLHVDKAVSGLRSL,HLA-DRB1*04:01,t_cells
LVNSSQPWEPLQLHV,HLA-DRB1*04:01,t_cells
NENITVPDTKVNFYA,HLA-DRB1*04:01,t_cells
PPDAASAAPLRTITA,HLA-DRB1*04:01,t_cells
QPWEPLQLHVDKAVS,HLA-DRB1*04:01,t_cells
RGQALLVNSSQPWEP,HLA-DRB1*04:01,t_cells
RTITADTFRKLFRVY,HLA-DRB1*04:01,t_cells
SAAPLRTITADTFRK,HLA-DRB1*04:01,t_cells
SEAVLRGQALLVNSS,HLA-DRB1*04:01,t_cells
SNFLRGKLKLYTGEA,HLA-DRB1*04:01,t_cells
TTGCAEHCSLNENIT,HLA-DRB1*04:01,t_cells
TTLLRALGAQKEAIS,HLA-DRB1*04:01,t_cells
VEVWQGLALLSEAVL,HLA-DRB1*04:01,t_cells
VGQQAVEVWQGLALL,HLA-DRB1*04:01,t_cells
VLERYLLEAKEAENI,HLA-DRB1*04:01,t_cells
VNFYAWKRMEVGQQA,HLA-DRB1*04:01,t_cells
VPDTKVNFYAWKRME,HLA-DRB1*04:01,t_cells
WKRMEVGQQAVEVWQ,HLA-DRB1*04:01,t_cells
GVYATRSSAVRLR,HLA-DRB1*04:01,t_cells
GVYATRSSAVRLRSSVPGVR,HLA-DRB1*04:01,t_cells
RSTMKPVQKVLEDSDLKKSD,HLA-DRB1*04:01,t_cells
AGWLADRSVRYPI,HLA-DRB1*04:01,t_cells
EEQYNSTYRVVSVLTVLHQDW,HLA-DRB1*04:01,t_cells
CKKYKIWMHVDAAWGGGLL,HLA-DRB1*04:01,t_cells
DVNYAFLHATDLLPACDG,HLA-DRB1*04:01,t_cells
EKGMAALPRLIAFTSEHSHFSLKK,HLA-DRB1*04:01,t_cells
GAISNMYAMMIARFKMFPEVKEKGM,HLA-DRB1*04:01,t_cells
GGLLMSRKHKWKLSGVERANSVTW,HLA-DRB1*04:01,t_cells
HPRYFNQLSTGLDMVG,HLA-DRB1*04:01,t_cells
LGDKVNFFRMVISNPAATHQD,HLA-DRB1*04:01,t_cells
NMFTYEIAPVFVLLEYVTLKKMRE,HLA-DRB1*04:01,t_cells
SALLVREEGLMQNCNQMHAS,HLA-DRB1*04:01,t_cells
TTVYGAFDPLLAVAD,HLA-DRB1*04:01,t_cells
VCFWYIPPSLRTLED,HLA-DRB1*04:01,t_cells
VDVFKLWLMWRAKGTTGFEAH,HLA-DRB1*04:01,t_cells
YLYNIIKNREGYEMVFD,HLA-DRB1*04:01,t_cells
KRIAKAVNEKSCNCL,HLA-DRB1*04:01,t_cells
GTWYLKAMTVDREFPE,HLA-DRB1*04:01,t_cells
HYIFYCEGELHGKPVR,HLA-DRB1*04:01,t_cells
KPVRGVKLVGRDPKNNL,HLA-DRB1*04:01,t_cells
LEAKVTMLISGRCQEVK,HLA-DRB1*04:01,t_cells
MNLESVTPMTLTTLEGGNL,HLA-DRB1*04:01,t_cells
PGKYTADGGKHVAYII,HLA-DRB1*04:01,t_cells
DAGSYKAQINQRNFE,HLA-DRB1*04:01,t_cells
GKQLYNVEATSYALLALLQLKDFD,HLA-DRB1*04:01,t_cells
QATFMVFQALAQYQKDAP,HLA-DRB1*04:01,t_cells
VPPVVRWLNEQRYYGGGY,HLA-DRB1*04:01,t_cells
IGKEFKRIVQRIKDF,HLA-DRB1*04:01,t_cells
VQRIKDFLRNLVPRT,HLA-DRB1*04:01,t_cells
IAFTSEHSHFSLK,HLA-DRB1*04:01,t_cells
KDLLEQKRAAVDTYC,HLA-DRB1*04:01,t_cells
ECDFQEFMAFVAMVTTACHEFFEHE,HLA-DRB1*04:01,t_cells
KAMVALIDVFHQYSGREGDK,HLA-DRB1*04:01,t_cells
KHKLKKSELKELINNELSHFLE,HLA-DRB1*04:01,t_cells
REGDKHKLKKSELKEL,HLA-DRB1*04:01,t_cells
SSVPGVRLL,HLA-DRB1*04:01,t_cells
TYRVVSVLTVLHQDW,HLA-DRB1*04:01,t_cells
APGNRGFPGQDGLAG,HLA-DRB1*04:01,t_cells
VMRIINEPTAAAIAY,HLA-DRB1*04:01,t_cells
TAALGCLVKDYFPEP,HLA-DRB1*04:01,t_cells
VHFFKNIVTPRTP,HLA-DRB1*04:01,t_cells
WNRQLYPEWTEAQRLD,HLA-DRB1*04:01,t_cells
GGYRARPAKAAAT,HLA-DRB1*04:01,t_cells
EVTFEIDVNGILRVT,HLA-DRB1*04:01,t_cells
TFEIDVNGILRVTAE,HLA-DRB1*04:01,t_cells
EQNMIGMTPTVIAVHY,HLA-DRB1*04:01,t_cells
LELIKKGYTQQLAFRQPSSAF,HLA-DRB1*04:01,t_cells
SSAFAAFVKRAPSTWLTAY,HLA-DRB1*04:01,t_cells
DAGWLADQTVRYPIHT,HLA-DRB1*04:01,t_cells
DEFPGVRTYGIRDTNETYDV,HLA-DRB1*04:01,t_cells
GYEQCDAGWLRDQTVRYPIV,HLA-DRB1*04:01,t_cells
KCYAGWLADGSLRYPIV,HLA-DRB1*04:01,t_cells
PGVRTYGVRPSTETYDVY,HLA-DRB1*04:01,t_cells
STRYTLDFDRAQRACLQ,HLA-DRB1*04:01,t_cells
FYLKNVQTQETRT,HLA-DRB1*04:01,t_cells
KEWQALCAYQAEPNT,HLA-DRB1*04:01,t_cells
LSWPAEGTPASTR,HLA-DRB1*04:01,t_cells
MVWESGCTVIVML,HLA-DRB1*04:01,t_cells
VKEIDIAATLEHV,HLA-DRB1*04:01,t_cells
WGPDPAAAFVNQHLCG,HLA-DRB1*04:01,t_cells
VSSVSSQFSDAAQASPSSHSS,HLA-DRB1*04:01,t_cells
DDSKNMLFLQMNSLKTEDT,HLA-DRB1*04:01,t_cells
GQVTISVDKSISTAYL,HLA-DRB1*04:01,t_cells
KNQFSLELNSVTAADTA,HLA-DRB1*04:01,t_cells
NMLFLQMNSLKTEDT,HLA-DRB1*04:01,t_cells
NFFRMVISNPAAT,HLA-DRB1*04:05,b_cells
YVVKSFDRSTKVIDFHYPNE,HLA-DRB1*04:05,b_cells
PSLRTLEDNEERMSR,HLA-DRB1*04:05,b_cells
KLKLYTGEACRTGDR,HLA-DRB1*04:05,b_cells
LVNSSQPWEPLQLHV,HLA-DRB1*04:05,b_cells
DNQPTVTIKVYEGERPLTKD,HLA-DRB1*04:05,b_cells
EVEKAKRALSSQHQARIEIE,HLA-DRB1*04:05,b_cells
LKKSDIDEIVLVGGSTRIPK,HLA-DRB1*04:05,b_cells
RSTMKPVQKVLEDSDLKKSD,HLA-DRB1*04:05,b_cells
TGDLVLLDVCPLTLGIETVG,HLA-DRB1*04:05,b_cells
TRIPKIQQLVKEFFNGKEPS,HLA-DRB1*04:05,b_cells
YGAAVQAGVLSGDQDTGDLV,HLA-DRB1*04:05,b_cells
ATEGRVRVNSAYQDK,HLA-DRB1*04:05,b_cells
GIVEQCCTSI,HLA-DRB1*04:05,t_cells
NFFRMVISNPAAT,HLA-DRB1*04:05,t_cells
NTNMFTYEIAPVFVLLEYVT,HLA-DRB1*04:05,t_cells
YVVKSFDRSTKVIDFHYPNE,HLA-DRB1*04:05,t_cells
PGGAISNMYAMMIARFKMFP,HLA-DRB1*04:05,t_cells
PSLRTLEDNEERMSR,HLA-DRB1*04:05,t_cells
DERGKMIPSDLERRILEAKQ,HLA-DRB1*04:05,t_cells
LYSLSSVVTVPSSSL,HLA-DRB1*04:05,t_cells
NNYKTTPPVLDSDGS,HLA-DRB1*04:05,t_cells
TSICSLYQLENYCN,HLA-DRB1*04:05,t_cells
VVLLVATEGRVRVNSAYQDK,HLA-DRB1*04:05,t_cells
CLVKDYFPEPVTVSW,HLA-DRB1*04:05,t_cells
LQSSGLYSLSSVVTV,HLA-DRB1*04:05,t_cells
PPKPKDTLMISRTPE,HLA-DRB1*04:05,t_cells
SCSVMHEALHNHYTQ,HLA-DRB1*04:05,t_cells
SVFLFPPKPKDTLMI,HLA-DRB1*04:05,t_cells
SVLTVLHQDWLNGKE,HLA-DRB1*04:05,t_cells
SVVTVPSSSLGTQTY,HLA-DRB1*04:05,t_cells
TFPAVLQSSGLYSLS,HLA-DRB1*04:05,t_cells
TPPVLDSDGSFFLYS,HLA-DRB1*04:05,t_cells
DVMNILLQYVVKSFDRSTKV,HLA-DRB1*04:05,t_cells
KVNFFRMVISNPAATHQDID,HLA-DRB1*04:05,t_cells
HVDVFKLWLMWRAKGTTGFE,HLA-DRB1*04:05,t_cells
IAPVFVLLEYVTLKKMREII,HLA-DRB1*04:05,t_cells
ICKKYKIWMHVDAAWGGGLL,HLA-DRB1*04:05,t_cells
KGMAALPRLIAFTSEHSHFS,HLA-DRB1*04:05,t_cells
LRTLEDNEERMSRLSKVAPV,HLA-DRB1*04:05,t_cells
PLLALLALWGPDPAAAFVNQ,HLA-DRB1*04:05,t_cells
SDLERRILEAKQKGFVPFLV,HLA-DRB1*04:05,t_cells
VAPVIKARMMEYGTTMVSYQ,HLA-DRB1*04:05,t_cells
YAMMIARFKMFPEVKEKGMA,HLA-DRB1*04:05,t_cells
ALGAQKEAISPPDAA,HLA-DRB1*04:05,t_cells
APPRLICDSRVLERY,HLA-DRB1*04:05,t_cells
DKAVSGLRSLTTLLR,HLA-DRB1*04:05,t_cells
DTFRKLFRVYSNFLR,HLA-DRB1*04:05,t_cells
EAENITTGCAEHCSL,HLA-DRB1*04:05,t_cells
EHCSLNENITVPDTK,HLA-DRB1*04:05,t_cells
GLALLSEAVLRGQAL,HLA-DRB1*04:05,t_cells
GLRSLTTLLRALGAQ,HLA-DRB1*04:05,t_cells
ICDSRVLERYLLEAK,HLA-DRB1*04:05,t_cells
KEAISPPDAASAAPL,HLA-DRB1*04:05,t_cells
KLKLYTGEACRTGDR,HLA-DRB1*04:05,t_cells
LFRVYSNFLRGKLKL,HLA-DRB1*04:05,t_cells
LLEAKEAENITTGCA,HLA-DRB1*04:05,t_cells
LQLHVDKAVSGLRSL,HLA-DRB1*04:05,t_cells
LVNSSQPWEPLQLHV,HLA-DRB1*04:05,t_cells
NENITVPDTKVNFYA,HLA-DRB1*04:05,t_cells
PPDAASAAPLRTITA,HLA-DRB1*04:05,t_cells
QPWEPLQLHVDKAVS,HLA-DRB1*04:05,t_cells
RGQALLVNSSQPWEP,HLA-DRB1*04:05,t_cells
RTITADTFRKLFRVY,HLA-DRB1*04:05,t_cells
SAAPLRTITADTFRK,HLA-DRB1*04:05,t_cells
SEAVLRGQALLVNSS,HLA-DRB1*04:05,t_cells
SNFLRGKLKLYTGEA,HLA-DRB1*04:05,t_cells
TTGCAEHCSLNENIT,HLA-DRB1*04:05,t_cells
TTLLRALGAQKEAIS,HLA-DRB1*04:05,t_cells
VEVWQGLALLSEAVL,HLA-DRB1*04:05,t_cells
VGQQAVEVWQGLALL,HLA-DRB1*04:05,t_cells
VLERYLLEAKEAENI,HLA-DRB1*04:05,t_cells
VNFYAWKRMEVGQQA,HLA-DRB1*04:05,t_cells
VPDTKVNFYAWKRME,HLA-DRB1*04:05,t_cells
WKRMEVGQQAVEVWQ,HLA-DRB1*04:05,t_cells
GVYATRSSAVRLR,HLA-DRB1*04:05,t_cells
DNQPTVTIKVYEGERPLTKD,HLA-DRB1*04:05,t_cells
EVEKAKRALSSQHQARIEIE,HLA-DRB1*04:05,t_cells
LKKSDIDEIVLVGGSTRIPK,HLA-DRB1*04:05,t_cells
RSTMKPVQKVLEDSDLKKSD,HLA-DRB1*04:05,t_cells
TGDLVLLDVCPLTLGIETVG,HLA-DRB1*04:05,t_cells
TRIPKIQQLVKEFFNGKEPS,HLA-DRB1*04:05,t_cells
YGAAVQAGVLSGDQDTGDLV,HLA-DRB1*04:05,t_cells
ATEGRVRVNSAYQDK,HLA-DRB1*04:05,t_cells
TYRVVSVLTVLHQDW,HLA-DRB1*04:05,t_cells
TAALGCLVKDYFPEP,HLA-DRB1*04:05,t_cells
GGYRARPAKAAAT,HLA-DRB1*04:05,t_cells
PSLRTLEDNEERMSR,HLA-DRB1*07:01,b_cells
KYLATASTMDHARHGFLPRH,HLA-DRB1*07:01,b_cells
DKDAFGGVYSGPSLLD,HLA-DRB1*07:01,b_cells
ECHQEEDFRVTCKDIQRIPS,HLA-DRB1*07:01,b_cells
EEQEDEIIGFGQELKNPQEE,HLA-DRB1*07:01,b_cells
FKNQKKIRGILESLMCNESS,HLA-DRB1*07:01,b_cells
FQDTHNNAHYYVFFEEQEDE,HLA-DRB1*07:01,b_cells
GIFNTGLKMFPDLTKVYST,HLA-DRB1*07:01,b_cells
HLKELIARNTWTLKKL,HLA-DRB1*07:01,b_cells
TKVYSTDIFFILEITDNPY,HLA-DRB1*07:01,b_cells
YDYTICGDSEDMVCTPKSDE,HLA-DRB1*07:01,b_cells
LNKNKYLTVIDKDAFG,HLA-DRB1*07:01,b_cells
RNTRNLTYIDPDALKE,HLA-DRB1*07:01,b_cells
YAFNGTKLDAVYLNKN,HLA-DRB1*07:01,b_cells
TASSYFTNMFATWSPSKARL,HLA-DRB1*07:01,b_cells
APDRKGFRLLLASPRSCYKL,HLA-DRB1*07:01,b_cells
GEVHCGTNVRRKPFSFKWWNMVP,HLA-DRB1*07:01,b_cells
ITRTGKVKPTRAVKDQRTWT,HLA-DRB1*07:01,b_cells
LHVARSEMDKVRVFQATRGK,HLA-DRB1*07:01,b_cells
LSSKCSVVLGPKWPSHYLMV,HLA-DRB1*07:01,b_cells
LVNCDRDNLESSAMDCEDDE,HLA-DRB1*07:01,b_cells
PEQPTHAVCVLGTLTQLDIC,HLA-DRB1*07:01,b_cells
PFGPVINGRCCLEEKVCSLL,HLA-DRB1*07:01,b_cells
VRVFQATRGKLSSKCSVVLG,HLA-DRB1*07:01,b_cells
KLKLYTGEACRTGDR,HLA-DRB1*07:01,b_cells
LVNSSQPWEPLQLHV,HLA-DRB1*07:01,b_cells
KDLLEQKRAAVDTYC,HLA-DRB1*07:01,b_cells
PSLRTLEDNEERMSR,HLA-DRB1*07:01,t_cells
DPGVEVTLTMKVASGSTGDQ,HLA-DRB1*07:01,t_cells
TGVEISLCADITRTGKVKPT,HLA-DRB1*07:01,t_cells
LYSLSSVVTVPSSSL,HLA-DRB1*07:01,t_cells
KYLATASTMDHARHGFLPRH,HLA-DRB1*07:01,t_cells
GSGKDSHHPARTAHYGSLPQ,HLA-DRB1*07:01,t_cells
GFGYGGRASDYKSAHKGFKG,HLA-DRB1*07:01,t_cells
DKDAFGGVYSGPSLLD,HLA-DRB1*07:01,t_cells
ECHQEEDFRVTCKDIQRIPS,HLA-DRB1*07:01,t_cells
EEQEDEIIGFGQELKNPQEE,HLA-DRB1*07:01,t_cells
FKNQKKIRGILESLMCNESS,HLA-DRB1*07:01,t_cells
FQDTHNNAHYYVFFEEQEDE,HLA-DRB1*07:01,t_cells
GIFNTGLKMFPDLTKVYST,HLA-DRB1*07:01,t_cells
HLKELIARNTWTLKKL,HLA-DRB1*07:01,t_cells
LTRADLSYPSHCCAFKNQKK,HLA-DRB1*07:01,t_cells
TKVYSTDIFFILEITDNPY,HLA-DRB1*07:01,t_cells
YDYTICGDSEDMVCTPKSDE,HLA-DRB1*07:01,t_cells
MQKEITALAPSTMKIKIIAPPERKY,HLA-DRB1*07:01,t_cells
NNYKTTPPVLDSDGS,HLA-DRB1*07:01,t_cells
LNKNKYLTVIDKDAFG,HLA-DRB1*07:01,t_cells
RNTRNLTYIDPDALKE,HLA-DRB1*07:01,t_cells
YAFNGTKLDAVYLNKN,HLA-DRB1*07:01,t_cells
TSICSLYQLENYCN,HLA-DRB1*07:01,t_cells
TASSYFTNMFATWSPSKARL,HLA-DRB1*07:01,t_cells
VVLLVATEGRVRVNSAYQDK,HLA-DRB1*07:01,t_cells
CLVKDYFPEPVTVSW,HLA-DRB1*07:01,t_cells
LQSSGLYSLSSVVTV,HLA-DRB1*07:01,t_cells
PPKPKDTLMISRTPE,HLA-DRB1*07:01,t_cells
SCSVMHEALHNHYTQ,HLA-DRB1*07:01,t_cells
SVFLFPPKPKDTLMI,HLA-DRB1*07:01,t_cells
SVLTVLHQDWLNGKE,HLA-DRB1*07:01,t_cells
SVVTVPSSSLGTQTY,HLA-DRB1*07:01,t_cells
TFPAVLQSSGLYSLS,HLA-DRB1*07:01,t_cells
TPPVLDSDGSFFLYS,HLA-DRB1*07:01,t_cells
APDRKGFRLLLASPRSCYKL,HLA-DRB1*07:01,t_cells
GEVHCGTNVRRKPFSFKWWNMVP,HLA-DRB1*07:01,t_cells
ITRTGKVKPTRAVKDQRTWT,HLA-DRB1*07:01,t_cells
LHVARSEMDKVRVFQATRGK,HLA-DRB1*07:01,t_cells
LSSKCSVVLGPKWPSHYLMV,HLA-DRB1*07:01,t_cells
LVNCDRDNLESSAMDCEDDE,HLA-DRB1*07:01,t_cells
PEQPTHAVCVLGTLTQLDIC,HLA-DRB1*07:01,t_cells
PFGPVINGRCCLEEKVCSLL,HLA-DRB1*07:01,t_cells
VRVFQATRGKLSSKCSVVLG,HLA-DRB1*07:01,t_cells
TPTLVEVSRNLGK,HLA-DRB1*07:01,t_cells
KVNFFRMVISNPAATHQDID,HLA-DRB1*07:01,t_cells
KGMAALPRLIAFTSEHSHFS,HLA-DRB1*07:01,t_cells
GTRIIEVSGQKIK,HLA-DRB1*07:01,t_cells
ALGAQKEAISPPDAA,HLA-DRB1*07:01,t_cells
APPRLICDSRVLERY,HLA-DRB1*07:01,t_cells
DKAVSGLRSLTTLLR,HLA-DRB1*07:01,t_cells
DTFRKLFRVYSNFLR,HLA-DRB1*07:01,t_cells
EAENITTGCAEHCSL,HLA-DRB1*07:01,t_cells
EHCSLNENITVPDTK,HLA-DRB1*07:01,t_cells
GLALLSEAVLRGQAL,HLA-DRB1*07:01,t_cells
GLRSLTTLLRALGAQ,HLA-DRB1*07:01,t_cells
ICDSRVLERYLLEAK,HLA-DRB1*07:01,t_cells
KEAISPPDAASAAPL,HLA-DRB1*07:01,t_cells
KLKLYTGEACRTGDR,HLA-DRB1*07:01,t_cells
LFRVYSNFLRGKLKL,HLA-DRB1*07:01,t_cells
LLEAKEAENITTGCA,HLA-DRB1*07:01,t_cells
LQLHVDKAVSGLRSL,HLA-DRB1*07:01,t_cells
LVNSSQPWEPLQLHV,HLA-DRB1*07:01,t_cells
NENITVPDTKVNFYA,HLA-DRB1*07:01,t_cells
PPDAASAAPLRTITA,HLA-DRB1*07:01,t_cells
QPWEPLQLHVDKAVS,HLA-DRB1*07:01,t_cells
RGQALLVNSSQPWEP,HLA-DRB1*07:01,t_cells
RTITADTFRKLFRVY,HLA-DRB1*07:01,t_cells
SAAPLRTITADTFRK,HLA-DRB1*07:01,t_cells
SEAVLRGQALLVNSS,HLA-DRB1*07:01,t_cells
SNFLRGKLKLYTGEA,HLA-DRB1*07:01,t_cells
TTGCAEHCSLNENIT,HLA-DRB1*07:01,t_cells
TTLLRALGAQKEAIS,HLA-DRB1*07:01,t_cells
VEVWQGLALLSEAVL,HLA-DRB1*07:01,t_cells
VGQQAVEVWQGLALL,HLA-DRB1*07:01,t_cells
VLERYLLEAKEAENI,HLA-DRB1*07:01,t_cells
VNFYAWKRMEVGQQA,HLA-DRB1*07:01,t_cells
VPDTKVNFYAWKRME,HLA-DRB1*07:01,t_cells
WKRMEVGQQAVEVWQ,HLA-DRB1*07:01,t_cells
EEQYNSTYRVVSVLTVLHQDW,HLA-DRB1*07:01,t_cells
CKKYKIWMHVDAAWGGGLL,HLA-DRB1*07:01,t_cells
DVNYAFLHATDLLPACDG,HLA-DRB1*07:01,t_cells
GAISNMYAMMIARFKMFPEVKEKGM,HLA-DRB1*07:01,t_cells
GGLLMSRKHKWKLSGVERANSVTW,HLA-DRB1*07:01,t_cells
HPRYFNQLSTGLDMVG,HLA-DRB1*07:01,t_cells
SALLVREEGLMQNCNQMHAS,HLA-DRB1*07:01,t_cells
TTVYGAFDPLLAVAD,HLA-DRB1*07:01,t_cells
VCFWYIPPSLRTLED,HLA-DRB1*07:01,t_cells
VDVFKLWLMWRAKGTTGFEAH,HLA-DRB1*07:01,t_cells
YLYNIIKNREGYEMVFD,HLA-DRB1*07:01,t_cells
GTWYLKAMTVDREFPE,HLA-DRB1*07:01,t_cells
HYIFYCEGELHGKPVR,HLA-DRB1*07:01,t_cells
KPVRGVKLVGRDPKNNL,HLA-DRB1*07:01,t_cells
LEAKVTMLISGRCQEVK,HLA-DRB1*07:01,t_cells
MNLESVTPMTLTTLEGGNL,HLA-DRB1*07:01,t_cells
PGKYTADGGKHVAYII,HLA-DRB1*07:01,t_cells
GKQLYNVEATSYALLALLQLKDFD,HLA-DRB1*07:01,t_cells
QATFMVFQALAQYQKDAP,HLA-DRB1*07:01,t_cells
VPPVVRWLNEQRYYGGGY,HLA-DRB1*07:01,t_cells
KDLLEQKRAAVDTYC,HLA-DRB1*07:01,t_cells
TYRVVSVLTVLHQDW,HLA-DRB1*07:01,t_cells
RPPIFIRRL,HLA-DRB1*07:01,t_cells
TAALGCLVKDYFPEP,HLA-DRB1*07:01,t_cells
EQNMIGMTPTVIAVHY,HLA-DRB1*07:01,t_cells
LELIKKGYTQQLAFRQPSSAF,HLA-DRB1*07:01,t_cells
SSAFAAFVKRAPSTWLTAY,HLA-DRB1*07:01,t_cells
KLKLYTGEACRTGDR,HLA-DRB1*08:02,b_cells
LVNSSQPWEPLQLHV,HLA-DRB1*08:02,b_cells
LYSLSSVVTVPSSSL,HLA-DRB1*08:02,t_cells
NNYKTTPPVLDSDGS,HLA-DRB1*08:02,t_cells
TSICSLYQLENYCN,HLA-DRB1*08:02,t_cells
VVLLVATEGRVRVNSAYQDK,HLA-DRB1*08:02,t_cells
CLVKDYFPEPVTVSW,HLA-DRB1*08:02,t_cells
LQSSGLYSLSSVVTV,HLA-DRB1*08:02,t_cells
PPKPKDTLMISRTPE,HLA-DRB1*08:02,t_cells
SCSVMHEALHNHYTQ,HLA-DRB1*08:02,t_cells
SVFLFPPKPKDTLMI,HLA-DRB1*08:02,t_cells
SVLTVLHQDWLNGKE,HLA-DRB1*08:02,t_cells
SVVTVPSSSLGTQTY,HLA-DRB1*08:02,t_cells
TFPAVLQSSGLYSLS,HLA-DRB1*08:02,t_cells
TPPVLDSDGSFFLYS,HLA-DRB1*08:02,t_cells
ALGAQKEAISPPDAA,HLA-DRB1*08:02,t_cells
APPRLICDSRVLERY,HLA-DRB1*08:02,t_cells
DKAVSGLRSLTTLLR,HLA-DRB1*08:02,t_cells
DTFRKLFRVYSNFLR,HLA-DRB1*08:02,t_cells
EAENITTGCAEHCSL,HLA-DRB1*08:02,t_cells
EHCSLNENITVPDTK,HLA-DRB1*08:02,t_cells
GLALLSEAVLRGQAL,HLA-DRB1*08:02,t_cells
GLRSLTTLLRALGAQ,HLA-DRB1*08:02,t_cells
ICDSRVLERYLLEAK,HLA-DRB1*08:02,t_cells
KEAISPPDAASAAPL,HLA-DRB1*08:02,t_cells
KLKLYTGEACRTGDR,HLA-DRB1*08:02,t_cells
LFRVYSNFLRGKLKL,HLA-DRB1*08:02,t_cells
LLEAKEAENITTGCA,HLA-DRB1*08:02,t_cells
LQLHVDKAVSGLRSL,HLA-DRB1*08:02,t_cells
LVNSSQPWEPLQLHV,HLA-DRB1*08:02,t_cells
NENITVPDTKVNFYA,HLA-DRB1*08:02,t_cells
PPDAASAAPLRTITA,HLA-DRB1*08:02,t_cells
QPWEPLQLHVDKAVS,HLA-DRB1*08:02,t_cells
RGQALLVNSSQPWEP,HLA-DRB1*08:02,t_cells
RTITADTFRKLFRVY,HLA-DRB1*08:02,t_cells
SAAPLRTITADTFRK,HLA-DRB1*08:02,t_cells
SEAVLRGQALLVNSS,HLA-DRB1*08:02,t_cells
SNFLRGKLKLYTGEA,HLA-DRB1*08:02,t_cells
TTGCAEHCSLNENIT,HLA-DRB1*08:02,t_cells
TTLLRALGAQKEAIS,HLA-DRB1*08:02,t_cells
VEVWQGLALLSEAVL,HLA-DRB1*08:02,t_cells
VGQQAVEVWQGLALL,HLA-DRB1*08:02,t_cells
VLERYLLEAKEAENI,HLA-DRB1*08:02,t_cells
VNFYAWKRMEVGQQA,HLA-DRB1*08:02,t_cells
VPDTKVNFYAWKRME,HLA-DRB1*08:02,t_cells
WKRMEVGQQAVEVWQ,HLA-DRB1*08:02,t_cells
TYRVVSVLTVLHQDW,HLA-DRB1*08:02,t_cells
TAALGCLVKDYFPEP,HLA-DRB1*08:02,t_cells
KLKLYTGEACRTGDR,HLA-DRB1*09:01,b_cells
LVNSSQPWEPLQLHV,HLA-DRB1*09:01,b_cells
LYSLSSVVTVPSSSL,HLA-DRB1*09:01,t_cells
NNYKTTPPVLDSDGS,HLA-DRB1*09:01,t_cells
TSICSLYQLENYCN,HLA-DRB1*09:01,t_cells
VVLLVATEGRVRVNSAYQDK,HLA-DRB1*09:01,t_cells
CLVKDYFPEPVTVSW,HLA-DRB1*09:01,t_cells
LQSSGLYSLSSVVTV,HLA-DRB1*09:01,t_cells
PPKPKDTLMISRTPE,HLA-DRB1*09:01,t_cells
SCSVMHEALHNHYTQ,HLA-DRB1*09:01,t_cells
SVFLFPPKPKDTLMI,HLA-DRB1*09:01,t_cells
SVLTVLHQDWLNGKE,HLA-DRB1*09:01,t_cells
SVVTVPSSSLGTQTY,HLA-DRB1*09:01,t_cells
TFPAVLQSSGLYSLS,HLA-DRB1*09:01,t_cells
TPPVLDSDGSFFLYS,HLA-DRB1*09:01,t_cells
ALGAQKEAISPPDAA,HLA-DRB1*09:01,t_cells
APPRLICDSRVLERY,HLA-DRB1*09:01,t_cells
DKAVSGLRSLTTLLR,HLA-DRB1*09:01,t_cells
DTFRKLFRVYSNFLR,HLA-DRB1*09:01,t_cells
EAENITTGCAEHCSL,HLA-DRB1*09:01,t_cells
EHCSLNENITVPDTK,HLA-DRB1*09:01,t_cells
GLALLSEAVLRGQAL,HLA-DRB1*09:01,t_cells
GLRSLTTLLRALGAQ,HLA-DRB1*09:01,t_cells
ICDSRVLERYLLEAK,HLA-DRB1*09:01,t_cells
KEAISPPDAASAAPL,HLA-DRB1*09:01,t_cells
KLKLYTGEACRTGDR,HLA-DRB1*09:01,t_cells
LFRVYSNFLRGKLKL,HLA-DRB1*09:01,t_cells
LLEAKEAENITTGCA,HLA-DRB1*09:01,t_cells
LQLHVDKAVSGLRSL,HLA-DRB1*09:01,t_cells
LVNSSQPWEPLQLHV,HLA-DRB1*09:01,t_cells
NENITVPDTKVNFYA,HLA-DRB1*09:01,t_cells
PPDAASAAPLRTITA,HLA-DRB1*09:01,t_cells
QPWEPLQLHVDKAVS,HLA-DRB1*09:01,t_cells
RGQALLVNSSQPWEP,HLA-DRB1*09:01,t_cells
RTITADTFRKLFRVY,HLA-DRB1*09:01,t_cells
SAAPLRTITADTFRK,HLA-DRB1*09:01,t_cells
SEAVLRGQALLVNSS,HLA-DRB1*09:01,t_cells
SNFLRGKLKLYTGEA,HLA-DRB1*09:01,t_cells
TTGCAEHCSLNENIT,HLA-DRB1*09:01,t_cells
TTLLRALGAQKEAIS,HLA-DRB1*09:01,t_cells
VEVWQGLALLSEAVL,HLA-DRB1*09:01,t_cells
VGQQAVEVWQGLALL,HLA-DRB1*09:01,t_cells
VLERYLLEAKEAENI,HLA-DRB1*09:01,t_cells
VNFYAWKRMEVGQQA,HLA-DRB1*09:01,t_cells
VPDTKVNFYAWKRME,HLA-DRB1*09:01,t_cells
WKRMEVGQQAVEVWQ,HLA-DRB1*09:01,t_cells
TYRVVSVLTVLHQDW,HLA-DRB1*09:01,t_cells
TAALGCLVKDYFPEP,HLA-DRB1*09:01,t_cells
DENPVVHFFKNIVTPRTPP,HLA-DRB1*11:01,b_cells
KYLATASTMDHARHGFLPRH,HLA-DRB1*11:01,b_cells
RIHMVYSKRSGKPRGYAFIEY,HLA-DRB1*11:01,b_cells
ENRSWYLTENIQRFLPNPAG,HLA-DRB1*11:01,b_cells
FPILPGEIFKYKWTVTVEDG,HLA-DRB1*11:01,b_cells
KMVYEDTLTLFPFSGETVFM,HLA-DRB1*11:01,b_cells
RDLASGLIGPLLICYKESVD,HLA-DRB1*11:01,b_cells
KLKLYTGEACRTGDR,HLA-DRB1*11:01,b_cells
LVNSSQPWEPLQLHV,HLA-DRB1*11:01,b_cells
LYSLSSVVTVPSSSL,HLA-DRB1*11:01,t_cells
DENPVVHFFKNIVTPRTPP,HLA-DRB1*11:01,t_cells
KYLATASTMDHARHGFLPRH,HLA-DRB1*11:01,t_cells
GSGKDSHHPARTAHYGSLPQ,HLA-DRB1*11:01,t_cells
GFGYGGRASDYKSAHKGFKG,HLA-DRB1*11:01,t_cells
RIHMVYSKRSGKPRGYAFIEY,HLA-DRB1*11:01,t_cells
NNYKTTPPVLDSDGS,HLA-DRB1*11:01,t_cells
TSICSLYQLENYCN,HLA-DRB1*11:01,t_cells
DAQITASSYFTNMFATWSP,HLA-DRB1*11:01,t_cells
VVLLVATEGRVRVNSAYQDK,HLA-DRB1*11:01,t_cells
CLVKDYFPEPVTVSW,HLA-DRB1*11:01,t_cells
ENRSWYLTENIQRFLPNPAG,HLA-DRB1*11:01,t_cells
FPILPGEIFKYKWTVTVEDG,HLA-DRB1*11:01,t_cells
KMVYEDTLTLFPFSGETVFM,HLA-DRB1*11:01,t_cells
RDLASGLIGPLLICYKESVD,HLA-DRB1*11:01,t_cells
LQSSGLYSLSSVVTV,HLA-DRB1*11:01,t_cells
PPKPKDTLMISRTPE,HLA-DRB1*11:01,t_cells
SCSVMHEALHNHYTQ,HLA-DRB1*11:01,t_cells
SVFLFPPKPKDTLMI,HLA-DRB1*11:01,t_cells
SVLTVLHQDWLNGKE,HLA-DRB1*11:01,t_cells
SVVTVPSSSLGTQTY,HLA-DRB1*11:01,t_cells
TFPAVLQSSGLYSLS,HLA-DRB1*11:01,t_cells
TPPVLDSDGSFFLYS,HLA-DRB1*11:01,t_cells
ERVRLLERCIYNQE,HLA-DRB1*11:01,t_cells
DLLEQRRAAVDTYCRHNYGVGESFT,HLA-DRB1*11:01,t_cells
DVGEYRAVTELGRPDAEYWN,HLA-DRB1*11:01,t_cells
GDTRPRFLWQLKFECHFFNG,HLA-DRB1*11:01,t_cells
TERVRLLERCIYNQEESVRFDS,HLA-DRB1*11:01,t_cells
TPTLVEVSRNLGK,HLA-DRB1*11:01,t_cells
ALGAQKEAISPPDAA,HLA-DRB1*11:01,t_cells
APPRLICDSRVLERY,HLA-DRB1*11:01,t_cells
DKAVSGLRSLTTLLR,HLA-DRB1*11:01,t_cells
DTFRKLFRVYSNFLR,HLA-DRB1*11:01,t_cells
EAENITTGCAEHCSL,HLA-DRB1*11:01,t_cells
EHCSLNENITVPDTK,HLA-DRB1*11:01,t_cells
GLALLSEAVLRGQAL,HLA-DRB1*11:01,t_cells
GLRSLTTLLRALGAQ,HLA-DRB1*11:01,t_cells
ICDSRVLERYLLEAK,HLA-DRB1*11:01,t_cells
KEAISPPDAASAAPL,HLA-DRB1*11:01,t_cells
KLKLYTGEACRTGDR,HLA-DRB1*11:01,t_cells
LFRVYSNFLRGKLKL,HLA-DRB1*11:01,t_cells
LLEAKEAENITTGCA,HLA-DRB1*11:01,t_cells
LQLHVDKAVSGLRSL,HLA-DRB1*11:01,t_cells
LVNSSQPWEPLQLHV,HLA-DRB1*11:01,t_cells
NENITVPDTKVNFYA,HLA-DRB1*11:01,t_cells
PPDAASAAPLRTITA,HLA-DRB1*11:01,t_cells
QPWEPLQLHVDKAVS,HLA-DRB1*11:01,t_cells
RGQALLVNSSQPWEP,HLA-DRB1*11:01,t_cells
RTITADTFRKLFRVY,HLA-DRB1*11:01,t_cells
SAAPLRTITADTFRK,HLA-DRB1*11:01,t_cells
SEAVLRGQALLVNSS,HLA-DRB1*11:01,t_cells
SNFLRGKLKLYTGEA,HLA-DRB1*11:01,t_cells
TTGCAEHCSLNENIT,HLA-DRB1*11:01,t_cells
TTLLRALGAQKEAIS,HLA-DRB1*11:01,t_cells
VEVWQGLALLSEAVL,HLA-DRB1*11:01,t_cells
VGQQAVEVWQGLALL,HLA-DRB1*11:01,t_cells
VLERYLLEAKEAENI,HLA-DRB1*11:01,t_cells
VNFYAWKRMEVGQQA,HLA-DRB1*11:01,t_cells
VPDTKVNFYAWKRME,HLA-DRB1*11:01,t_cells
WKRMEVGQQAVEVWQ,HLA-DRB1*11:01,t_cells
EEQYNSTYRVVSVLTVLHQDW,HLA-DRB1*11:01,t_cells
AQWLAEFRKYLEKPI,HLA-DRB1*11:01,t_cells
GDLLAEIETDKATIG,HLA-DRB1*11:01,t_cells
IKNFSAIINPPQACI,HLA-DRB1*11:01,t_cells
MAKILVAEGTRDVPI,HLA-DRB1*11:01,t_cells
GTWYLKAMTVDREFPE,HLA-DRB1*11:01,t_cells
HYIFYCEGELHGKPVR,HLA-DRB1*11:01,t_cells
KPVRGVKLVGRDPKNNL,HLA-DRB1*11:01,t_cells
LEAKVTMLISGRCQEVK,HLA-DRB1*11:01,t_cells
MNLESVTPMTLTTLEGGNL,HLA-DRB1*11:01,t_cells
PGKYTADGGKHVAYII,HLA-DRB1*11:01,t_cells
NSVIIVDKNGRLV,HLA-DRB1*11:01,t_cells
GKQLYNVEATSYALLALLQLKDFD,HLA-DRB1*11:01,t_cells
QATFMVFQALAQYQKDAP,HLA-DRB1*11:01,t_cells
VPPVVRWLNEQRYYGGGY,HLA-DRB1*11:01,t_cells
TYRVVSVLTVLHQDW,HLA-DRB1*11:01,t_cells
TAALGCLVKDYFPEP,HLA-DRB1*11:01,t_cells
EGFLKAQASLRGQYW,HLA-DRB1*11:01,t_cells
GDMLLLWGRLTWRKM,HLA-DRB1*11:01,t_cells
LYSLSSVVTVPSSSL,HLA-DRB1*12:01,t_cells
NNYKTTPPVLDSDGS,HLA-DRB1*12:01,t_cells
VVLLVATEGRVRVNSAYQDK,HLA-DRB1*12:01,t_cells
CLVKDYFPEPVTVSW,HLA-DRB1*12:01,t_cells
LQSSGLYSLSSVVTV,HLA-DRB1*12:01,t_cells
PPKPKDTLMISRTPE,HLA-DRB1*12:01,t_cells
SCSVMHEALHNHYTQ,HLA-DRB1*12:01,t_cells
SVFLFPPKPKDTLMI,HLA-DRB1*12:01,t_cells
SVLTVLHQDWLNGKE,HLA-DRB1*12:01,t_cells
SVVTVPSSSLGTQTY,HLA-DRB1*12:01,t_cells
TFPAVLQSSGLYSLS,HLA-DRB1*12:01,t_cells
TPPVLDSDGSFFLYS,HLA-DRB1*12:01,t_cells
TYRVVSVLTVLHQDW,HLA-DRB1*12:01,t_cells
TAALGCLVKDYFPEP,HLA-DRB1*12:01,t_cells
KLKLYTGEACRTGDR,HLA-DRB1*13:02,b_cells
LVNSSQPWEPLQLHV,HLA-DRB1*13:02,b_cells
VHFFKNIVTPRTP,HLA-DRB1*13:02,b_cells
REEVFDERAANFENH,HLA-DRB1*13:02,t_cells
LYSLSSVVTVPSSSL,HLA-DRB1*13:02,t_cells
NNYKTTPPVLDSDGS,HLA-DRB1*13:02,t_cells
TSICSLYQLENYCN,HLA-DRB1*13:02,t_cells
VVLLVATEGRVRVNSAYQDK,HLA-DRB1*13:02,t_cells
CLVKDYFPEPVTVSW,HLA-DRB1*13:02,t_cells
LQSSGLYSLSSVVTV,HLA-DRB1*13:02,t_cells
PPKPKDTLMISRTPE,HLA-DRB1*13:02,t_cells
SCSVMHEALHNHYTQ,HLA-DRB1*13:02,t_cells
SVFLFPPKPKDTLMI,HLA-DRB1*13:02,t_cells
SVLTVLHQDWLNGKE,HLA-DRB1*13:02,t_cells
SVVTVPSSSLGTQTY,HLA-DRB1*13:02,t_cells
TFPAVLQSSGLYSLS,HLA-DRB1*13:02,t_cells
TPPVLDSDGSFFLYS,HLA-DRB1*13:02,t_cells
ALGAQKEAISPPDAA,HLA-DRB1*13:02,t_cells
APPRLICDSRVLERY,HLA-DRB1*13:02,t_cells
DKAVSGLRSLTTLLR,HLA-DRB1*13:02,t_cells
DTFRKLFRVYSNFLR,HLA-DRB1*13:02,t_cells
EAENITTGCAEHCSL,HLA-DRB1*13:02,t_cells
EHCSLNENITVPDTK,HLA-DRB1*13:02,t_cells
GLALLSEAVLRGQAL,HLA-DRB1*13:02,t_cells
GLRSLTTLLRALGAQ,HLA-DRB1*13:02,t_cells
ICDSRVLERYLLEAK,HLA-DRB1*13:02,t_cells
KEAISPPDAASAAPL,HLA-DRB1*13:02,t_cells
KLKLYTGEACRTGDR,HLA-DRB1*13:02,t_cells
LFRVYSNFLRGKLKL,HLA-DRB1*13:02,t_cells
LLEAKEAENITTGCA,HLA-DRB1*13:02,t_cells
LQLHVDKAVSGLRSL,HLA-DRB1*13:02,t_cells
LVNSSQPWEPLQLHV,HLA-DRB1*13:02,t_cells
NENITVPDTKVNFYA,HLA-DRB1*13:02,t_cells
PPDAASAAPLRTITA,HLA-DRB1*13:02,t_cells
QPWEPLQLHVDKAVS,HLA-DRB1*13:02,t_cells
RGQALLVNSSQPWEP,HLA-DRB1*13:02,t_cells
RTITADTFRKLFRVY,HLA-DRB1*13:02,t_cells
SAAPLRTITADTFRK,HLA-DRB1*13:02,t_cells
SEAVLRGQALLVNSS,HLA-DRB1*13:02,t_cells
SNFLRGKLKLYTGEA,HLA-DRB1*13:02,t_cells
TTGCAEHCSLNENIT,HLA-DRB1*13:02,t_cells
TTLLRALGAQKEAIS,HLA-DRB1*13:02,t_cells
VEVWQGLALLSEAVL,HLA-DRB1*13:02,t_cells
VGQQAVEVWQGLALL,HLA-DRB1*13:02,t_cells
VLERYLLEAKEAENI,HLA-DRB1*13:02,t_cells
VNFYAWKRMEVGQQA,HLA-DRB1*13:02,t_cells
VPDTKVNFYAWKRME,HLA-DRB1*13:02,t_cells
WKRMEVGQQAVEVWQ,HLA-DRB1*13:02,t_cells
TYRVVSVLTVLHQDW,HLA-DRB1*13:02,t_cells
TAALGCLVKDYFPEP,HLA-DRB1*13:02,t_cells
VHFFKNIVTPRTP,HLA-DRB1*13:02,t_cells
PSLRTLEDNEERMSR,HLA-DRB1*15:01,b_cells
DENPVVHFFKNIVTPRTPP,HLA-DRB1*15:01,b_cells
AQGTLSKIFKLGGRDSRSGSPMARR,HLA-DRB1*15:01,b_cells
KYLATASTMDHARHGFLPRH,HLA-DRB1*15:01,b_cells
MEVGWYRSPFSRVVHLYRNGK,HLA-DRB1*15:01,b_cells
TASSYFTNMFATWSPSKARL,HLA-DRB1*15:01,b_cells
ENRSWYLTENIQRFLPNPAG,HLA-DRB1*15:01,b_cells
ENPVVHFFKNIVTPR,HLA-DRB1*15:01,b_cells
ENPVVHFFKNIVTPRTP,HLA-DRB1*15:01,b_cells
KLKLYTGEACRTGDR,HLA-DRB1*15:01,b_cells
LVNSSQPWEPLQLHV,HLA-DRB1*15:01,b_cells
HCLGKWLGHPDKF,HLA-DRB1*15:01,b_cells
VHFFKNIVTPRTP,HLA-DRB1*15:01,b_cells
WTTCQSIAFPSKTSASIGSL,HLA-DRB1*15:01,b_cells
YLLPAIVHI,HLA-DRB1*15:01,b_cells
MNILLQYVVKSFD,HLA-DRB1*15:01,t_cells
PSLRTLEDNEERMSR,HLA-DRB1*15:01,t_cells
LYSLSSVVTVPSSSL,HLA-DRB1*15:01,t_cells
DENPVVHFFKNIVTPRTPP,HLA-DRB1*15:01,t_cells
AQGTLSKIFKLGGRDSRSGSPMARR,HLA-DRB1*15:01,t_cells
KYLATASTMDHARHGFLPRH,HLA-DRB1*15:01,t_cells
TGTEKLIETYFSKNYQDYEYL,HLA-DRB1*15:01,t_cells
GSGKDSHHPARTAHYGSLPQ,HLA-DRB1*15:01,t_cells
GFGYGGRASDYKSAHKGFKG,HLA-DRB1*15:01,t_cells
MEVGWYRSPFSRVVHLYRNGK,HLA-DRB1*15:01,t_cells
VFLCLQYRLRGKLRAE,HLA-DRB1*15:01,t_cells
NNYKTTPPVLDSDGS,HLA-DRB1*15:01,t_cells
TSICSLYQLENYCN,HLA-DRB1*15:01,t_cells
TASSYFTNMFATWSPSKARL,HLA-DRB1*15:01,t_cells
VIVMLTPLVEDGV,HLA-DRB1*15:01,t_cells
VVLLVATEGRVRVNSAYQDK,HLA-DRB1*15:01,t_cells
CLVKDYFPEPVTVSW,HLA-DRB1*15:01,t_cells
ENRSWYLTENIQRFLPNPAG,HLA-DRB1*15:01,t_cells
LQSSGLYSLSSVVTV,HLA-DRB1*15:01,t_cells
PPKPKDTLMISRTPE,HLA-DRB1*15:01,t_cells
SCSVMHEALHNHYTQ,HLA-DRB1*15:01,t_cells
SVFLFPPKPKDTLMI,HLA-DRB1*15:01,t_cells
SVLTVLHQDWLNGKE,HLA-DRB1*15:01,t_cells
SVVTVPSSSLGTQTY,HLA-DRB1*15:01,t_cells
TFPAVLQSSGLYSLS,HLA-DRB1*15:01,t_cells
TPPVLDSDGSFFLYS,HLA-DRB1*15:01,t_cells
ENPVVHFFKNIVTPR,HLA-DRB1*15:01,t_cells
ENPVVHFFKNIVTPRTP,HLA-DRB1*15:01,t_cells
KVNFFRMVISNPAATHQDID,HLA-DRB1*15:01,t_cells
ALGAQKEAISPPDAA,HLA-DRB1*15:01,t_cells
APPRLICDSRVLERY,HLA-DRB1*15:01,t_cells
DKAVSGLRSLTTLLR,HLA-DRB1*15:01,t_cells
DTFRKLFRVYSNFLR,HLA-DRB1*15:01,t_cells
EAENITTGCAEHCSL,HLA-DRB1*15:01,t_cells
EHCSLNENITVPDTK,HLA-DRB1*15:01,t_cells
GLALLSEAVLRGQAL,HLA-DRB1*15:01,t_cells
GLRSLTTLLRALGAQ,HLA-DRB1*15:01,t_cells
ICDSRVLERYLLEAK,HLA-DRB1*15:01,t_cells
KEAISPPDAASAAPL,HLA-DRB1*15:01,t_cells
KLKLYTGEACRTGDR,HLA-DRB1*15:01,t_cells
LFRVYSNFLRGKLKL,HLA-DRB1*15:01,t_cells
LLEAKEAENITTGCA,HLA-DRB1*15:01,t_cells
LQLHVDKAVSGLRSL,HLA-DRB1*15:01,t_cells
LVNSSQPWEPLQLHV,HLA-DRB1*15:01,t_cells
NENITVPDTKVNFYA,HLA-DRB1*15:01,t_cells
PPDAASAAPLRTITA,HLA-DRB1*15:01,t_cells
QPWEPLQLHVDKAVS,HLA-DRB1*15:01,t_cells
RGQALLVNSSQPWEP,HLA-DRB1*15:01,t_cells
RTITADTFRKLFRVY,HLA-DRB1*15:01,t_cells
SAAPLRTITADTFRK,HLA-DRB1*15:01,t_cells
SEAVLRGQALLVNSS,HLA-DRB1*15:01,t_cells
SNFLRGKLKLYTGEA,HLA-DRB1*15:01,t_cells
TTGCAEHCSLNENIT,HLA-DRB1*15:01,t_cells
TTLLRALGAQKEAIS,HLA-DRB1*15:01,t_cells
VEVWQGLALLSEAVL,HLA-DRB1*15:01,t_cells
VGQQAVEVWQGLALL,HLA-DRB1*15:01,t_cells
VLERYLLEAKEAENI,HLA-DRB1*15:01,t_cells
VNFYAWKRMEVGQQA,HLA-DRB1*15:01,t_cells
VPDTKVNFYAWKRME,HLA-DRB1*15:01,t_cells
WKRMEVGQQAVEVWQ,HLA-DRB1*15:01,t_cells
EEQYNSTYRVVSVLTVLHQDW,HLA-DRB1*15:01,t_cells
CKKYKIWMHVDAAWGGGLL,HLA-DRB1*15:01,t_cells
DVNYAFLHATDLLPACDG,HLA-DRB1*15:01,t_cells
GAISNMYAMMIARFKMFPEVKEKGM,HLA-DRB1*15:01,t_cells
GGLLMSRKHKWKLSGVERANSVTW,HLA-DRB1*15:01,t_cells
HPRYFNQLSTGLDMVG,HLA-DRB1*15:01,t_cells
SALLVREEGLMQNCNQMHAS,HLA-DRB1*15:01,t_cells
TTVYGAFDPLLAVAD,HLA-DRB1*15:01,t_cells
VCFWYIPPSLRTLED,HLA-DRB1*15:01,t_cells
VDVFKLWLMWRAKGTTGFEAH,HLA-DRB1*15:01,t_cells
YLYNIIKNREGYEMVFD,HLA-DRB1*15:01,t_cells
NVIRDAVTY,HLA-DRB1*15:01,t_cells
GTWYLKAMTVDREFPE,HLA-DRB1*15:01,t_cells
HYIFYCEGELHGKPVR,HLA-DRB1*15:01,t_cells
KPVRGVKLVGRDPKNNL,HLA-DRB1*15:01,t_cells
LEAKVTMLISGRCQEVK,HLA-DRB1*15:01,t_cells
MNLESVTPMTLTTLEGGNL,HLA-DRB1*15:01,t_cells
PGKYTADGGKHVAYII,HLA-DRB1*15:01,t_cells
HCLGKWLGHPDKF,HLA-DRB1*15:01,t_cells
NSVIIVDKNGRLV,HLA-DRB1*15:01,t_cells
GKQLYNVEATSYALLALLQLKDFD,HLA-DRB1*15:01,t_cells
QATFMVFQALAQYQKDAP,HLA-DRB1*15:01,t_cells
VPPVVRWLNEQRYYGGGY,HLA-DRB1*15:01,t_cells
LFCGCGHEALTGTEKLIETY,HLA-DRB1*15:01,t_cells
EEFGRFASFEAQGAL,HLA-DRB1*15:01,t_cells
TYRVVSVLTVLHQDW,HLA-DRB1*15:01,t_cells
TAALGCLVKDYFPEP,HLA-DRB1*15:01,t_cells
GWISLWKGFSF,HLA-DRB1*15:01,t_cells
VHFFKNIVTPRTP,HLA-DRB1*15:01,t_cells
GDMLLLWGRLTWRKM,HLA-DRB1*15:01,t_cells
WTTCQSIAFPSKTSASIGSL,HLA-DRB1*15:01,t_cells
YLLPAIVHI,HLA-DRB1*15:01,t_cells
EQNMIGMTPTVIAVHY,HLA-DRB1*15:01,t_cells
LELIKKGYTQQLAFRQPSSAF,HLA-DRB1*15:01,t_cells
SSAFAAFVKRAPSTWLTAY,HLA-DRB1*15:01,t_cells
KLKLYTGEACRTGDR,HLA-DRB3*01:01,b_cells
LVNSSQPWEPLQLHV,HLA-DRB3*01:01,b_cells
FGKQGFFPDSVNKALY,HLA-DRB3*01:01,b_cells
KVQWKVDNALQSGNS,HLA-DRB3*01:01,t_cells
LYSLSSVVTVPSSSL,HLA-DRB3*01:01,t_cells
NNYKTTPPVLDSDGS,HLA-DRB3*01:01,t_cells
TSICSLYQLENYCN,HLA-DRB3*01:01,t_cells
VVLLVATEGRVRVNSAYQDK,HLA-DRB3*01:01,t_cells
CLVKDYFPEPVTVSW,HLA-DRB3*01:01,t_cells
LQSSGLYSLSSVVTV,HLA-DRB3*01:01,t_cells
PPKPKDTLMISRTPE,HLA-DRB3*01:01,t_cells
SCSVMHEALHNHYTQ,HLA-DRB3*01:01,t_cells
SVFLFPPKPKDTLMI,HLA-DRB3*01:01,t_cells
SVLTVLHQDWLNGKE,HLA-DRB3*01:01,t_cells
SVVTVPSSSLGTQTY,HLA-DRB3*01:01,t_cells
TFPAVLQSSGLYSLS,HLA-DRB3*01:01,t_cells
TPPVLDSDGSFFLYS,HLA-DRB3*01:01,t_cells
ALGAQKEAISPPDAA,HLA-DRB3*01:01,t_cells
APPRLICDSRVLERY,HLA-DRB3*01:01,t_cells
DKAVSGLRSLTTLLR,HLA-DRB3*01:01,t_cells
DTFRKLFRVYSNFLR,HLA-DRB3*01:01,t_cells
EAENITTGCAEHCSL,HLA-DRB3*01:01,t_cells
EHCSLNENITVPDTK,HLA-DRB3*01:01,t_cells
GLALLSEAVLRGQAL,HLA-DRB3*01:01,t_cells
GLRSLTTLLRALGAQ,HLA-DRB3*01:01,t_cells
ICDSRVLERYLLEAK,HLA-DRB3*01:01,t_cells
KEAISPPDAASAAPL,HLA-DRB3*01:01,t_cells
KLKLYTGEACRTGDR,HLA-DRB3*01:01,t_cells
LFRVYSNFLRGKLKL,HLA-DRB3*01:01,t_cells
LLEAKEAENITTGCA,HLA-DRB3*01:01,t_cells
LQLHVDKAVSGLRSL,HLA-DRB3*01:01,t_cells
LVNSSQPWEPLQLHV,HLA-DRB3*01:01,t_cells
NENITVPDTKVNFYA,HLA-DRB3*01:01,t_cells
PPDAASAAPLRTITA,HLA-DRB3*01:01,t_cells
QPWEPLQLHVDKAVS,HLA-DRB3*01:01,t_cells
RGQALLVNSSQPWEP,HLA-DRB3*01:01,t_cells
RTITADTFRKLFRVY,HLA-DRB3*01:01,t_cells
SAAPLRTITADTFRK,HLA-DRB3*01:01,t_cells
SEAVLRGQALLVNSS,HLA-DRB3*01:01,t_cells
SNFLRGKLKLYTGEA,HLA-DRB3*01:01,t_cells
TTGCAEHCSLNENIT,HLA-DRB3*01:01,t_cells
TTLLRALGAQKEAIS,HLA-DRB3*01:01,t_cells
VEVWQGLALLSEAVL,HLA-DRB3*01:01,t_cells
VGQQAVEVWQGLALL,HLA-DRB3*01:01,t_cells
VLERYLLEAKEAENI,HLA-DRB3*01:01,t_cells
VNFYAWKRMEVGQQA,HLA-DRB3*01:01,t_cells
VPDTKVNFYAWKRME,HLA-DRB3*01:01,t_cells
WKRMEVGQQAVEVWQ,HLA-DRB3*01:01,t_cells
GTWYLKAMTVDREFPE,HLA-DRB3*01:01,t_cells
HYIFYCEGELHGKPVR,HLA-DRB3*01:01,t_cells
KPVRGVKLVGRDPKNNL,HLA-DRB3*01:01,t_cells
LEAKVTMLISGRCQEVK,HLA-DRB3*01:01,t_cells
MNLESVTPMTLTTLEGGNL,HLA-DRB3*01:01,t_cells
PGKYTADGGKHVAYII,HLA-DRB3*01:01,t_cells
NSVIIVDKNGRLV,HLA-DRB3*01:01,t_cells
TYRVVSVLTVLHQDW,HLA-DRB3*01:01,t_cells
FGKQGFFPDSVNKALY,HLA-DRB3*01:01,t_cells
TAALGCLVKDYFPEP,HLA-DRB3*01:01,t_cells
ENPVVHFFKNIVTPR,HLA-DRB3*02:02,b_cells
KVQWKVDNALQSGNS,HLA-DRB3*02:02,t_cells
LYSLSSVVTVPSSSL,HLA-DRB3*02:02,t_cells
NNYKTTPPVLDSDGS,HLA-DRB3*02:02,t_cells
VVLLVATEGRVRVNSAYQDK,HLA-DRB3*02:02,t_cells
CLVKDYFPEPVTVSW,HLA-DRB3*02:02,t_cells
LQSSGLYSLSSVVTV,HLA-DRB3*02:02,t_cells
PPKPKDTLMISRTPE,HLA-DRB3*02:02,t_cells
SCSVMHEALHNHYTQ,HLA-DRB3*02:02,t_cells
SVFLFPPKPKDTLMI,HLA-DRB3*02:02,t_cells
SVLTVLHQDWLNGKE,HLA-DRB3*02:02,t_cells
SVVTVPSSSLGTQTY,HLA-DRB3*02:02,t_cells
TFPAVLQSSGLYSLS,HLA-DRB3*02:02,t_cells
TPPVLDSDGSFFLYS,HLA-DRB3*02:02,t_cells
ENPVVHFFKNIVTPR,HLA-DRB3*02:02,t_cells
TYRVVSVLTVLHQDW,HLA-DRB3*02:02,t_cells
TAALGCLVKDYFPEP,HLA-DRB3*02:02,t_cells
PSLRTLEDNEERMSR,HLA-DRB4*01:01,b_cells
KLKLYTGEACRTGDR,HLA-DRB4*01:01,b_cells
LVNSSQPWEPLQLHV,HLA-DRB4*01:01,b_cells
MNILLQYVVKSFD,HLA-DRB4*01:01,t_cells
SLQPLALEGSLQKRG,HLA-DRB4*01:01,t_cells
NTNMFTYEIAPVFVLLEYVT,HLA-DRB4*01:01,t_cells
ATHQDIDFLIEEIERLGQDL,HLA-DRB4*01:01,t_cells
LVEALYLVCGERGFF,HLA-DRB4*01:01,t_cells
PGGAISNMYAMMIARFKMFP,HLA-DRB4*01:01,t_cells
PSLRTLEDNEERMSR,HLA-DRB4*01:01,t_cells
DERGKMIPSDLERRILEAKQ,HLA-DRB4*01:01,t_cells
LYSLSSVVTVPSSSL,HLA-DRB4*01:01,t_cells
NNYKTTPPVLDSDGS,HLA-DRB4*01:01,t_cells
TSICSLYQLENYCN,HLA-DRB4*01:01,t_cells
VIVMLTPLVEDGV,HLA-DRB4*01:01,t_cells
VVLLVATEGRVRVNSAYQDK,HLA-DRB4*01:01,t_cells
CLVKDYFPEPVTVSW,HLA-DRB4*01:01,t_cells
LQSSGLYSLSSVVTV,HLA-DRB4*01:01,t_cells
PPKPKDTLMISRTPE,HLA-DRB4*01:01,t_cells
SCSVMHEALHNHYTQ,HLA-DRB4*01:01,t_cells
SVFLFPPKPKDTLMI,HLA-DRB4*01:01,t_cells
SVLTVLHQDWLNGKE,HLA-DRB4*01:01,t_cells
SVVTVPSSSLGTQTY,HLA-DRB4*01:01,t_cells
TFPAVLQSSGLYSLS,HLA-DRB4*01:01,t_cells
TPPVLDSDGSFFLYS,HLA-DRB4*01:01,t_cells
DVMNILLQYVVKSFDRSTKV,HLA-DRB4*01:01,t_cells
KVNFFRMVISNPAATHQDID,HLA-DRB4*01:01,t_cells
HVDVFKLWLMWRAKGTTGFE,HLA-DRB4*01:01,t_cells
IAPVFVLLEYVTLKKMREII,HLA-DRB4*01:01,t_cells
ICKKYKIWMHVDAAWGGGLL,HLA-DRB4*01:01,t_cells
KGMAALPRLIAFTSEHSHFS,HLA-DRB4*01:01,t_cells
LRTLEDNEERMSRLSKVAPV,HLA-DRB4*01:01,t_cells
PLLALLALWGPDPAAAFVNQ,HLA-DRB4*01:01,t_cells
SDLERRILEAKQKGFVPFLV,HLA-DRB4*01:01,t_cells
VAPVIKARMMEYGTTMVSYQ,HLA-DRB4*01:01,t_cells
YAMMIARFKMFPEVKEKGMA,HLA-DRB4*01:01,t_cells
ALGAQKEAISPPDAA,HLA-DRB4*01:01,t_cells
APPRLICDSRVLERY,HLA-DRB4*01:01,t_cells
DKAVSGLRSLTTLLR,HLA-DRB4*01:01,t_cells
DTFRKLFRVYSNFLR,HLA-DRB4*01:01,t_cells
EAENITTGCAEHCSL,HLA-DRB4*01:01,t_cells
EHCSLNENITVPDTK,HLA-DRB4*01:01,t_cells
GLALLSEAVLRGQAL,HLA-DRB4*01:01,t_cells
GLRSLTTLLRALGAQ,HLA-DRB4*01:01,t_cells
ICDSRVLERYLLEAK,HLA-DRB4*01:01,t_cells
KEAISPPDAASAAPL,HLA-DRB4*01:01,t_cells
KLKLYTGEACRTGDR,HLA-DRB4*01:01,t_cells
LFRVYSNFLRGKLKL,HLA-DRB4*01:01,t_cells
LLEAKEAENITTGCA,HLA-DRB4*01:01,t_cells
LQLHVDKAVSGLRSL,HLA-DRB4*01:01,t_cells
LVNSSQPWEPLQLHV,HLA-DRB4*01:01,t_cells
NENITVPDTKVNFYA,HLA-DRB4*01:01,t_cells
PPDAASAAPLRTITA,HLA-DRB4*01:01,t_cells
QPWEPLQLHVDKAVS,HLA-DRB4*01:01,t_cells
RGQALLVNSSQPWEP,HLA-DRB4*01:01,t_cells
RTITADTFRKLFRVY,HLA-DRB4*01:01,t_cells
SAAPLRTITADTFRK,HLA-DRB4*01:01,t_cells
SEAVLRGQALLVNSS,HLA-DRB4*01:01,t_cells
SNFLRGKLKLYTGEA,HLA-DRB4*01:01,t_cells
TTGCAEHCSLNENIT,HLA-DRB4*01:01,t_cells
TTLLRALGAQKEAIS,HLA-DRB4*01:01,t_cells
VEVWQGLALLSEAVL,HLA-DRB4*01:01,t_cells
VGQQAVEVWQGLALL,HLA-DRB4*01:01,t_cells
VLERYLLEAKEAENI,HLA-DRB4*01:01,t_cells
VNFYAWKRMEVGQQA,HLA-DRB4*01:01,t_cells
VPDTKVNFYAWKRME,HLA-DRB4*01:01,t_cells
WKRMEVGQQAVEVWQ,HLA-DRB4*01:01,t_cells
GTWYLKAMTVDREFPE,HLA-DRB4*01:01,t_cells
HYIFYCEGELHGKPVR,HLA-DRB4*01:01,t_cells
KPVRGVKLVGRDPKNNL,HLA-DRB4*01:01,t_cells
LEAKVTMLISGRCQEVK,HLA-DRB4*01:01,t_cells
MNLESVTPMTLTTLEGGNL,HLA-DRB4*01:01,t_cells
PGKYTADGGKHVAYII,HLA-DRB4*01:01,t_cells
TYRVVSVLTVLHQDW,HLA-DRB4*01:01,t_cells
TAALGCLVKDYFPEP,HLA-DRB4*01:01,t_cells
ALLALWGPDPAA,HLA-DRB4*01:01,t_cells
ALWGPDPAAAFV,HLA-DRB4*01:01,t_cells
PSLRTLEDNEERMSR,HLA-DRB5*01:01,b_cells
DENPVVHFFKNIVTPRTPP,HLA-DRB5*01:01,b_cells
KYLATASTMDHARHGFLPRH,HLA-DRB5*01:01,b_cells
ENPVVHFFKNIVTPR,HLA-DRB5*01:01,b_cells
ENPVVHFFKNIVTPRTP,HLA-DRB5*01:01,b_cells
KLKLYTGEACRTGDR,HLA-DRB5*01:01,b_cells
LVNSSQPWEPLQLHV,HLA-DRB5*01:01,b_cells
ASFEAQGALANIAVDKA,HLA-DRB5*01:01,b_cells
VHFFKNIVTPRTP,HLA-DRB5*01:01,b_cells
WTTCQSIAFPSKTSASIGSL,HLA-DRB5*01:01,b_cells
YLLPAIVHI,HLA-DRB5*01:01,b_cells
PSLRTLEDNEERMSR,HLA-DRB5*01:01,t_cells
LYSLSSVVTVPSSSL,HLA-DRB5*01:01,t_cells
DENPVVHFFKNIVTPRTPP,HLA-DRB5*01:01,t_cells
KYLATASTMDHARHGFLPRH,HLA-DRB5*01:01,t_cells
TGTEKLIETYFSKNYQDYEYL,HLA-DRB5*01:01,t_cells
GSGKDSHHPARTAHYGSLPQ,HLA-DRB5*01:01,t_cells
GFGYGGRASDYKSAHKGFKG,HLA-DRB5*01:01,t_cells
NNYKTTPPVLDSDGS,HLA-DRB5*01:01,t_cells
TSICSLYQLENYCN,HLA-DRB5*01:01,t_cells
VVLLVATEGRVRVNSAYQDK,HLA-DRB5*01:01,t_cells
CLVKDYFPEPVTVSW,HLA-DRB5*01:01,t_cells
LQSSGLYSLSSVVTV,HLA-DRB5*01:01,t_cells
PPKPKDTLMISRTPE,HLA-DRB5*01:01,t_cells
SCSVMHEALHNHYTQ,HLA-DRB5*01:01,t_cells
SVFLFPPKPKDTLMI,HLA-DRB5*01:01,t_cells
SVLTVLHQDWLNGKE,HLA-DRB5*01:01,t_cells
SVVTVPSSSLGTQTY,HLA-DRB5*01:01,t_cells
TFPAVLQSSGLYSLS,HLA-DRB5*01:01,t_cells
TPPVLDSDGSFFLYS,HLA-DRB5*01:01,t_cells
ENPVVHFFKNIVTPR,HLA-DRB5*01:01,t_cells
ENPVVHFFKNIVTPRTP,HLA-DRB5*01:01,t_cells
TPTLVEVSRNLGK,HLA-DRB5*01:01,t_cells
ALGAQKEAISPPDAA,HLA-DRB5*01:01,t_cells
APPRLICDSRVLERY,HLA-DRB5*01:01,t_cells
DKAVSGLRSLTTLLR,HLA-DRB5*01:01,t_cells
DTFRKLFRVYSNFLR,HLA-DRB5*01:01,t_cells
EAENITTGCAEHCSL,HLA-DRB5*01:01,t_cells
EHCSLNENITVPDTK,HLA-DRB5*01:01,t_cells
GLALLSEAVLRGQAL,HLA-DRB5*01:01,t_cells
GLRSLTTLLRALGAQ,HLA-DRB5*01:01,t_cells
ICDSRVLERYLLEAK,HLA-DRB5*01:01,t_cells
KEAISPPDAASAAPL,HLA-DRB5*01:01,t_cells
KLKLYTGEACRTGDR,HLA-DRB5*01:01,t_cells
LFRVYSNFLRGKLKL,HLA-DRB5*01:01,t_cells
LLEAKEAENITTGCA,HLA-DRB5*01:01,t_cells
LQLHVDKAVSGLRSL,HLA-DRB5*01:01,t_cells
LVNSSQPWEPLQLHV,HLA-DRB5*01:01,t_cells
NENITVPDTKVNFYA,HLA-DRB5*01:01,t_cells
PPDAASAAPLRTITA,HLA-DRB5*01:01,t_cells
QPWEPLQLHVDKAVS,HLA-DRB5*01:01,t_cells
RGQALLVNSSQPWEP,HLA-DRB5*01:01,t_cells
RTITADTFRKLFRVY,HLA-DRB5*01:01,t_cells
SAAPLRTITADTFRK,HLA-DRB5*01:01,t_cells
SEAVLRGQALLVNSS,HLA-DRB5*01:01,t_cells
SNFLRGKLKLYTGEA,HLA-DRB5*01:01,t_cells
TTGCAEHCSLNENIT,HLA-DRB5*01:01,t_cells
TTLLRALGAQKEAIS,HLA-DRB5*01:01,t_cells
VEVWQGLALLSEAVL,HLA-DRB5*01:01,t_cells
VGQQAVEVWQGLALL,HLA-DRB5*01:01,t_cells
VLERYLLEAKEAENI,HLA-DRB5*01:01,t_cells
VNFYAWKRMEVGQQA,HLA-DRB5*01:01,t_cells
VPDTKVNFYAWKRME,HLA-DRB5*01:01,t_cells
WKRMEVGQQAVEVWQ,HLA-DRB5*01:01,t_cells
VAIQAVLSL,HLA-DRB5*01:01,t_cells
NVIRDAVTY,HLA-DRB5*01:01,t_cells
GTWYLKAMTVDREFPE,HLA-DRB5*01:01,t_cells
HYIFYCEGELHGKPVR,HLA-DRB5*01:01,t_cells
KPVRGVKLVGRDPKNNL,HLA-DRB5*01:01,t_cells
LEAKVTMLISGRCQEVK,HLA-DRB5*01:01,t_cells
MNLESVTPMTLTTLEGGNL,HLA-DRB5*01:01,t_cells
PGKYTADGGKHVAYII,HLA-DRB5*01:01,t_cells
ILDEKPVII,HLA-DRB5*01:01,t_cells
ILDKKVEKV,HLA-DRB5*01:01,t_cells
LFCGCGHEALTGTEKLIETY,HLA-DRB5*01:01,t_cells
ATAGDGLIELRK,HLA-DRB5*01:01,t_cells
GSSDVIIHR,HLA-DRB5*01:01,t_cells
GTSSVIVSR,HLA-DRB5*01:01,t_cells
ASFDKAKLK,HLA-DRB5*01:01,t_cells
ASFEAQGALANIAVDKA,HLA-DRB5*01:01,t_cells
SSVPGVRLL,HLA-DRB5*01:01,t_cells
SDVGEFRAVTELGRP,HLA-DRB5*01:01,t_cells
TYRVVSVLTVLHQDW,HLA-DRB5*01:01,t_cells
TAALGCLVKDYFPEP,HLA-DRB5*01:01,t_cells
VHFFKNIVTPRTP,HLA-DRB5*01:01,t_cells
WTTCQSIAFPSKTSASIGSL,HLA-DRB5*01:01,t_cells
YLLPAIVHI,HLA-DRB5*01:01,t_cells
ASFEAQGALANIAVDKA,HLA-DQA1*05:01/DQB1*02:01,b_cells
SHLVEALYLVCGERG,HLA-DQA1*05:01/DQB1*02:01,b_cells
SLQPLALEGSLQKRG,HLA-DQA1*05:01/DQB1*02:01,t_cells
WGPDPAAA,HLA-DQA1*05:01/DQB1*02:01,t_cells
LCGSHLVEALYLVCGER,HLA-DQA1*05:01/DQB1*02:01,t_cells
LVEALYLVCGERGFF,HLA-DQA1*05:01/DQB1*02:01,t_cells
SHLVEALYLV,HLA-DQA1*05:01/DQB1*02:01,t_cells
KVQWKVDNALQSGNS,HLA-DQA1*05:01/DQB1*02:01,t_cells
DIMRVNVDKVLERDQKL,HLA-DQA1*05:01/DQB1*02:01,t_cells
LPSQAFEYILYNKG,HLA-DQA1*05:01/DQB1*02:01,t_cells
NSVIIVDKNGRLV,HLA-DQA1*05:01/DQB1*02:01,t_cells
VDKVLERDQKLSELDDR,HLA-DQA1*05:01/DQB1*02:01,t_cells
ASFEAQGALANIAVDKA,HLA-DQA1*05:01/DQB1*02:01,t_cells
SDVGEFRAVTELGRP,HLA-DQA1*05:01/DQB1*02:01,t_cells
GDRGEKPASPAVQPDA,HLA-DQA1*05:01/DQB1*02:01,t_cells
TRREAEDLQVGQVELG,HLA-DQA1*05:01/DQB1*02:01,t_cells
VPRLPEQGSSSRAEDSPEG,HLA-DQA1*05:01/DQB1*02:01,t_cells
SHLVEALYLVCGERG,HLA-DQA1*05:01/DQB1*02:01,t_cells
MLYQHLLPL,HLA-DQA1*05:01/DQB1*02:01,t_cells
VMAPRTLVL,HLA-DQA1*05:01/DQB1*02:01,t_cells
SHLVEALYLVCGERG,HLA-DQA1*05:01/DQB1*03:01,b_cells
SHLVEALYLVCGERG,HLA-DQA1*05:01/DQB1*03:01,t_cells
CFWYIPPSLRTLEDN,HLA-DQA1*03:01/DQB1*03:02,b_cells
YVVKSFDRSTKVIDFHYPNE,HLA-DQA1*03:01/DQB1*03:02,b_cells
AMMIARFKMFPEVKEKGMAALPRL,HLA-DQA1*03:01/DQB1*03:02,b_cells
LGTWTYDGSVVAINPES,HLA-DQA1*03:01/DQB1*03:02,b_cells
KDILEDERAAVDTYC,HLA-DQA1*03:01/DQB1*03:02,b_cells
KDLLEQKRAAVDTYC,HLA-DQA1*03:01/DQB1*03:02,b_cells
SHLVEALYLVCGERG,HLA-DQA1*03:01/DQB1*03:02,b_cells
SLQPLALEGSLQKRG,HLA-DQA1*03:01/DQB1*03:02,t_cells
CFWYIPPSLRTLEDN,HLA-DQA1*03:01/DQB1*03:02,t_cells
ERMSRLSKVAPVIKA,HLA-DQA1*03:01/DQB1*03:02,t_cells
MHCQTTLKYAIKTGH,HLA-DQA1*03:01/DQB1*03:02,t_cells
NTNMFTYEIAPVFVLLEYVT,HLA-DQA1*03:01/DQB1*03:02,t_cells
YVVKSFDRSTKVIDFHYPNE,HLA-DQA1*03:01/DQB1*03:02,t_cells
WGPDPAAA,HLA-DQA1*03:01/DQB1*03:02,t_cells
LCGSHLVEALYLVCGER,HLA-DQA1*03:01/DQB1*03:02,t_cells
LVEALYLVCGERGFF,HLA-DQA1*03:01/DQB1*03:02,t_cells
PGGAISNMYAMMIARFKMFP,HLA-DQA1*03:01/DQB1*03:02,t_cells
AMMIARFKMFPEVKEKGMAALPRL,HLA-DQA1*03:01/DQB1*03:02,t_cells
REEVFDERAANFENH,HLA-DQA1*03:01/DQB1*03:02,t_cells
LGTWTYDGSVVAINPES,HLA-DQA1*03:01/DQB1*03:02,t_cells
TSICSLYQLENYCN,HLA-DQA1*03:01/DQB1*03:02,t_cells
PLLALLALWGPDPAAAFVNQ,HLA-DQA1*03:01/DQB1*03:02,t_cells
SHLVEALYLVCGEEG,HLA-DQA1*03:01/DQB1*03:02,t_cells
KDILEDERAAVDTYC,HLA-DQA1*03:01/DQB1*03:02,t_cells
KDLLEQKRAAVDTYC,HLA-DQA1*03:01/DQB1*03:02,t_cells
VFDERAANFE,HLA-DQA1*03:01/DQB1*03:02,t_cells
GDRGEKPASPAVQPDA,HLA-DQA1*03:01/DQB1*03:02,t_cells
TRREAEDLQVGQVELG,HLA-DQA1*03:01/DQB1*03:02,t_cells
VPRLPEQGSSSRAEDSPEG,HLA-DQA1*03:01/DQB1*03:02,t_cells
SHLVEALYLVCGERG,HLA-DQA1*03:01/DQB1*03:02,t_cells
MLYQHLLPL,HLA-DQA1*03:01/DQB1*03:02,t_cells
SHLVEALYLVCGERG,HLA-DQA1*01:01/DQB1*05:01,b_cells
REEVFDERAANFENH,HLA-DQA1*01:01/DQB1*05:01,t_cells
SHLVEALYLVCGERG,HLA-DQA1*01:01/DQB1*05:01,t_cells
KYLATASTMDHARHGFLPRH,HLA-DQA1*01:02/DQB1*06:02,b_cells
HCLGKWLGHPDKF,HLA-DQA1*01:02/DQB1*06:02,b_cells
KDLLEQKRAAVDTYC,HLA-DQA1*01:02/DQB1*06:02,b_cells
ASFEAQGALANIAVDKA,HLA-DQA1*01:02/DQB1*06:02,b_cells
SHLVEALYLVCGERG,HLA-DQA1*01:02/DQB1*06:02,b_cells
LCGSHLVEAL,HLA-DQA1*01:02/DQB1*06:02,t_cells
REEVFDERAANFENH,HLA-DQA1*01:02/DQB1*06:02,t_cells
KYLATASTMDHARHGFLPRH,HLA-DQA1*01:02/DQB1*06:02,t_cells
FEAQGALANIAVDK,HLA-DQA1*01:02/DQB1*06:02,t_cells
LHGAGNHAAGILTLG,HLA-DQA1*01:02/DQB1*06:02,t_cells
MNLPSTKVSWAAVTL,HLA-DQA1*01:02/DQB1*06:02,t_cells
QASGNHAAGILTMGR,HLA-DQA1*01:02/DQB1*06:02,t_cells
QRLLQASGNHAAGIL,HLA-DQA1*01:02/DQB1*06:02,t_cells
HCLGKWLGHPDKF,HLA-DQA1*01:02/DQB1*06:02,t_cells
KDLLEQKRAAVDTYC,HLA-DQA1*01:02/DQB1*06:02,t_cells
MNLPSTKVSWAAV,HLA-DQA1*01:02/DQB1*06:02,t_cells
ASFEAQGALANIAVDKA,HLA-DQA1*01:02/DQB1*06:02,t_cells
SHLVEALYLVCGERG,HLA-DQA1*01:02/DQB1*06:02,t_cells
