sequence,hydrophobicity,is_tmh,mhc_haplotype,percentile,is_binder
RKRKRRRRQHRNRKERRRDKKRQKREKRRKRKRRKKHNKD,-4.055,FALSE,HLA-A*01:01,0.02,TRUE
RKRKRRRRQHRNRKERRRDKKRQKREKRRKRKRRKKHNKD,-4.055,FALSE,HLA-A*02:01,0.02,TRUE
RKRKRRRRQHRNRKERRRDKKRQKREKRRKRKRRKKHNKD,-4.055,FALSE,HLA-A*03:01,0.02,TRUE
RKRKRRRRQHRNRKERRRDKKRQKREKRRKRKRRKKHNKD,-4.055,FALSE,HLA-A*24:02,0.02,FALSE
RKRKRRRRQHRNRKERRRDKKRQKREKRRKRKRRKKHNKD,-4.055,FALSE,HLA-A*26:01,0.02,FALSE
RKRKRRRRQHRNRKERRRDKKRQKREKRRKRKRRKKHNKD,-4.055,FALSE,HLA-B*07:02,0.02,FALSE
RKRKRRRRQHRNRKERRRDKKRQKREKRRKRKRRKKHNKD,-4.055,FALSE,HLA-B*08:01,0.02,TRUE
RKRKRRRRQHRNRKERRRDKKRQKREKRRKRKRRKKHNKD,-4.055,FALSE,HLA-B*18:01,0.02,FALSE
RKRKRRRRQHRNRKERRRDKKRQKREKRRKRKRRKKHNKD,-4.055,FALSE,HLA-B*27:05,0.02,TRUE
RKRKRRRRQHRNRKERRRDKKRQKREKRRKRKRRKKHNKD,-4.055,FALSE,HLA-B*39:01,0.02,FALSE
RKRKRRRRQHRNRKERRRDKKRQKREKRRKRKRRKKHNKD,-4.055,FALSE,HLA-B*40:02,0.02,FALSE
RKRKRRRRQHRNRKERRRDKKRQKREKRRKRKRRKKHNKD,-4.055,FALSE,HLA-B*58:01,0.02,FALSE
RKRKRRRRQHRNRKERRRDKKRQKREKRRKRKRRKKHNKD,-4.055,FALSE,HLA-B*15:01,0.02,FALSE
RKRKRRRRQHRNRKERRRDKKRQKREKRRKRKRRKKHNKD,-4.055,FALSE,HLA-DRB3*0101,0.02,FALSE
RKRKRRRRQHRNRKERRRDKKRQKREKRRKRKRRKKHNKD,-4.055,FALSE,HLA-DRB3*0202,0.02,TRUE
RKRKRRRRQHRNRKERRRDKKRQKREKRRKRKRRKKHNKD,-4.055,FALSE,HLA-DRB4*0101,0.02,TRUE
RKRKRRRRQHRNRKERRRDKKRQKREKRRKRKRRKKHNKD,-4.055,FALSE,HLA-DRB5*0101,0.02,TRUE
RKRKRRRRQHRNRKERRRDKKRQKREKRRKRKRRKKHNKD,-4.055,FALSE,HLA-DQA1*0501/DQB1*0301,0.02,FALSE
RKRKRRRRQHRNRKERRRDKKRQKREKRRKRKRRKKHNKD,-4.055,FALSE,HLA-DQA1*0301/DQB1*0302,0.02,FALSE
RKRKRRRRQHRNRKERRRDKKRQKREKRRKRKRRKKHNKD,-4.055,FALSE,HLA-DQA1*0101/DQB1*0501,0.02,FALSE
RKRKRRRRQHRNRKERRRDKKRQKREKRRKRKRRKKHNKD,-4.055,FALSE,HLA-DQA1*0102/DQB1*0602,0.02,TRUE
RKRKRRRRQHRNRKERRRDKKRQKREKRRKRKRRKKHNKD,-4.055,FALSE,HLA-DPB1*0101,0.02,FALSE
RKRKRRRRQHRNRKERRRDKKRQKREKRRKRKRRKKHNKD,-4.055,FALSE,HLA-DPB1*0201,0.02,FALSE
RKRKRRRRQHRNRKERRRDKKRQKREKRRKRKRRKKHNKD,-4.055,FALSE,HLA-DPB1*0401,0.02,FALSE
RKRKRRRRQHRNRKERRRDKKRQKREKRRKRKRRKKHNKD,-4.055,FALSE,HLA-DPB1*0402,0.02,FALSE
RKRKRRRRQHRNRKERRRDKKRQKREKRRKRKRRKKHNKD,-4.055,FALSE,HLA-DPB1*0501,0.02,FALSE
HRNRRRRDRDRKDDHQRRQRRRKDDDNRRRRRRNERKKRQ,-4.025,FALSE,HLA-A*01:01,0.02,TRUE
HRNRRRRDRDRKDDHQRRQRRRKDDDNRRRRRRNERKKRQ,-4.025,FALSE,HLA-A*02:01,0.02,FALSE
HRNRRRRDRDRKDDHQRRQRRRKDDDNRRRRRRNERKKRQ,-4.025,FALSE,HLA-A*03:01,0.02,TRUE
HRNRRRRDRDRKDDHQRRQRRRKDDDNRRRRRRNERKKRQ,-4.025,FALSE,HLA-A*24:02,0.02,FALSE
HRNRRRRDRDRKDDHQRRQRRRKDDDNRRRRRRNERKKRQ,-4.025,FALSE,HLA-A*26:01,0.02,FALSE
HRNRRRRDRDRKDDHQRRQRRRKDDDNRRRRRRNERKKRQ,-4.025,FALSE,HLA-B*07:02,0.02,FALSE
HRNRRRRDRDRKDDHQRRQRRRKDDDNRRRRRRNERKKRQ,-4.025,FALSE,HLA-B*08:01,0.02,TRUE
HRNRRRRDRDRKDDHQRRQRRRKDDDNRRRRRRNERKKRQ,-4.025,FALSE,HLA-B*18:01,0.02,FALSE
HRNRRRRDRDRKDDHQRRQRRRKDDDNRRRRRRNERKKRQ,-4.025,FALSE,HLA-B*27:05,0.02,TRUE
HRNRRRRDRDRKDDHQRRQRRRKDDDNRRRRRRNERKKRQ,-4.025,FALSE,HLA-B*39:01,0.02,FALSE
HRNRRRRDRDRKDDHQRRQRRRKDDDNRRRRRRNERKKRQ,-4.025,FALSE,HLA-B*40:02,0.02,FALSE
HRNRRRRDRDRKDDHQRRQRRRKDDDNRRRRRRNERKKRQ,-4.025,FALSE,HLA-B*58:01,0.02,FALSE
HRNRRRRDRDRKDDHQRRQRRRKDDDNRRRRRRNERKKRQ,-4.025,FALSE,HLA-B*15:01,0.02,FALSE
HRNRRRRDRDRKDDHQRRQRRRKDDDNRRRRRRNERKKRQ,-4.025,FALSE,HLA-DRB3*0101,0.02,FALSE
HRNRRRRDRDRKDDHQRRQRRRKDDDNRRRRRRNERKKRQ,-4.025,FALSE,HLA-DRB3*0202,0.02,TRUE
HRNRRRRDRDRKDDHQRRQRRRKDDDNRRRRRRNERKKRQ,-4.025,FALSE,HLA-DRB4*0101,0.02,TRUE
HRNRRRRDRDRKDDHQRRQRRRKDDDNRRRRRRNERKKRQ,-4.025,FALSE,HLA-DRB5*0101,0.02,TRUE
HRNRRRRDRDRKDDHQRRQRRRKDDDNRRRRRRNERKKRQ,-4.025,FALSE,HLA-DQA1*0501/DQB1*0301,0.02,TRUE
HRNRRRRDRDRKDDHQRRQRRRKDDDNRRRRRRNERKKRQ,-4.025,FALSE,HLA-DQA1*0301/DQB1*0302,0.02,FALSE
HRNRRRRDRDRKDDHQRRQRRRKDDDNRRRRRRNERKKRQ,-4.025,FALSE,HLA-DQA1*0101/DQB1*0501,0.02,FALSE
HRNRRRRDRDRKDDHQRRQRRRKDDDNRRRRRRNERKKRQ,-4.025,FALSE,HLA-DQA1*0102/DQB1*0602,0.02,TRUE
HRNRRRRDRDRKDDHQRRQRRRKDDDNRRRRRRNERKKRQ,-4.025,FALSE,HLA-DPB1*0101,0.02,FALSE
HRNRRRRDRDRKDDHQRRQRRRKDDDNRRRRRRNERKKRQ,-4.025,FALSE,HLA-DPB1*0201,0.02,FALSE
HRNRRRRDRDRKDDHQRRQRRRKDDDNRRRRRRNERKKRQ,-4.025,FALSE,HLA-DPB1*0401,0.02,FALSE
HRNRRRRDRDRKDDHQRRQRRRKDDDNRRRRRRNERKKRQ,-4.025,FALSE,HLA-DPB1*0402,0.02,FALSE
HRNRRRRDRDRKDDHQRRQRRRKDDDNRRRRRRNERKKRQ,-4.025,FALSE,HLA-DPB1*0501,0.02,FALSE
QNKPKKRKHKDRKDNNNQNNHNNNNEKEHDNDNDHDEKDE,-3.5524999999999998,FALSE,HLA-A*01:01,0.02,TRUE
QNKPKKRKHKDRKDNNNQNNHNNNNEKEHDNDNDHDEKDE,-3.5524999999999998,FALSE,HLA-A*02:01,0.02,TRUE
QNKPKKRKHKDRKDNNNQNNHNNNNEKEHDNDNDHDEKDE,-3.5524999999999998,FALSE,HLA-A*03:01,0.02,TRUE
QNKPKKRKHKDRKDNNNQNNHNNNNEKEHDNDNDHDEKDE,-3.5524999999999998,FALSE,HLA-A*24:02,0.02,FALSE
QNKPKKRKHKDRKDNNNQNNHNNNNEKEHDNDNDHDEKDE,-3.5524999999999998,FALSE,HLA-A*26:01,0.02,FALSE
QNKPKKRKHKDRKDNNNQNNHNNNNEKEHDNDNDHDEKDE,-3.5524999999999998,FALSE,HLA-B*07:02,0.02,TRUE
QNKPKKRKHKDRKDNNNQNNHNNNNEKEHDNDNDHDEKDE,-3.5524999999999998,FALSE,HLA-B*08:01,0.02,TRUE
QNKPKKRKHKDRKDNNNQNNHNNNNEKEHDNDNDHDEKDE,-3.5524999999999998,FALSE,HLA-B*18:01,0.02,FALSE
QNKPKKRKHKDRKDNNNQNNHNNNNEKEHDNDNDHDEKDE,-3.5524999999999998,FALSE,HLA-B*27:05,0.02,FALSE
QNKPKKRKHKDRKDNNNQNNHNNNNEKEHDNDNDHDEKDE,-3.5524999999999998,FALSE,HLA-B*39:01,0.02,FALSE
QNKPKKRKHKDRKDNNNQNNHNNNNEKEHDNDNDHDEKDE,-3.5524999999999998,FALSE,HLA-B*40:02,0.02,FALSE
QNKPKKRKHKDRKDNNNQNNHNNNNEKEHDNDNDHDEKDE,-3.5524999999999998,FALSE,HLA-B*58:01,0.02,FALSE
QNKPKKRKHKDRKDNNNQNNHNNNNEKEHDNDNDHDEKDE,-3.5524999999999998,FALSE,HLA-B*15:01,0.02,FALSE
QNKPKKRKHKDRKDNNNQNNHNNNNEKEHDNDNDHDEKDE,-3.5524999999999998,FALSE,HLA-DRB3*0101,0.02,TRUE
QNKPKKRKHKDRKDNNNQNNHNNNNEKEHDNDNDHDEKDE,-3.5524999999999998,FALSE,HLA-DRB3*0202,0.02,FALSE
QNKPKKRKHKDRKDNNNQNNHNNNNEKEHDNDNDHDEKDE,-3.5524999999999998,FALSE,HLA-DRB4*0101,0.02,FALSE
QNKPKKRKHKDRKDNNNQNNHNNNNEKEHDNDNDHDEKDE,-3.5524999999999998,FALSE,HLA-DRB5*0101,0.02,TRUE
QNKPKKRKHKDRKDNNNQNNHNNNNEKEHDNDNDHDEKDE,-3.5524999999999998,FALSE,HLA-DQA1*0501/DQB1*0301,0.02,FALSE
QNKPKKRKHKDRKDNNNQNNHNNNNEKEHDNDNDHDEKDE,-3.5524999999999998,FALSE,HLA-DQA1*0301/DQB1*0302,0.02,TRUE
QNKPKKRKHKDRKDNNNQNNHNNNNEKEHDNDNDHDEKDE,-3.5524999999999998,FALSE,HLA-DQA1*0101/DQB1*0501,0.02,FALSE
QNKPKKRKHKDRKDNNNQNNHNNNNEKEHDNDNDHDEKDE,-3.5524999999999998,FALSE,HLA-DQA1*0102/DQB1*0602,0.02,FALSE
QNKPKKRKHKDRKDNNNQNNHNNNNEKEHDNDNDHDEKDE,-3.5524999999999998,FALSE,HLA-DPB1*0101,0.02,FALSE
QNKPKKRKHKDRKDNNNQNNHNNNNEKEHDNDNDHDEKDE,-3.5524999999999998,FALSE,HLA-DPB1*0201,0.02,FALSE
QNKPKKRKHKDRKDNNNQNNHNNNNEKEHDNDNDHDEKDE,-3.5524999999999998,FALSE,HLA-DPB1*0401,0.02,FALSE
QNKPKKRKHKDRKDNNNQNNHNNNNEKEHDNDNDHDEKDE,-3.5524999999999998,FALSE,HLA-DPB1*0402,0.02,FALSE
QNKPKKRKHKDRKDNNNQNNHNNNNEKEHDNDNDHDEKDE,-3.5524999999999998,FALSE,HLA-DPB1*0501,0.02,FALSE
EQNQQDQHQRDNRNQEHNKDENDQEKRNEDQEDREQEQDE,-3.6049999999999995,FALSE,HLA-A*01:01,0.02,TRUE
EQNQQDQHQRDNRNQEHNKDENDQEKRNEDQEDREQEQDE,-3.6049999999999995,FALSE,HLA-A*02:01,0.02,TRUE
EQNQQDQHQRDNRNQEHNKDENDQEKRNEDQEDREQEQDE,-3.6049999999999995,FALSE,HLA-A*03:01,0.02,TRUE
EQNQQDQHQRDNRNQEHNKDENDQEKRNEDQEDREQEQDE,-3.6049999999999995,FALSE,HLA-A*24:02,0.02,FALSE
EQNQQDQHQRDNRNQEHNKDENDQEKRNEDQEDREQEQDE,-3.6049999999999995,FALSE,HLA-A*26:01,0.02,FALSE
EQNQQDQHQRDNRNQEHNKDENDQEKRNEDQEDREQEQDE,-3.6049999999999995,FALSE,HLA-B*07:02,0.02,FALSE
EQNQQDQHQRDNRNQEHNKDENDQEKRNEDQEDREQEQDE,-3.6049999999999995,FALSE,HLA-B*08:01,0.02,TRUE
EQNQQDQHQRDNRNQEHNKDENDQEKRNEDQEDREQEQDE,-3.6049999999999995,FALSE,HLA-B*18:01,0.02,FALSE
EQNQQDQHQRDNRNQEHNKDENDQEKRNEDQEDREQEQDE,-3.6049999999999995,FALSE,HLA-B*27:05,0.02,FALSE
EQNQQDQHQRDNRNQEHNKDENDQEKRNEDQEDREQEQDE,-3.6049999999999995,FALSE,HLA-B*39:01,0.02,FALSE
EQNQQDQHQRDNRNQEHNKDENDQEKRNEDQEDREQEQDE,-3.6049999999999995,FALSE,HLA-B*40:02,0.02,FALSE
EQNQQDQHQRDNRNQEHNKDENDQEKRNEDQEDREQEQDE,-3.6049999999999995,FALSE,HLA-B*58:01,0.02,FALSE
EQNQQDQHQRDNRNQEHNKDENDQEKRNEDQEDREQEQDE,-3.6049999999999995,FALSE,HLA-B*15:01,0.02,FALSE
EQNQQDQHQRDNRNQEHNKDENDQEKRNEDQEDREQEQDE,-3.6049999999999995,FALSE,HLA-DRB3*0101,0.02,FALSE
EQNQQDQHQRDNRNQEHNKDENDQEKRNEDQEDREQEQDE,-3.6049999999999995,FALSE,HLA-DRB3*0202,0.02,FALSE
EQNQQDQHQRDNRNQEHNKDENDQEKRNEDQEDREQEQDE,-3.6049999999999995,FALSE,HLA-DRB4*0101,0.02,TRUE
EQNQQDQHQRDNRNQEHNKDENDQEKRNEDQEDREQEQDE,-3.6049999999999995,FALSE,HLA-DRB5*0101,0.02,TRUE
EQNQQDQHQRDNRNQEHNKDENDQEKRNEDQEDREQEQDE,-3.6049999999999995,FALSE,HLA-DQA1*0501/DQB1*0301,0.02,FALSE
EQNQQDQHQRDNRNQEHNKDENDQEKRNEDQEDREQEQDE,-3.6049999999999995,FALSE,HLA-DQA1*0301/DQB1*0302,0.02,TRUE
EQNQQDQHQRDNRNQEHNKDENDQEKRNEDQEDREQEQDE,-3.6049999999999995,FALSE,HLA-DQA1*0101/DQB1*0501,0.02,FALSE
EQNQQDQHQRDNRNQEHNKDENDQEKRNEDQEDREQEQDE,-3.6049999999999995,FALSE,HLA-DQA1*0102/DQB1*0602,0.02,FALSE
EQNQQDQHQRDNRNQEHNKDENDQEKRNEDQEDREQEQDE,-3.6049999999999995,FALSE,HLA-DPB1*0101,0.02,FALSE
EQNQQDQHQRDNRNQEHNKDENDQEKRNEDQEDREQEQDE,-3.6049999999999995,FALSE,HLA-DPB1*0201,0.02,FALSE
EQNQQDQHQRDNRNQEHNKDENDQEKRNEDQEDREQEQDE,-3.6049999999999995,FALSE,HLA-DPB1*0401,0.02,FALSE
EQNQQDQHQRDNRNQEHNKDENDQEKRNEDQEDREQEQDE,-3.6049999999999995,FALSE,HLA-DPB1*0402,0.02,FALSE
EQNQQDQHQRDNRNQEHNKDENDQEKRNEDQEDREQEQDE,-3.6049999999999995,FALSE,HLA-DPB1*0501,0.02,FALSE
NEKEKNHNPDNHQNEDQQHHQNDHQHKDPDEDDHEKHQHE,-3.3775,FALSE,HLA-A*01:01,0.02,TRUE
NEKEKNHNPDNHQNEDQQHHQNDHQHKDPDEDDHEKHQHE,-3.3775,FALSE,HLA-A*02:01,0.02,FALSE
NEKEKNHNPDNHQNEDQQHHQNDHQHKDPDEDDHEKHQHE,-3.3775,FALSE,HLA-A*03:01,0.02,TRUE
NEKEKNHNPDNHQNEDQQHHQNDHQHKDPDEDDHEKHQHE,-3.3775,FALSE,HLA-A*24:02,0.02,FALSE
NEKEKNHNPDNHQNEDQQHHQNDHQHKDPDEDDHEKHQHE,-3.3775,FALSE,HLA-A*26:01,0.02,FALSE
NEKEKNHNPDNHQNEDQQHHQNDHQHKDPDEDDHEKHQHE,-3.3775,FALSE,HLA-B*07:02,0.02,FALSE
NEKEKNHNPDNHQNEDQQHHQNDHQHKDPDEDDHEKHQHE,-3.3775,FALSE,HLA-B*08:01,0.02,TRUE
NEKEKNHNPDNHQNEDQQHHQNDHQHKDPDEDDHEKHQHE,-3.3775,FALSE,HLA-B*18:01,0.02,TRUE
NEKEKNHNPDNHQNEDQQHHQNDHQHKDPDEDDHEKHQHE,-3.3775,FALSE,HLA-B*27:05,0.02,FALSE
NEKEKNHNPDNHQNEDQQHHQNDHQHKDPDEDDHEKHQHE,-3.3775,FALSE,HLA-B*39:01,0.02,FALSE
NEKEKNHNPDNHQNEDQQHHQNDHQHKDPDEDDHEKHQHE,-3.3775,FALSE,HLA-B*40:02,0.02,FALSE
NEKEKNHNPDNHQNEDQQHHQNDHQHKDPDEDDHEKHQHE,-3.3775,FALSE,HLA-B*58:01,0.02,FALSE
NEKEKNHNPDNHQNEDQQHHQNDHQHKDPDEDDHEKHQHE,-3.3775,FALSE,HLA-B*15:01,0.02,FALSE
NEKEKNHNPDNHQNEDQQHHQNDHQHKDPDEDDHEKHQHE,-3.3775,FALSE,HLA-DRB3*0101,0.02,FALSE
NEKEKNHNPDNHQNEDQQHHQNDHQHKDPDEDDHEKHQHE,-3.3775,FALSE,HLA-DRB3*0202,0.02,FALSE
NEKEKNHNPDNHQNEDQQHHQNDHQHKDPDEDDHEKHQHE,-3.3775,FALSE,HLA-DRB4*0101,0.02,FALSE
NEKEKNHNPDNHQNEDQQHHQNDHQHKDPDEDDHEKHQHE,-3.3775,FALSE,HLA-DRB5*0101,0.02,TRUE
NEKEKNHNPDNHQNEDQQHHQNDHQHKDPDEDDHEKHQHE,-3.3775,FALSE,HLA-DQA1*0501/DQB1*0301,0.02,FALSE
NEKEKNHNPDNHQNEDQQHHQNDHQHKDPDEDDHEKHQHE,-3.3775,FALSE,HLA-DQA1*0301/DQB1*0302,0.02,TRUE
NEKEKNHNPDNHQNEDQQHHQNDHQHKDPDEDDHEKHQHE,-3.3775,FALSE,HLA-DQA1*0101/DQB1*0501,0.02,FALSE
NEKEKNHNPDNHQNEDQQHHQNDHQHKDPDEDDHEKHQHE,-3.3775,FALSE,HLA-DQA1*0102/DQB1*0602,0.02,FALSE
NEKEKNHNPDNHQNEDQQHHQNDHQHKDPDEDDHEKHQHE,-3.3775,FALSE,HLA-DPB1*0101,0.02,FALSE
NEKEKNHNPDNHQNEDQQHHQNDHQHKDPDEDDHEKHQHE,-3.3775,FALSE,HLA-DPB1*0201,0.02,FALSE
NEKEKNHNPDNHQNEDQQHHQNDHQHKDPDEDDHEKHQHE,-3.3775,FALSE,HLA-DPB1*0401,0.02,FALSE
NEKEKNHNPDNHQNEDQQHHQNDHQHKDPDEDDHEKHQHE,-3.3775,FALSE,HLA-DPB1*0402,0.02,FALSE
NEKEKNHNPDNHQNEDQQHHQNDHQHKDPDEDDHEKHQHE,-3.3775,FALSE,HLA-DPB1*0501,0.02,FALSE
NHEDHQHHDHNEEEEENQNQNNDKHDDEEHEQHKDDDHHQ,-3.4450000000000003,FALSE,HLA-A*01:01,0.02,TRUE
NHEDHQHHDHNEEEEENQNQNNDKHDDEEHEQHKDDDHHQ,-3.4450000000000003,FALSE,HLA-A*02:01,0.02,FALSE
NHEDHQHHDHNEEEEENQNQNNDKHDDEEHEQHKDDDHHQ,-3.4450000000000003,FALSE,HLA-A*03:01,0.02,TRUE
NHEDHQHHDHNEEEEENQNQNNDKHDDEEHEQHKDDDHHQ,-3.4450000000000003,FALSE,HLA-A*24:02,0.02,FALSE
NHEDHQHHDHNEEEEENQNQNNDKHDDEEHEQHKDDDHHQ,-3.4450000000000003,FALSE,HLA-A*26:01,0.02,FALSE
NHEDHQHHDHNEEEEENQNQNNDKHDDEEHEQHKDDDHHQ,-3.4450000000000003,FALSE,HLA-B*07:02,0.02,FALSE
NHEDHQHHDHNEEEEENQNQNNDKHDDEEHEQHKDDDHHQ,-3.4450000000000003,FALSE,HLA-B*08:01,0.02,FALSE
NHEDHQHHDHNEEEEENQNQNNDKHDDEEHEQHKDDDHHQ,-3.4450000000000003,FALSE,HLA-B*18:01,0.02,TRUE
NHEDHQHHDHNEEEEENQNQNNDKHDDEEHEQHKDDDHHQ,-3.4450000000000003,FALSE,HLA-B*27:05,0.02,FALSE
NHEDHQHHDHNEEEEENQNQNNDKHDDEEHEQHKDDDHHQ,-3.4450000000000003,FALSE,HLA-B*39:01,0.02,FALSE
NHEDHQHHDHNEEEEENQNQNNDKHDDEEHEQHKDDDHHQ,-3.4450000000000003,FALSE,HLA-B*40:02,0.02,FALSE
NHEDHQHHDHNEEEEENQNQNNDKHDDEEHEQHKDDDHHQ,-3.4450000000000003,FALSE,HLA-B*58:01,0.02,FALSE
NHEDHQHHDHNEEEEENQNQNNDKHDDEEHEQHKDDDHHQ,-3.4450000000000003,FALSE,HLA-B*15:01,0.02,FALSE
NHEDHQHHDHNEEEEENQNQNNDKHDDEEHEQHKDDDHHQ,-3.4450000000000003,FALSE,HLA-DRB3*0101,0.02,FALSE
NHEDHQHHDHNEEEEENQNQNNDKHDDEEHEQHKDDDHHQ,-3.4450000000000003,FALSE,HLA-DRB3*0202,0.02,FALSE
NHEDHQHHDHNEEEEENQNQNNDKHDDEEHEQHKDDDHHQ,-3.4450000000000003,FALSE,HLA-DRB4*0101,0.02,FALSE
NHEDHQHHDHNEEEEENQNQNNDKHDDEEHEQHKDDDHHQ,-3.4450000000000003,FALSE,HLA-DRB5*0101,0.02,TRUE
NHEDHQHHDHNEEEEENQNQNNDKHDDEEHEQHKDDDHHQ,-3.4450000000000003,FALSE,HLA-DQA1*0501/DQB1*0301,0.02,FALSE
NHEDHQHHDHNEEEEENQNQNNDKHDDEEHEQHKDDDHHQ,-3.4450000000000003,FALSE,HLA-DQA1*0301/DQB1*0302,0.02,TRUE
NHEDHQHHDHNEEEEENQNQNNDKHDDEEHEQHKDDDHHQ,-3.4450000000000003,FALSE,HLA-DQA1*0101/DQB1*0501,0.02,FALSE
NHEDHQHHDHNEEEEENQNQNNDKHDDEEHEQHKDDDHHQ,-3.4450000000000003,FALSE,HLA-DQA1*0102/DQB1*0602,0.02,TRUE
NHEDHQHHDHNEEEEENQNQNNDKHDDEEHEQHKDDDHHQ,-3.4450000000000003,FALSE,HLA-DPB1*0101,0.02,FALSE
NHEDHQHHDHNEEEEENQNQNNDKHDDEEHEQHKDDDHHQ,-3.4450000000000003,FALSE,HLA-DPB1*0201,0.02,FALSE
NHEDHQHHDHNEEEEENQNQNNDKHDDEEHEQHKDDDHHQ,-3.4450000000000003,FALSE,HLA-DPB1*0401,0.02,FALSE
NHEDHQHHDHNEEEEENQNQNNDKHDDEEHEQHKDDDHHQ,-3.4450000000000003,FALSE,HLA-DPB1*0402,0.02,FALSE
NHEDHQHHDHNEEEEENQNQNNDKHDDEEHEQHKDDDHHQ,-3.4450000000000003,FALSE,HLA-DPB1*0501,0.02,FALSE
HPYDNPPHQEPNGHHQHWYDNDDNDEDEPKQHWPRHDEEE,-2.88,FALSE,HLA-A*01:01,0.02,TRUE
HPYDNPPHQEPNGHHQHWYDNDDNDEDEPKQHWPRHDEEE,-2.88,FALSE,HLA-A*02:01,0.02,FALSE
HPYDNPPHQEPNGHHQHWYDNDDNDEDEPKQHWPRHDEEE,-2.88,FALSE,HLA-A*03:01,0.02,TRUE
HPYDNPPHQEPNGHHQHWYDNDDNDEDEPKQHWPRHDEEE,-2.88,FALSE,HLA-A*24:02,0.02,FALSE
HPYDNPPHQEPNGHHQHWYDNDDNDEDEPKQHWPRHDEEE,-2.88,FALSE,HLA-A*26:01,0.02,FALSE
HPYDNPPHQEPNGHHQHWYDNDDNDEDEPKQHWPRHDEEE,-2.88,FALSE,HLA-B*07:02,0.02,FALSE
HPYDNPPHQEPNGHHQHWYDNDDNDEDEPKQHWPRHDEEE,-2.88,FALSE,HLA-B*08:01,0.02,TRUE
HPYDNPPHQEPNGHHQHWYDNDDNDEDEPKQHWPRHDEEE,-2.88,FALSE,HLA-B*18:01,0.02,TRUE
HPYDNPPHQEPNGHHQHWYDNDDNDEDEPKQHWPRHDEEE,-2.88,FALSE,HLA-B*27:05,0.02,FALSE
HPYDNPPHQEPNGHHQHWYDNDDNDEDEPKQHWPRHDEEE,-2.88,FALSE,HLA-B*39:01,0.02,FALSE
HPYDNPPHQEPNGHHQHWYDNDDNDEDEPKQHWPRHDEEE,-2.88,FALSE,HLA-B*40:02,0.02,FALSE
HPYDNPPHQEPNGHHQHWYDNDDNDEDEPKQHWPRHDEEE,-2.88,FALSE,HLA-B*58:01,0.02,FALSE
HPYDNPPHQEPNGHHQHWYDNDDNDEDEPKQHWPRHDEEE,-2.88,FALSE,HLA-B*15:01,0.02,FALSE
HPYDNPPHQEPNGHHQHWYDNDDNDEDEPKQHWPRHDEEE,-2.88,FALSE,HLA-DRB3*0101,0.02,TRUE
HPYDNPPHQEPNGHHQHWYDNDDNDEDEPKQHWPRHDEEE,-2.88,FALSE,HLA-DRB3*0202,0.02,FALSE
HPYDNPPHQEPNGHHQHWYDNDDNDEDEPKQHWPRHDEEE,-2.88,FALSE,HLA-DRB4*0101,0.02,FALSE
HPYDNPPHQEPNGHHQHWYDNDDNDEDEPKQHWPRHDEEE,-2.88,FALSE,HLA-DRB5*0101,0.02,TRUE
HPYDNPPHQEPNGHHQHWYDNDDNDEDEPKQHWPRHDEEE,-2.88,FALSE,HLA-DQA1*0501/DQB1*0301,0.02,FALSE
HPYDNPPHQEPNGHHQHWYDNDDNDEDEPKQHWPRHDEEE,-2.88,FALSE,HLA-DQA1*0301/DQB1*0302,0.02,TRUE
HPYDNPPHQEPNGHHQHWYDNDDNDEDEPKQHWPRHDEEE,-2.88,FALSE,HLA-DQA1*0101/DQB1*0501,0.02,TRUE
HPYDNPPHQEPNGHHQHWYDNDDNDEDEPKQHWPRHDEEE,-2.88,FALSE,HLA-DQA1*0102/DQB1*0602,0.02,FALSE
HPYDNPPHQEPNGHHQHWYDNDDNDEDEPKQHWPRHDEEE,-2.88,FALSE,HLA-DPB1*0101,0.02,FALSE
HPYDNPPHQEPNGHHQHWYDNDDNDEDEPKQHWPRHDEEE,-2.88,FALSE,HLA-DPB1*0201,0.02,FALSE
HPYDNPPHQEPNGHHQHWYDNDDNDEDEPKQHWPRHDEEE,-2.88,FALSE,HLA-DPB1*0401,0.02,FALSE
HPYDNPPHQEPNGHHQHWYDNDDNDEDEPKQHWPRHDEEE,-2.88,FALSE,HLA-DPB1*0402,0.02,FALSE
HPYDNPPHQEPNGHHQHWYDNDDNDEDEPKQHWPRHDEEE,-2.88,FALSE,HLA-DPB1*0501,0.02,FALSE
PQSEEQSWYYQHEKNHPHDEQHHWDEYQKGQHNHEKHHHD,-2.8525,FALSE,HLA-A*01:01,0.02,TRUE
PQSEEQSWYYQHEKNHPHDEQHHWDEYQKGQHNHEKHHHD,-2.8525,FALSE,HLA-A*02:01,0.02,TRUE
PQSEEQSWYYQHEKNHPHDEQHHWDEYQKGQHNHEKHHHD,-2.8525,FALSE,HLA-A*03:01,0.02,TRUE
PQSEEQSWYYQHEKNHPHDEQHHWDEYQKGQHNHEKHHHD,-2.8525,FALSE,HLA-A*24:02,0.02,FALSE
PQSEEQSWYYQHEKNHPHDEQHHWDEYQKGQHNHEKHHHD,-2.8525,FALSE,HLA-A*26:01,0.02,FALSE
PQSEEQSWYYQHEKNHPHDEQHHWDEYQKGQHNHEKHHHD,-2.8525,FALSE,HLA-B*07:02,0.02,FALSE
PQSEEQSWYYQHEKNHPHDEQHHWDEYQKGQHNHEKHHHD,-2.8525,FALSE,HLA-B*08:01,0.02,TRUE
PQSEEQSWYYQHEKNHPHDEQHHWDEYQKGQHNHEKHHHD,-2.8525,FALSE,HLA-B*18:01,0.02,TRUE
PQSEEQSWYYQHEKNHPHDEQHHWDEYQKGQHNHEKHHHD,-2.8525,FALSE,HLA-B*27:05,0.02,FALSE
PQSEEQSWYYQHEKNHPHDEQHHWDEYQKGQHNHEKHHHD,-2.8525,FALSE,HLA-B*39:01,0.02,FALSE
PQSEEQSWYYQHEKNHPHDEQHHWDEYQKGQHNHEKHHHD,-2.8525,FALSE,HLA-B*40:02,0.02,FALSE
PQSEEQSWYYQHEKNHPHDEQHHWDEYQKGQHNHEKHHHD,-2.8525,FALSE,HLA-B*58:01,0.02,FALSE
PQSEEQSWYYQHEKNHPHDEQHHWDEYQKGQHNHEKHHHD,-2.8525,FALSE,HLA-B*15:01,0.02,FALSE
PQSEEQSWYYQHEKNHPHDEQHHWDEYQKGQHNHEKHHHD,-2.8525,FALSE,HLA-DRB3*0101,0.02,FALSE
PQSEEQSWYYQHEKNHPHDEQHHWDEYQKGQHNHEKHHHD,-2.8525,FALSE,HLA-DRB3*0202,0.02,FALSE
PQSEEQSWYYQHEKNHPHDEQHHWDEYQKGQHNHEKHHHD,-2.8525,FALSE,HLA-DRB4*0101,0.02,TRUE
PQSEEQSWYYQHEKNHPHDEQHHWDEYQKGQHNHEKHHHD,-2.8525,FALSE,HLA-DRB5*0101,0.02,TRUE
PQSEEQSWYYQHEKNHPHDEQHHWDEYQKGQHNHEKHHHD,-2.8525,FALSE,HLA-DQA1*0501/DQB1*0301,0.02,TRUE
PQSEEQSWYYQHEKNHPHDEQHHWDEYQKGQHNHEKHHHD,-2.8525,FALSE,HLA-DQA1*0301/DQB1*0302,0.02,TRUE
PQSEEQSWYYQHEKNHPHDEQHHWDEYQKGQHNHEKHHHD,-2.8525,FALSE,HLA-DQA1*0101/DQB1*0501,0.02,TRUE
PQSEEQSWYYQHEKNHPHDEQHHWDEYQKGQHNHEKHHHD,-2.8525,FALSE,HLA-DQA1*0102/DQB1*0602,0.02,TRUE
PQSEEQSWYYQHEKNHPHDEQHHWDEYQKGQHNHEKHHHD,-2.8525,FALSE,HLA-DPB1*0101,0.02,TRUE
PQSEEQSWYYQHEKNHPHDEQHHWDEYQKGQHNHEKHHHD,-2.8525,FALSE,HLA-DPB1*0201,0.02,TRUE
PQSEEQSWYYQHEKNHPHDEQHHWDEYQKGQHNHEKHHHD,-2.8525,FALSE,HLA-DPB1*0401,0.02,TRUE
PQSEEQSWYYQHEKNHPHDEQHHWDEYQKGQHNHEKHHHD,-2.8525,FALSE,HLA-DPB1*0402,0.02,TRUE
PQSEEQSWYYQHEKNHPHDEQHHWDEYQKGQHNHEKHHHD,-2.8525,FALSE,HLA-DPB1*0501,0.02,FALSE
YYEHHNPQTSDYHKHWHPPEPQYHHPYPNYTWPNPKYPSQ,-2.25,FALSE,HLA-A*01:01,0.02,TRUE
YYEHHNPQTSDYHKHWHPPEPQYHHPYPNYTWPNPKYPSQ,-2.25,FALSE,HLA-A*02:01,0.02,TRUE
YYEHHNPQTSDYHKHWHPPEPQYHHPYPNYTWPNPKYPSQ,-2.25,FALSE,HLA-A*03:01,0.02,TRUE
YYEHHNPQTSDYHKHWHPPEPQYHHPYPNYTWPNPKYPSQ,-2.25,FALSE,HLA-A*24:02,0.02,TRUE
YYEHHNPQTSDYHKHWHPPEPQYHHPYPNYTWPNPKYPSQ,-2.25,FALSE,HLA-A*26:01,0.02,FALSE
YYEHHNPQTSDYHKHWHPPEPQYHHPYPNYTWPNPKYPSQ,-2.25,FALSE,HLA-B*07:02,0.02,TRUE
YYEHHNPQTSDYHKHWHPPEPQYHHPYPNYTWPNPKYPSQ,-2.25,FALSE,HLA-B*08:01,0.02,TRUE
YYEHHNPQTSDYHKHWHPPEPQYHHPYPNYTWPNPKYPSQ,-2.25,FALSE,HLA-B*18:01,0.02,TRUE
YYEHHNPQTSDYHKHWHPPEPQYHHPYPNYTWPNPKYPSQ,-2.25,FALSE,HLA-B*27:05,0.02,FALSE
YYEHHNPQTSDYHKHWHPPEPQYHHPYPNYTWPNPKYPSQ,-2.25,FALSE,HLA-B*39:01,0.02,FALSE
YYEHHNPQTSDYHKHWHPPEPQYHHPYPNYTWPNPKYPSQ,-2.25,FALSE,HLA-B*40:02,0.02,TRUE
YYEHHNPQTSDYHKHWHPPEPQYHHPYPNYTWPNPKYPSQ,-2.25,FALSE,HLA-B*58:01,0.02,TRUE
YYEHHNPQTSDYHKHWHPPEPQYHHPYPNYTWPNPKYPSQ,-2.25,FALSE,HLA-B*15:01,0.02,FALSE
YYEHHNPQTSDYHKHWHPPEPQYHHPYPNYTWPNPKYPSQ,-2.25,FALSE,HLA-DRB3*0101,0.02,FALSE
YYEHHNPQTSDYHKHWHPPEPQYHHPYPNYTWPNPKYPSQ,-2.25,FALSE,HLA-DRB3*0202,0.02,FALSE
YYEHHNPQTSDYHKHWHPPEPQYHHPYPNYTWPNPKYPSQ,-2.25,FALSE,HLA-DRB4*0101,0.02,TRUE
YYEHHNPQTSDYHKHWHPPEPQYHHPYPNYTWPNPKYPSQ,-2.25,FALSE,HLA-DRB5*0101,0.02,TRUE
YYEHHNPQTSDYHKHWHPPEPQYHHPYPNYTWPNPKYPSQ,-2.25,FALSE,HLA-DQA1*0501/DQB1*0301,0.02,TRUE
YYEHHNPQTSDYHKHWHPPEPQYHHPYPNYTWPNPKYPSQ,-2.25,FALSE,HLA-DQA1*0301/DQB1*0302,0.02,TRUE
YYEHHNPQTSDYHKHWHPPEPQYHHPYPNYTWPNPKYPSQ,-2.25,FALSE,HLA-DQA1*0101/DQB1*0501,0.02,TRUE
YYEHHNPQTSDYHKHWHPPEPQYHHPYPNYTWPNPKYPSQ,-2.25,FALSE,HLA-DQA1*0102/DQB1*0602,0.02,TRUE
YYEHHNPQTSDYHKHWHPPEPQYHHPYPNYTWPNPKYPSQ,-2.25,FALSE,HLA-DPB1*0101,0.02,FALSE
YYEHHNPQTSDYHKHWHPPEPQYHHPYPNYTWPNPKYPSQ,-2.25,FALSE,HLA-DPB1*0201,0.02,FALSE
YYEHHNPQTSDYHKHWHPPEPQYHHPYPNYTWPNPKYPSQ,-2.25,FALSE,HLA-DPB1*0401,0.02,FALSE
YYEHHNPQTSDYHKHWHPPEPQYHHPYPNYTWPNPKYPSQ,-2.25,FALSE,HLA-DPB1*0402,0.02,TRUE
YYEHHNPQTSDYHKHWHPPEPQYHHPYPNYTWPNPKYPSQ,-2.25,FALSE,HLA-DPB1*0501,0.02,FALSE
EHPPDWPPPSWYHPSNENRKYSHHRYKGHRPQNEHQPWPY,-2.4275,FALSE,HLA-A*01:01,0.02,TRUE
EHPPDWPPPSWYHPSNENRKYSHHRYKGHRPQNEHQPWPY,-2.4275,FALSE,HLA-A*02:01,0.02,FALSE
EHPPDWPPPSWYHPSNENRKYSHHRYKGHRPQNEHQPWPY,-2.4275,FALSE,HLA-A*03:01,0.02,TRUE
EHPPDWPPPSWYHPSNENRKYSHHRYKGHRPQNEHQPWPY,-2.4275,FALSE,HLA-A*24:02,0.02,FALSE
EHPPDWPPPSWYHPSNENRKYSHHRYKGHRPQNEHQPWPY,-2.4275,FALSE,HLA-A*26:01,0.02,FALSE
EHPPDWPPPSWYHPSNENRKYSHHRYKGHRPQNEHQPWPY,-2.4275,FALSE,HLA-B*07:02,0.02,TRUE
EHPPDWPPPSWYHPSNENRKYSHHRYKGHRPQNEHQPWPY,-2.4275,FALSE,HLA-B*08:01,0.02,TRUE
EHPPDWPPPSWYHPSNENRKYSHHRYKGHRPQNEHQPWPY,-2.4275,FALSE,HLA-B*18:01,0.02,TRUE
EHPPDWPPPSWYHPSNENRKYSHHRYKGHRPQNEHQPWPY,-2.4275,FALSE,HLA-B*27:05,0.02,TRUE
EHPPDWPPPSWYHPSNENRKYSHHRYKGHRPQNEHQPWPY,-2.4275,FALSE,HLA-B*39:01,0.02,FALSE
EHPPDWPPPSWYHPSNENRKYSHHRYKGHRPQNEHQPWPY,-2.4275,FALSE,HLA-B*40:02,0.02,FALSE
EHPPDWPPPSWYHPSNENRKYSHHRYKGHRPQNEHQPWPY,-2.4275,FALSE,HLA-B*58:01,0.02,FALSE
EHPPDWPPPSWYHPSNENRKYSHHRYKGHRPQNEHQPWPY,-2.4275,FALSE,HLA-B*15:01,0.02,FALSE
EHPPDWPPPSWYHPSNENRKYSHHRYKGHRPQNEHQPWPY,-2.4275,FALSE,HLA-DRB3*0101,0.02,FALSE
EHPPDWPPPSWYHPSNENRKYSHHRYKGHRPQNEHQPWPY,-2.4275,FALSE,HLA-DRB3*0202,0.02,FALSE
EHPPDWPPPSWYHPSNENRKYSHHRYKGHRPQNEHQPWPY,-2.4275,FALSE,HLA-DRB4*0101,0.02,TRUE
EHPPDWPPPSWYHPSNENRKYSHHRYKGHRPQNEHQPWPY,-2.4275,FALSE,HLA-DRB5*0101,0.02,TRUE
EHPPDWPPPSWYHPSNENRKYSHHRYKGHRPQNEHQPWPY,-2.4275,FALSE,HLA-DQA1*0501/DQB1*0301,0.02,TRUE
EHPPDWPPPSWYHPSNENRKYSHHRYKGHRPQNEHQPWPY,-2.4275,FALSE,HLA-DQA1*0301/DQB1*0302,0.02,FALSE
EHPPDWPPPSWYHPSNENRKYSHHRYKGHRPQNEHQPWPY,-2.4275,FALSE,HLA-DQA1*0101/DQB1*0501,0.02,FALSE
EHPPDWPPPSWYHPSNENRKYSHHRYKGHRPQNEHQPWPY,-2.4275,FALSE,HLA-DQA1*0102/DQB1*0602,0.02,TRUE
EHPPDWPPPSWYHPSNENRKYSHHRYKGHRPQNEHQPWPY,-2.4275,FALSE,HLA-DPB1*0101,0.02,FALSE
EHPPDWPPPSWYHPSNENRKYSHHRYKGHRPQNEHQPWPY,-2.4275,FALSE,HLA-DPB1*0201,0.02,FALSE
EHPPDWPPPSWYHPSNENRKYSHHRYKGHRPQNEHQPWPY,-2.4275,FALSE,HLA-DPB1*0401,0.02,FALSE
EHPPDWPPPSWYHPSNENRKYSHHRYKGHRPQNEHQPWPY,-2.4275,FALSE,HLA-DPB1*0402,0.02,TRUE
EHPPDWPPPSWYHPSNENRKYSHHRYKGHRPQNEHQPWPY,-2.4275,FALSE,HLA-DPB1*0501,0.02,FALSE
PDYSPKSGWYPPYYYTYSYPPPYYYPPPYDWQPPTWGRWG,-1.525,FALSE,HLA-A*01:01,0.02,TRUE
PDYSPKSGWYPPYYYTYSYPPPYYYPPPYDWQPPTWGRWG,-1.525,FALSE,HLA-A*02:01,0.02,TRUE
PDYSPKSGWYPPYYYTYSYPPPYYYPPPYDWQPPTWGRWG,-1.525,FALSE,HLA-A*03:01,0.02,TRUE
PDYSPKSGWYPPYYYTYSYPPPYYYPPPYDWQPPTWGRWG,-1.525,FALSE,HLA-A*24:02,0.02,TRUE
PDYSPKSGWYPPYYYTYSYPPPYYYPPPYDWQPPTWGRWG,-1.525,FALSE,HLA-A*26:01,0.02,TRUE
PDYSPKSGWYPPYYYTYSYPPPYYYPPPYDWQPPTWGRWG,-1.525,FALSE,HLA-B*07:02,0.02,TRUE
PDYSPKSGWYPPYYYTYSYPPPYYYPPPYDWQPPTWGRWG,-1.525,FALSE,HLA-B*08:01,0.02,TRUE
PDYSPKSGWYPPYYYTYSYPPPYYYPPPYDWQPPTWGRWG,-1.525,FALSE,HLA-B*18:01,0.02,TRUE
PDYSPKSGWYPPYYYTYSYPPPYYYPPPYDWQPPTWGRWG,-1.525,FALSE,HLA-B*27:05,0.02,FALSE
PDYSPKSGWYPPYYYTYSYPPPYYYPPPYDWQPPTWGRWG,-1.525,FALSE,HLA-B*39:01,0.02,FALSE
PDYSPKSGWYPPYYYTYSYPPPYYYPPPYDWQPPTWGRWG,-1.525,FALSE,HLA-B*40:02,0.02,FALSE
PDYSPKSGWYPPYYYTYSYPPPYYYPPPYDWQPPTWGRWG,-1.525,FALSE,HLA-B*58:01,0.02,TRUE
PDYSPKSGWYPPYYYTYSYPPPYYYPPPYDWQPPTWGRWG,-1.525,FALSE,HLA-B*15:01,0.02,FALSE
PDYSPKSGWYPPYYYTYSYPPPYYYPPPYDWQPPTWGRWG,-1.525,FALSE,HLA-DRB3*0101,0.02,FALSE
PDYSPKSGWYPPYYYTYSYPPPYYYPPPYDWQPPTWGRWG,-1.525,FALSE,HLA-DRB3*0202,0.02,TRUE
PDYSPKSGWYPPYYYTYSYPPPYYYPPPYDWQPPTWGRWG,-1.525,FALSE,HLA-DRB4*0101,0.02,FALSE
PDYSPKSGWYPPYYYTYSYPPPYYYPPPYDWQPPTWGRWG,-1.525,FALSE,HLA-DRB5*0101,0.02,TRUE
PDYSPKSGWYPPYYYTYSYPPPYYYPPPYDWQPPTWGRWG,-1.525,FALSE,HLA-DQA1*0501/DQB1*0301,0.02,TRUE
PDYSPKSGWYPPYYYTYSYPPPYYYPPPYDWQPPTWGRWG,-1.525,FALSE,HLA-DQA1*0301/DQB1*0302,0.02,TRUE
PDYSPKSGWYPPYYYTYSYPPPYYYPPPYDWQPPTWGRWG,-1.525,FALSE,HLA-DQA1*0101/DQB1*0501,0.02,TRUE
PDYSPKSGWYPPYYYTYSYPPPYYYPPPYDWQPPTWGRWG,-1.525,FALSE,HLA-DQA1*0102/DQB1*0602,0.02,TRUE
PDYSPKSGWYPPYYYTYSYPPPYYYPPPYDWQPPTWGRWG,-1.525,FALSE,HLA-DPB1*0101,0.02,FALSE
PDYSPKSGWYPPYYYTYSYPPPYYYPPPYDWQPPTWGRWG,-1.525,FALSE,HLA-DPB1*0201,0.02,FALSE
PDYSPKSGWYPPYYYTYSYPPPYYYPPPYDWQPPTWGRWG,-1.525,FALSE,HLA-DPB1*0401,0.02,TRUE
PDYSPKSGWYPPYYYTYSYPPPYYYPPPYDWQPPTWGRWG,-1.525,FALSE,HLA-DPB1*0402,0.02,TRUE
PDYSPKSGWYPPYYYTYSYPPPYYYPPPYDWQPPTWGRWG,-1.525,FALSE,HLA-DPB1*0501,0.02,FALSE
RPPPSYPWGYWPPGYYPHWNKPYPPSWPWPEPYSPDTTYS,-1.5875,FALSE,HLA-A*01:01,0.02,TRUE
RPPPSYPWGYWPPGYYPHWNKPYPPSWPWPEPYSPDTTYS,-1.5875,FALSE,HLA-A*02:01,0.02,FALSE
RPPPSYPWGYWPPGYYPHWNKPYPPSWPWPEPYSPDTTYS,-1.5875,FALSE,HLA-A*03:01,0.02,TRUE
RPPPSYPWGYWPPGYYPHWNKPYPPSWPWPEPYSPDTTYS,-1.5875,FALSE,HLA-A*24:02,0.02,FALSE
RPPPSYPWGYWPPGYYPHWNKPYPPSWPWPEPYSPDTTYS,-1.5875,FALSE,HLA-A*26:01,0.02,FALSE
RPPPSYPWGYWPPGYYPHWNKPYPPSWPWPEPYSPDTTYS,-1.5875,FALSE,HLA-B*07:02,0.02,TRUE
RPPPSYPWGYWPPGYYPHWNKPYPPSWPWPEPYSPDTTYS,-1.5875,FALSE,HLA-B*08:01,0.02,FALSE
RPPPSYPWGYWPPGYYPHWNKPYPPSWPWPEPYSPDTTYS,-1.5875,FALSE,HLA-B*18:01,0.02,FALSE
RPPPSYPWGYWPPGYYPHWNKPYPPSWPWPEPYSPDTTYS,-1.5875,FALSE,HLA-B*27:05,0.02,FALSE
RPPPSYPWGYWPPGYYPHWNKPYPPSWPWPEPYSPDTTYS,-1.5875,FALSE,HLA-B*39:01,0.02,FALSE
RPPPSYPWGYWPPGYYPHWNKPYPPSWPWPEPYSPDTTYS,-1.5875,FALSE,HLA-B*40:02,0.02,FALSE
RPPPSYPWGYWPPGYYPHWNKPYPPSWPWPEPYSPDTTYS,-1.5875,FALSE,HLA-B*58:01,0.02,FALSE
RPPPSYPWGYWPPGYYPHWNKPYPPSWPWPEPYSPDTTYS,-1.5875,FALSE,HLA-B*15:01,0.02,FALSE
RPPPSYPWGYWPPGYYPHWNKPYPPSWPWPEPYSPDTTYS,-1.5875,FALSE,HLA-DRB3*0101,0.02,FALSE
RPPPSYPWGYWPPGYYPHWNKPYPPSWPWPEPYSPDTTYS,-1.5875,FALSE,HLA-DRB3*0202,0.02,FALSE
RPPPSYPWGYWPPGYYPHWNKPYPPSWPWPEPYSPDTTYS,-1.5875,FALSE,HLA-DRB4*0101,0.02,TRUE
RPPPSYPWGYWPPGYYPHWNKPYPPSWPWPEPYSPDTTYS,-1.5875,FALSE,HLA-DRB5*0101,0.02,FALSE
RPPPSYPWGYWPPGYYPHWNKPYPPSWPWPEPYSPDTTYS,-1.5875,FALSE,HLA-DQA1*0501/DQB1*0301,0.02,TRUE
RPPPSYPWGYWPPGYYPHWNKPYPPSWPWPEPYSPDTTYS,-1.5875,FALSE,HLA-DQA1*0301/DQB1*0302,0.02,TRUE
RPPPSYPWGYWPPGYYPHWNKPYPPSWPWPEPYSPDTTYS,-1.5875,FALSE,HLA-DQA1*0101/DQB1*0501,0.02,FALSE
RPPPSYPWGYWPPGYYPHWNKPYPPSWPWPEPYSPDTTYS,-1.5875,FALSE,HLA-DQA1*0102/DQB1*0602,0.02,TRUE
RPPPSYPWGYWPPGYYPHWNKPYPPSWPWPEPYSPDTTYS,-1.5875,FALSE,HLA-DPB1*0101,0.02,FALSE
RPPPSYPWGYWPPGYYPHWNKPYPPSWPWPEPYSPDTTYS,-1.5875,FALSE,HLA-DPB1*0201,0.02,FALSE
RPPPSYPWGYWPPGYYPHWNKPYPPSWPWPEPYSPDTTYS,-1.5875,FALSE,HLA-DPB1*0401,0.02,FALSE
RPPPSYPWGYWPPGYYPHWNKPYPPSWPWPEPYSPDTTYS,-1.5875,FALSE,HLA-DPB1*0402,0.02,FALSE
RPPPSYPWGYWPPGYYPHWNKPYPPSWPWPEPYSPDTTYS,-1.5875,FALSE,HLA-DPB1*0501,0.02,FALSE
YYWSPYYPSSTPSTTYGPYPTSYWWPTWYPYSYTPSTWPW,-1.0925,FALSE,HLA-A*01:01,0.02,TRUE
YYWSPYYPSSTPSTTYGPYPTSYWWPTWYPYSYTPSTWPW,-1.0925,FALSE,HLA-A*02:01,0.02,FALSE
YYWSPYYPSSTPSTTYGPYPTSYWWPTWYPYSYTPSTWPW,-1.0925,FALSE,HLA-A*03:01,0.02,TRUE
YYWSPYYPSSTPSTTYGPYPTSYWWPTWYPYSYTPSTWPW,-1.0925,FALSE,HLA-A*24:02,0.02,TRUE
YYWSPYYPSSTPSTTYGPYPTSYWWPTWYPYSYTPSTWPW,-1.0925,FALSE,HLA-A*26:01,0.02,TRUE
YYWSPYYPSSTPSTTYGPYPTSYWWPTWYPYSYTPSTWPW,-1.0925,FALSE,HLA-B*07:02,0.02,TRUE
YYWSPYYPSSTPSTTYGPYPTSYWWPTWYPYSYTPSTWPW,-1.0925,FALSE,HLA-B*08:01,0.02,TRUE
YYWSPYYPSSTPSTTYGPYPTSYWWPTWYPYSYTPSTWPW,-1.0925,FALSE,HLA-B*18:01,0.02,TRUE
YYWSPYYPSSTPSTTYGPYPTSYWWPTWYPYSYTPSTWPW,-1.0925,FALSE,HLA-B*27:05,0.02,FALSE
YYWSPYYPSSTPSTTYGPYPTSYWWPTWYPYSYTPSTWPW,-1.0925,FALSE,HLA-B*39:01,0.02,TRUE
YYWSPYYPSSTPSTTYGPYPTSYWWPTWYPYSYTPSTWPW,-1.0925,FALSE,HLA-B*40:02,0.02,FALSE
YYWSPYYPSSTPSTTYGPYPTSYWWPTWYPYSYTPSTWPW,-1.0925,FALSE,HLA-B*58:01,0.02,TRUE
YYWSPYYPSSTPSTTYGPYPTSYWWPTWYPYSYTPSTWPW,-1.0925,FALSE,HLA-B*15:01,0.02,FALSE
YYWSPYYPSSTPSTTYGPYPTSYWWPTWYPYSYTPSTWPW,-1.0925,FALSE,HLA-DRB3*0101,0.02,TRUE
YYWSPYYPSSTPSTTYGPYPTSYWWPTWYPYSYTPSTWPW,-1.0925,FALSE,HLA-DRB3*0202,0.02,FALSE
YYWSPYYPSSTPSTTYGPYPTSYWWPTWYPYSYTPSTWPW,-1.0925,FALSE,HLA-DRB4*0101,0.02,FALSE
YYWSPYYPSSTPSTTYGPYPTSYWWPTWYPYSYTPSTWPW,-1.0925,FALSE,HLA-DRB5*0101,0.02,TRUE
YYWSPYYPSSTPSTTYGPYPTSYWWPTWYPYSYTPSTWPW,-1.0925,FALSE,HLA-DQA1*0501/DQB1*0301,0.02,TRUE
YYWSPYYPSSTPSTTYGPYPTSYWWPTWYPYSYTPSTWPW,-1.0925,FALSE,HLA-DQA1*0301/DQB1*0302,0.02,TRUE
YYWSPYYPSSTPSTTYGPYPTSYWWPTWYPYSYTPSTWPW,-1.0925,FALSE,HLA-DQA1*0101/DQB1*0501,0.02,TRUE
YYWSPYYPSSTPSTTYGPYPTSYWWPTWYPYSYTPSTWPW,-1.0925,FALSE,HLA-DQA1*0102/DQB1*0602,0.02,TRUE
YYWSPYYPSSTPSTTYGPYPTSYWWPTWYPYSYTPSTWPW,-1.0925,FALSE,HLA-DPB1*0101,0.02,FALSE
YYWSPYYPSSTPSTTYGPYPTSYWWPTWYPYSYTPSTWPW,-1.0925,FALSE,HLA-DPB1*0201,0.02,FALSE
YYWSPYYPSSTPSTTYGPYPTSYWWPTWYPYSYTPSTWPW,-1.0925,FALSE,HLA-DPB1*0401,0.02,FALSE
YYWSPYYPSSTPSTTYGPYPTSYWWPTWYPYSYTPSTWPW,-1.0925,FALSE,HLA-DPB1*0402,0.02,TRUE
YYWSPYYPSSTPSTTYGPYPTSYWWPTWYPYSYTPSTWPW,-1.0925,FALSE,HLA-DPB1*0501,0.02,FALSE
WYWYYGWWPYYSPSSPSYWWYWPWSTYPYSPPPYNPYYYY,-1.23,FALSE,HLA-A*01:01,0.02,TRUE
WYWYYGWWPYYSPSSPSYWWYWPWSTYPYSPPPYNPYYYY,-1.23,FALSE,HLA-A*02:01,0.02,FALSE
WYWYYGWWPYYSPSSPSYWWYWPWSTYPYSPPPYNPYYYY,-1.23,FALSE,HLA-A*03:01,0.02,TRUE
WYWYYGWWPYYSPSSPSYWWYWPWSTYPYSPPPYNPYYYY,-1.23,FALSE,HLA-A*24:02,0.02,TRUE
WYWYYGWWPYYSPSSPSYWWYWPWSTYPYSPPPYNPYYYY,-1.23,FALSE,HLA-A*26:01,0.02,TRUE
WYWYYGWWPYYSPSSPSYWWYWPWSTYPYSPPPYNPYYYY,-1.23,FALSE,HLA-B*07:02,0.02,TRUE
WYWYYGWWPYYSPSSPSYWWYWPWSTYPYSPPPYNPYYYY,-1.23,FALSE,HLA-B*08:01,0.02,FALSE
WYWYYGWWPYYSPSSPSYWWYWPWSTYPYSPPPYNPYYYY,-1.23,FALSE,HLA-B*18:01,0.02,TRUE
WYWYYGWWPYYSPSSPSYWWYWPWSTYPYSPPPYNPYYYY,-1.23,FALSE,HLA-B*27:05,0.02,TRUE
WYWYYGWWPYYSPSSPSYWWYWPWSTYPYSPPPYNPYYYY,-1.23,FALSE,HLA-B*39:01,0.02,TRUE
WYWYYGWWPYYSPSSPSYWWYWPWSTYPYSPPPYNPYYYY,-1.23,FALSE,HLA-B*40:02,0.02,TRUE
WYWYYGWWPYYSPSSPSYWWYWPWSTYPYSPPPYNPYYYY,-1.23,FALSE,HLA-B*58:01,0.02,TRUE
WYWYYGWWPYYSPSSPSYWWYWPWSTYPYSPPPYNPYYYY,-1.23,FALSE,HLA-B*15:01,0.02,FALSE
WYWYYGWWPYYSPSSPSYWWYWPWSTYPYSPPPYNPYYYY,-1.23,FALSE,HLA-DRB3*0101,0.02,FALSE
WYWYYGWWPYYSPSSPSYWWYWPWSTYPYSPPPYNPYYYY,-1.23,FALSE,HLA-DRB3*0202,0.02,TRUE
WYWYYGWWPYYSPSSPSYWWYWPWSTYPYSPPPYNPYYYY,-1.23,FALSE,HLA-DRB4*0101,0.02,TRUE
WYWYYGWWPYYSPSSPSYWWYWPWSTYPYSPPPYNPYYYY,-1.23,FALSE,HLA-DRB5*0101,0.02,TRUE
WYWYYGWWPYYSPSSPSYWWYWPWSTYPYSPPPYNPYYYY,-1.23,FALSE,HLA-DQA1*0501/DQB1*0301,0.02,TRUE
WYWYYGWWPYYSPSSPSYWWYWPWSTYPYSPPPYNPYYYY,-1.23,FALSE,HLA-DQA1*0301/DQB1*0302,0.02,TRUE
WYWYYGWWPYYSPSSPSYWWYWPWSTYPYSPPPYNPYYYY,-1.23,FALSE,HLA-DQA1*0101/DQB1*0501,0.02,TRUE
WYWYYGWWPYYSPSSPSYWWYWPWSTYPYSPPPYNPYYYY,-1.23,FALSE,HLA-DQA1*0102/DQB1*0602,0.02,TRUE
WYWYYGWWPYYSPSSPSYWWYWPWSTYPYSPPPYNPYYYY,-1.23,FALSE,HLA-DPB1*0101,0.02,TRUE
WYWYYGWWPYYSPSSPSYWWYWPWSTYPYSPPPYNPYYYY,-1.23,FALSE,HLA-DPB1*0201,0.02,FALSE
WYWYYGWWPYYSPSSPSYWWYWPWSTYPYSPPPYNPYYYY,-1.23,FALSE,HLA-DPB1*0401,0.02,FALSE
WYWYYGWWPYYSPSSPSYWWYWPWSTYPYSPPPYNPYYYY,-1.23,FALSE,HLA-DPB1*0402,0.02,TRUE
WYWYYGWWPYYSPSSPSYWWYWPWSTYPYSPPPYNPYYYY,-1.23,FALSE,HLA-DPB1*0501,0.02,FALSE
GGWGTSWSGSWSWWTGTTYWSWGSYTWTSWPTGSTWYSTS,-0.79,FALSE,HLA-A*01:01,0.02,TRUE
GGWGTSWSGSWSWWTGTTYWSWGSYTWTSWPTGSTWYSTS,-0.79,FALSE,HLA-A*02:01,0.02,TRUE
GGWGTSWSGSWSWWTGTTYWSWGSYTWTSWPTGSTWYSTS,-0.79,FALSE,HLA-A*03:01,0.02,TRUE
GGWGTSWSGSWSWWTGTTYWSWGSYTWTSWPTGSTWYSTS,-0.79,FALSE,HLA-A*24:02,0.02,TRUE
GGWGTSWSGSWSWWTGTTYWSWGSYTWTSWPTGSTWYSTS,-0.79,FALSE,HLA-A*26:01,0.02,TRUE
GGWGTSWSGSWSWWTGTTYWSWGSYTWTSWPTGSTWYSTS,-0.79,FALSE,HLA-B*07:02,0.02,FALSE
GGWGTSWSGSWSWWTGTTYWSWGSYTWTSWPTGSTWYSTS,-0.79,FALSE,HLA-B*08:01,0.02,FALSE
GGWGTSWSGSWSWWTGTTYWSWGSYTWTSWPTGSTWYSTS,-0.79,FALSE,HLA-B*18:01,0.02,FALSE
GGWGTSWSGSWSWWTGTTYWSWGSYTWTSWPTGSTWYSTS,-0.79,FALSE,HLA-B*27:05,0.02,FALSE
GGWGTSWSGSWSWWTGTTYWSWGSYTWTSWPTGSTWYSTS,-0.79,FALSE,HLA-B*39:01,0.02,FALSE
GGWGTSWSGSWSWWTGTTYWSWGSYTWTSWPTGSTWYSTS,-0.79,FALSE,HLA-B*40:02,0.02,FALSE
GGWGTSWSGSWSWWTGTTYWSWGSYTWTSWPTGSTWYSTS,-0.79,FALSE,HLA-B*58:01,0.02,TRUE
GGWGTSWSGSWSWWTGTTYWSWGSYTWTSWPTGSTWYSTS,-0.79,FALSE,HLA-B*15:01,0.02,FALSE
GGWGTSWSGSWSWWTGTTYWSWGSYTWTSWPTGSTWYSTS,-0.79,FALSE,HLA-DRB3*0101,0.02,FALSE
GGWGTSWSGSWSWWTGTTYWSWGSYTWTSWPTGSTWYSTS,-0.79,FALSE,HLA-DRB3*0202,0.02,FALSE
GGWGTSWSGSWSWWTGTTYWSWGSYTWTSWPTGSTWYSTS,-0.79,FALSE,HLA-DRB4*0101,0.02,FALSE
GGWGTSWSGSWSWWTGTTYWSWGSYTWTSWPTGSTWYSTS,-0.79,FALSE,HLA-DRB5*0101,0.02,TRUE
GGWGTSWSGSWSWWTGTTYWSWGSYTWTSWPTGSTWYSTS,-0.79,FALSE,HLA-DQA1*0501/DQB1*0301,0.02,TRUE
GGWGTSWSGSWSWWTGTTYWSWGSYTWTSWPTGSTWYSTS,-0.79,FALSE,HLA-DQA1*0301/DQB1*0302,0.02,TRUE
GGWGTSWSGSWSWWTGTTYWSWGSYTWTSWPTGSTWYSTS,-0.79,FALSE,HLA-DQA1*0101/DQB1*0501,0.02,FALSE
GGWGTSWSGSWSWWTGTTYWSWGSYTWTSWPTGSTWYSTS,-0.79,FALSE,HLA-DQA1*0102/DQB1*0602,0.02,TRUE
GGWGTSWSGSWSWWTGTTYWSWGSYTWTSWPTGSTWYSTS,-0.79,FALSE,HLA-DPB1*0101,0.02,TRUE
GGWGTSWSGSWSWWTGTTYWSWGSYTWTSWPTGSTWYSTS,-0.79,FALSE,HLA-DPB1*0201,0.02,TRUE
GGWGTSWSGSWSWWTGTTYWSWGSYTWTSWPTGSTWYSTS,-0.79,FALSE,HLA-DPB1*0401,0.02,FALSE
GGWGTSWSGSWSWWTGTTYWSWGSYTWTSWPTGSTWYSTS,-0.79,FALSE,HLA-DPB1*0402,0.02,TRUE
GGWGTSWSGSWSWWTGTTYWSWGSYTWTSWPTGSTWYSTS,-0.79,FALSE,HLA-DPB1*0501,0.02,FALSE
GSTTSGSWSYWSSYSYSYSSSTYSSTWWGGTGGYSGPGWG,-0.805,FALSE,HLA-A*01:01,0.02,TRUE
GSTTSGSWSYWSSYSYSYSSSTYSSTWWGGTGGYSGPGWG,-0.805,FALSE,HLA-A*02:01,0.02,FALSE
GSTTSGSWSYWSSYSYSYSSSTYSSTWWGGTGGYSGPGWG,-0.805,FALSE,HLA-A*03:01,0.02,TRUE
GSTTSGSWSYWSSYSYSYSSSTYSSTWWGGTGGYSGPGWG,-0.805,FALSE,HLA-A*24:02,0.02,TRUE
GSTTSGSWSYWSSYSYSYSSSTYSSTWWGGTGGYSGPGWG,-0.805,FALSE,HLA-A*26:01,0.02,TRUE
GSTTSGSWSYWSSYSYSYSSSTYSSTWWGGTGGYSGPGWG,-0.805,FALSE,HLA-B*07:02,0.02,FALSE
GSTTSGSWSYWSSYSYSYSSSTYSSTWWGGTGGYSGPGWG,-0.805,FALSE,HLA-B*08:01,0.02,TRUE
GSTTSGSWSYWSSYSYSYSSSTYSSTWWGGTGGYSGPGWG,-0.805,FALSE,HLA-B*18:01,0.02,TRUE
GSTTSGSWSYWSSYSYSYSSSTYSSTWWGGTGGYSGPGWG,-0.805,FALSE,HLA-B*27:05,0.02,FALSE
GSTTSGSWSYWSSYSYSYSSSTYSSTWWGGTGGYSGPGWG,-0.805,FALSE,HLA-B*39:01,0.02,FALSE
GSTTSGSWSYWSSYSYSYSSSTYSSTWWGGTGGYSGPGWG,-0.805,FALSE,HLA-B*40:02,0.02,FALSE
GSTTSGSWSYWSSYSYSYSSSTYSSTWWGGTGGYSGPGWG,-0.805,FALSE,HLA-B*58:01,0.02,TRUE
GSTTSGSWSYWSSYSYSYSSSTYSSTWWGGTGGYSGPGWG,-0.805,FALSE,HLA-B*15:01,0.02,FALSE
GSTTSGSWSYWSSYSYSYSSSTYSSTWWGGTGGYSGPGWG,-0.805,FALSE,HLA-DRB3*0101,0.02,FALSE
GSTTSGSWSYWSSYSYSYSSSTYSSTWWGGTGGYSGPGWG,-0.805,FALSE,HLA-DRB3*0202,0.02,FALSE
GSTTSGSWSYWSSYSYSYSSSTYSSTWWGGTGGYSGPGWG,-0.805,FALSE,HLA-DRB4*0101,0.02,FALSE
GSTTSGSWSYWSSYSYSYSSSTYSSTWWGGTGGYSGPGWG,-0.805,FALSE,HLA-DRB5*0101,0.02,TRUE
GSTTSGSWSYWSSYSYSYSSSTYSSTWWGGTGGYSGPGWG,-0.805,FALSE,HLA-DQA1*0501/DQB1*0301,0.02,TRUE
GSTTSGSWSYWSSYSYSYSSSTYSSTWWGGTGGYSGPGWG,-0.805,FALSE,HLA-DQA1*0301/DQB1*0302,0.02,TRUE
GSTTSGSWSYWSSYSYSYSSSTYSSTWWGGTGGYSGPGWG,-0.805,FALSE,HLA-DQA1*0101/DQB1*0501,0.02,TRUE
GSTTSGSWSYWSSYSYSYSSSTYSSTWWGGTGGYSGPGWG,-0.805,FALSE,HLA-DQA1*0102/DQB1*0602,0.02,TRUE
GSTTSGSWSYWSSYSYSYSSSTYSSTWWGGTGGYSGPGWG,-0.805,FALSE,HLA-DPB1*0101,0.02,TRUE
GSTTSGSWSYWSSYSYSYSSSTYSSTWWGGTGGYSGPGWG,-0.805,FALSE,HLA-DPB1*0201,0.02,TRUE
GSTTSGSWSYWSSYSYSYSSSTYSSTWWGGTGGYSGPGWG,-0.805,FALSE,HLA-DPB1*0401,0.02,FALSE
GSTTSGSWSYWSSYSYSYSSSTYSSTWWGGTGGYSGPGWG,-0.805,FALSE,HLA-DPB1*0402,0.02,TRUE
GSTTSGSWSYWSSYSYSYSSSTYSSTWWGGTGGYSGPGWG,-0.805,FALSE,HLA-DPB1*0501,0.02,FALSE
WWGGTGWSSTAGTTMGGTSTGGSTGGGTTCGTTGGWTGGG,-0.395,FALSE,HLA-A*01:01,0.02,TRUE
WWGGTGWSSTAGTTMGGTSTGGSTGGGTTCGTTGGWTGGG,-0.395,FALSE,HLA-A*02:01,0.02,FALSE
WWGGTGWSSTAGTTMGGTSTGGSTGGGTTCGTTGGWTGGG,-0.395,FALSE,HLA-A*03:01,0.02,TRUE
WWGGTGWSSTAGTTMGGTSTGGSTGGGTTCGTTGGWTGGG,-0.395,FALSE,HLA-A*24:02,0.02,FALSE
WWGGTGWSSTAGTTMGGTSTGGSTGGGTTCGTTGGWTGGG,-0.395,FALSE,HLA-A*26:01,0.02,FALSE
WWGGTGWSSTAGTTMGGTSTGGSTGGGTTCGTTGGWTGGG,-0.395,FALSE,HLA-B*07:02,0.02,TRUE
WWGGTGWSSTAGTTMGGTSTGGSTGGGTTCGTTGGWTGGG,-0.395,FALSE,HLA-B*08:01,0.02,FALSE
WWGGTGWSSTAGTTMGGTSTGGSTGGGTTCGTTGGWTGGG,-0.395,FALSE,HLA-B*18:01,0.02,FALSE
WWGGTGWSSTAGTTMGGTSTGGSTGGGTTCGTTGGWTGGG,-0.395,FALSE,HLA-B*27:05,0.02,FALSE
WWGGTGWSSTAGTTMGGTSTGGSTGGGTTCGTTGGWTGGG,-0.395,FALSE,HLA-B*39:01,0.02,FALSE
WWGGTGWSSTAGTTMGGTSTGGSTGGGTTCGTTGGWTGGG,-0.395,FALSE,HLA-B*40:02,0.02,FALSE
WWGGTGWSSTAGTTMGGTSTGGSTGGGTTCGTTGGWTGGG,-0.395,FALSE,HLA-B*58:01,0.02,TRUE
WWGGTGWSSTAGTTMGGTSTGGSTGGGTTCGTTGGWTGGG,-0.395,FALSE,HLA-B*15:01,0.02,FALSE
WWGGTGWSSTAGTTMGGTSTGGSTGGGTTCGTTGGWTGGG,-0.395,FALSE,HLA-DRB3*0101,0.02,FALSE
WWGGTGWSSTAGTTMGGTSTGGSTGGGTTCGTTGGWTGGG,-0.395,FALSE,HLA-DRB3*0202,0.02,FALSE
WWGGTGWSSTAGTTMGGTSTGGSTGGGTTCGTTGGWTGGG,-0.395,FALSE,HLA-DRB4*0101,0.02,FALSE
WWGGTGWSSTAGTTMGGTSTGGSTGGGTTCGTTGGWTGGG,-0.395,FALSE,HLA-DRB5*0101,0.02,FALSE
WWGGTGWSSTAGTTMGGTSTGGSTGGGTTCGTTGGWTGGG,-0.395,FALSE,HLA-DQA1*0501/DQB1*0301,0.02,TRUE
WWGGTGWSSTAGTTMGGTSTGGSTGGGTTCGTTGGWTGGG,-0.395,FALSE,HLA-DQA1*0301/DQB1*0302,0.02,FALSE
WWGGTGWSSTAGTTMGGTSTGGSTGGGTTCGTTGGWTGGG,-0.395,FALSE,HLA-DQA1*0101/DQB1*0501,0.02,FALSE
WWGGTGWSSTAGTTMGGTSTGGSTGGGTTCGTTGGWTGGG,-0.395,FALSE,HLA-DQA1*0102/DQB1*0602,0.02,TRUE
WWGGTGWSSTAGTTMGGTSTGGSTGGGTTCGTTGGWTGGG,-0.395,FALSE,HLA-DPB1*0101,0.02,FALSE
WWGGTGWSSTAGTTMGGTSTGGSTGGGTTCGTTGGWTGGG,-0.395,FALSE,HLA-DPB1*0201,0.02,FALSE
WWGGTGWSSTAGTTMGGTSTGGSTGGGTTCGTTGGWTGGG,-0.395,FALSE,HLA-DPB1*0401,0.02,FALSE
WWGGTGWSSTAGTTMGGTSTGGSTGGGTTCGTTGGWTGGG,-0.395,FALSE,HLA-DPB1*0402,0.02,FALSE
WWGGTGWSSTAGTTMGGTSTGGSTGGGTTCGTTGGWTGGG,-0.395,FALSE,HLA-DPB1*0501,0.02,FALSE
WAWFTSWTPWAGGYTGSGGGSTTGGSTGSGTGGYGYGGYG,-0.48250000000000004,FALSE,HLA-A*01:01,0.02,TRUE
WAWFTSWTPWAGGYTGSGGGSTTGGSTGSGTGGYGYGGYG,-0.48250000000000004,FALSE,HLA-A*02:01,0.02,FALSE
WAWFTSWTPWAGGYTGSGGGSTTGGSTGSGTGGYGYGGYG,-0.48250000000000004,FALSE,HLA-A*03:01,0.02,TRUE
WAWFTSWTPWAGGYTGSGGGSTTGGSTGSGTGGYGYGGYG,-0.48250000000000004,FALSE,HLA-A*24:02,0.02,TRUE
WAWFTSWTPWAGGYTGSGGGSTTGGSTGSGTGGYGYGGYG,-0.48250000000000004,FALSE,HLA-A*26:01,0.02,TRUE
WAWFTSWTPWAGGYTGSGGGSTTGGSTGSGTGGYGYGGYG,-0.48250000000000004,FALSE,HLA-B*07:02,0.02,TRUE
WAWFTSWTPWAGGYTGSGGGSTTGGSTGSGTGGYGYGGYG,-0.48250000000000004,FALSE,HLA-B*08:01,0.02,TRUE
WAWFTSWTPWAGGYTGSGGGSTTGGSTGSGTGGYGYGGYG,-0.48250000000000004,FALSE,HLA-B*18:01,0.02,FALSE
WAWFTSWTPWAGGYTGSGGGSTTGGSTGSGTGGYGYGGYG,-0.48250000000000004,FALSE,HLA-B*27:05,0.02,FALSE
WAWFTSWTPWAGGYTGSGGGSTTGGSTGSGTGGYGYGGYG,-0.48250000000000004,FALSE,HLA-B*39:01,0.02,FALSE
WAWFTSWTPWAGGYTGSGGGSTTGGSTGSGTGGYGYGGYG,-0.48250000000000004,FALSE,HLA-B*40:02,0.02,FALSE
WAWFTSWTPWAGGYTGSGGGSTTGGSTGSGTGGYGYGGYG,-0.48250000000000004,FALSE,HLA-B*58:01,0.02,TRUE
WAWFTSWTPWAGGYTGSGGGSTTGGSTGSGTGGYGYGGYG,-0.48250000000000004,FALSE,HLA-B*15:01,0.02,FALSE
WAWFTSWTPWAGGYTGSGGGSTTGGSTGSGTGGYGYGGYG,-0.48250000000000004,FALSE,HLA-DRB3*0101,0.02,FALSE
WAWFTSWTPWAGGYTGSGGGSTTGGSTGSGTGGYGYGGYG,-0.48250000000000004,FALSE,HLA-DRB3*0202,0.02,FALSE
WAWFTSWTPWAGGYTGSGGGSTTGGSTGSGTGGYGYGGYG,-0.48250000000000004,FALSE,HLA-DRB4*0101,0.02,FALSE
WAWFTSWTPWAGGYTGSGGGSTTGGSTGSGTGGYGYGGYG,-0.48250000000000004,FALSE,HLA-DRB5*0101,0.02,TRUE
WAWFTSWTPWAGGYTGSGGGSTTGGSTGSGTGGYGYGGYG,-0.48250000000000004,FALSE,HLA-DQA1*0501/DQB1*0301,0.02,TRUE
WAWFTSWTPWAGGYTGSGGGSTTGGSTGSGTGGYGYGGYG,-0.48250000000000004,FALSE,HLA-DQA1*0301/DQB1*0302,0.02,TRUE
WAWFTSWTPWAGGYTGSGGGSTTGGSTGSGTGGYGYGGYG,-0.48250000000000004,FALSE,HLA-DQA1*0101/DQB1*0501,0.02,FALSE
WAWFTSWTPWAGGYTGSGGGSTTGGSTGSGTGGYGYGGYG,-0.48250000000000004,FALSE,HLA-DQA1*0102/DQB1*0602,0.02,TRUE
WAWFTSWTPWAGGYTGSGGGSTTGGSTGSGTGGYGYGGYG,-0.48250000000000004,FALSE,HLA-DPB1*0101,0.02,TRUE
WAWFTSWTPWAGGYTGSGGGSTTGGSTGSGTGGYGYGGYG,-0.48250000000000004,FALSE,HLA-DPB1*0201,0.02,TRUE
WAWFTSWTPWAGGYTGSGGGSTTGGSTGSGTGGYGYGGYG,-0.48250000000000004,FALSE,HLA-DPB1*0401,0.02,TRUE
WAWFTSWTPWAGGYTGSGGGSTTGGSTGSGTGGYGYGGYG,-0.48250000000000004,FALSE,HLA-DPB1*0402,0.02,TRUE
WAWFTSWTPWAGGYTGSGGGSTTGGSTGSGTGGYGYGGYG,-0.48250000000000004,FALSE,HLA-DPB1*0501,0.02,FALSE
WTWGWAPSSCTMAGPWMATCSMTMTMGGGGWWGTTGMTGA,0.08499999999999999,FALSE,HLA-A*01:01,0.02,TRUE
WTWGWAPSSCTMAGPWMATCSMTMTMGGGGWWGTTGMTGA,0.08499999999999999,FALSE,HLA-A*02:01,0.02,TRUE
WTWGWAPSSCTMAGPWMATCSMTMTMGGGGWWGTTGMTGA,0.08499999999999999,FALSE,HLA-A*03:01,0.02,TRUE
WTWGWAPSSCTMAGPWMATCSMTMTMGGGGWWGTTGMTGA,0.08499999999999999,FALSE,HLA-A*24:02,0.02,FALSE
WTWGWAPSSCTMAGPWMATCSMTMTMGGGGWWGTTGMTGA,0.08499999999999999,FALSE,HLA-A*26:01,0.02,TRUE
WTWGWAPSSCTMAGPWMATCSMTMTMGGGGWWGTTGMTGA,0.08499999999999999,FALSE,HLA-B*07:02,0.02,TRUE
WTWGWAPSSCTMAGPWMATCSMTMTMGGGGWWGTTGMTGA,0.08499999999999999,FALSE,HLA-B*08:01,0.02,TRUE
WTWGWAPSSCTMAGPWMATCSMTMTMGGGGWWGTTGMTGA,0.08499999999999999,FALSE,HLA-B*18:01,0.02,FALSE
WTWGWAPSSCTMAGPWMATCSMTMTMGGGGWWGTTGMTGA,0.08499999999999999,FALSE,HLA-B*27:05,0.02,FALSE
WTWGWAPSSCTMAGPWMATCSMTMTMGGGGWWGTTGMTGA,0.08499999999999999,FALSE,HLA-B*39:01,0.02,TRUE
WTWGWAPSSCTMAGPWMATCSMTMTMGGGGWWGTTGMTGA,0.08499999999999999,FALSE,HLA-B*40:02,0.02,FALSE
WTWGWAPSSCTMAGPWMATCSMTMTMGGGGWWGTTGMTGA,0.08499999999999999,FALSE,HLA-B*58:01,0.02,TRUE
WTWGWAPSSCTMAGPWMATCSMTMTMGGGGWWGTTGMTGA,0.08499999999999999,FALSE,HLA-B*15:01,0.02,TRUE
WTWGWAPSSCTMAGPWMATCSMTMTMGGGGWWGTTGMTGA,0.08499999999999999,FALSE,HLA-DRB3*0101,0.02,FALSE
WTWGWAPSSCTMAGPWMATCSMTMTMGGGGWWGTTGMTGA,0.08499999999999999,FALSE,HLA-DRB3*0202,0.02,FALSE
WTWGWAPSSCTMAGPWMATCSMTMTMGGGGWWGTTGMTGA,0.08499999999999999,FALSE,HLA-DRB4*0101,0.02,TRUE
WTWGWAPSSCTMAGPWMATCSMTMTMGGGGWWGTTGMTGA,0.08499999999999999,FALSE,HLA-DRB5*0101,0.02,FALSE
WTWGWAPSSCTMAGPWMATCSMTMTMGGGGWWGTTGMTGA,0.08499999999999999,FALSE,HLA-DQA1*0501/DQB1*0301,0.02,TRUE
WTWGWAPSSCTMAGPWMATCSMTMTMGGGGWWGTTGMTGA,0.08499999999999999,FALSE,HLA-DQA1*0301/DQB1*0302,0.02,TRUE
WTWGWAPSSCTMAGPWMATCSMTMTMGGGGWWGTTGMTGA,0.08499999999999999,FALSE,HLA-DQA1*0101/DQB1*0501,0.02,FALSE
WTWGWAPSSCTMAGPWMATCSMTMTMGGGGWWGTTGMTGA,0.08499999999999999,FALSE,HLA-DQA1*0102/DQB1*0602,0.02,FALSE
WTWGWAPSSCTMAGPWMATCSMTMTMGGGGWWGTTGMTGA,0.08499999999999999,FALSE,HLA-DPB1*0101,0.02,FALSE
WTWGWAPSSCTMAGPWMATCSMTMTMGGGGWWGTTGMTGA,0.08499999999999999,FALSE,HLA-DPB1*0201,0.02,FALSE
WTWGWAPSSCTMAGPWMATCSMTMTMGGGGWWGTTGMTGA,0.08499999999999999,FALSE,HLA-DPB1*0401,0.02,FALSE
WTWGWAPSSCTMAGPWMATCSMTMTMGGGGWWGTTGMTGA,0.08499999999999999,FALSE,HLA-DPB1*0402,0.02,FALSE
WTWGWAPSSCTMAGPWMATCSMTMTMGGGGWWGTTGMTGA,0.08499999999999999,FALSE,HLA-DPB1*0501,0.02,FALSE
SWMAWTTGTGMFTGAGTPGGGSYTCGTGGGCTCTSMSMWG,0.03999999999999998,FALSE,HLA-A*01:01,0.02,TRUE
SWMAWTTGTGMFTGAGTPGGGSYTCGTGGGCTCTSMSMWG,0.03999999999999998,FALSE,HLA-A*02:01,0.02,FALSE
SWMAWTTGTGMFTGAGTPGGGSYTCGTGGGCTCTSMSMWG,0.03999999999999998,FALSE,HLA-A*03:01,0.02,TRUE
SWMAWTTGTGMFTGAGTPGGGSYTCGTGGGCTCTSMSMWG,0.03999999999999998,FALSE,HLA-A*24:02,0.02,TRUE
SWMAWTTGTGMFTGAGTPGGGSYTCGTGGGCTCTSMSMWG,0.03999999999999998,FALSE,HLA-A*26:01,0.02,TRUE
SWMAWTTGTGMFTGAGTPGGGSYTCGTGGGCTCTSMSMWG,0.03999999999999998,FALSE,HLA-B*07:02,0.02,TRUE
SWMAWTTGTGMFTGAGTPGGGSYTCGTGGGCTCTSMSMWG,0.03999999999999998,FALSE,HLA-B*08:01,0.02,TRUE
SWMAWTTGTGMFTGAGTPGGGSYTCGTGGGCTCTSMSMWG,0.03999999999999998,FALSE,HLA-B*18:01,0.02,FALSE
SWMAWTTGTGMFTGAGTPGGGSYTCGTGGGCTCTSMSMWG,0.03999999999999998,FALSE,HLA-B*27:05,0.02,FALSE
SWMAWTTGTGMFTGAGTPGGGSYTCGTGGGCTCTSMSMWG,0.03999999999999998,FALSE,HLA-B*39:01,0.02,FALSE
SWMAWTTGTGMFTGAGTPGGGSYTCGTGGGCTCTSMSMWG,0.03999999999999998,FALSE,HLA-B*40:02,0.02,TRUE
SWMAWTTGTGMFTGAGTPGGGSYTCGTGGGCTCTSMSMWG,0.03999999999999998,FALSE,HLA-B*58:01,0.02,TRUE
SWMAWTTGTGMFTGAGTPGGGSYTCGTGGGCTCTSMSMWG,0.03999999999999998,FALSE,HLA-B*15:01,0.02,FALSE
SWMAWTTGTGMFTGAGTPGGGSYTCGTGGGCTCTSMSMWG,0.03999999999999998,FALSE,HLA-DRB3*0101,0.02,FALSE
SWMAWTTGTGMFTGAGTPGGGSYTCGTGGGCTCTSMSMWG,0.03999999999999998,FALSE,HLA-DRB3*0202,0.02,FALSE
SWMAWTTGTGMFTGAGTPGGGSYTCGTGGGCTCTSMSMWG,0.03999999999999998,FALSE,HLA-DRB4*0101,0.02,FALSE
SWMAWTTGTGMFTGAGTPGGGSYTCGTGGGCTCTSMSMWG,0.03999999999999998,FALSE,HLA-DRB5*0101,0.02,TRUE
SWMAWTTGTGMFTGAGTPGGGSYTCGTGGGCTCTSMSMWG,0.03999999999999998,FALSE,HLA-DQA1*0501/DQB1*0301,0.02,TRUE
SWMAWTTGTGMFTGAGTPGGGSYTCGTGGGCTCTSMSMWG,0.03999999999999998,FALSE,HLA-DQA1*0301/DQB1*0302,0.02,TRUE
SWMAWTTGTGMFTGAGTPGGGSYTCGTGGGCTCTSMSMWG,0.03999999999999998,FALSE,HLA-DQA1*0101/DQB1*0501,0.02,FALSE
SWMAWTTGTGMFTGAGTPGGGSYTCGTGGGCTCTSMSMWG,0.03999999999999998,FALSE,HLA-DQA1*0102/DQB1*0602,0.02,TRUE
SWMAWTTGTGMFTGAGTPGGGSYTCGTGGGCTCTSMSMWG,0.03999999999999998,FALSE,HLA-DPB1*0101,0.02,TRUE
SWMAWTTGTGMFTGAGTPGGGSYTCGTGGGCTCTSMSMWG,0.03999999999999998,FALSE,HLA-DPB1*0201,0.02,FALSE
SWMAWTTGTGMFTGAGTPGGGSYTCGTGGGCTCTSMSMWG,0.03999999999999998,FALSE,HLA-DPB1*0401,0.02,TRUE
SWMAWTTGTGMFTGAGTPGGGSYTCGTGGGCTCTSMSMWG,0.03999999999999998,FALSE,HLA-DPB1*0402,0.02,TRUE
SWMAWTTGTGMFTGAGTPGGGSYTCGTGGGCTCTSMSMWG,0.03999999999999998,FALSE,HLA-DPB1*0501,0.02,TRUE
MAMMGGGAMASMWATWAAGGMAMGAGFCTMWMMGTMGMWM,0.8574999999999999,TRUE,HLA-A*01:01,0.02,TRUE
MAMMGGGAMASMWATWAAGGMAMGAGFCTMWMMGTMGMWM,0.8574999999999999,TRUE,HLA-A*02:01,0.02,TRUE
MAMMGGGAMASMWATWAAGGMAMGAGFCTMWMMGTMGMWM,0.8574999999999999,TRUE,HLA-A*03:01,0.02,TRUE
MAMMGGGAMASMWATWAAGGMAMGAGFCTMWMMGTMGMWM,0.8574999999999999,TRUE,HLA-A*24:02,0.02,FALSE
MAMMGGGAMASMWATWAAGGMAMGAGFCTMWMMGTMGMWM,0.8574999999999999,TRUE,HLA-A*26:01,0.02,TRUE
MAMMGGGAMASMWATWAAGGMAMGAGFCTMWMMGTMGMWM,0.8574999999999999,TRUE,HLA-B*07:02,0.02,TRUE
MAMMGGGAMASMWATWAAGGMAMGAGFCTMWMMGTMGMWM,0.8574999999999999,TRUE,HLA-B*08:01,0.02,TRUE
MAMMGGGAMASMWATWAAGGMAMGAGFCTMWMMGTMGMWM,0.8574999999999999,TRUE,HLA-B*18:01,0.02,FALSE
MAMMGGGAMASMWATWAAGGMAMGAGFCTMWMMGTMGMWM,0.8574999999999999,TRUE,HLA-B*27:05,0.02,FALSE
MAMMGGGAMASMWATWAAGGMAMGAGFCTMWMMGTMGMWM,0.8574999999999999,TRUE,HLA-B*39:01,0.02,TRUE
MAMMGGGAMASMWATWAAGGMAMGAGFCTMWMMGTMGMWM,0.8574999999999999,TRUE,HLA-B*40:02,0.02,TRUE
MAMMGGGAMASMWATWAAGGMAMGAGFCTMWMMGTMGMWM,0.8574999999999999,TRUE,HLA-B*58:01,0.02,TRUE
MAMMGGGAMASMWATWAAGGMAMGAGFCTMWMMGTMGMWM,0.8574999999999999,TRUE,HLA-B*15:01,0.02,TRUE
MAMMGGGAMASMWATWAAGGMAMGAGFCTMWMMGTMGMWM,0.8574999999999999,TRUE,HLA-DRB3*0101,0.02,FALSE
MAMMGGGAMASMWATWAAGGMAMGAGFCTMWMMGTMGMWM,0.8574999999999999,TRUE,HLA-DRB3*0202,0.02,FALSE
MAMMGGGAMASMWATWAAGGMAMGAGFCTMWMMGTMGMWM,0.8574999999999999,TRUE,HLA-DRB4*0101,0.02,TRUE
MAMMGGGAMASMWATWAAGGMAMGAGFCTMWMMGTMGMWM,0.8574999999999999,TRUE,HLA-DRB5*0101,0.02,TRUE
MAMMGGGAMASMWATWAAGGMAMGAGFCTMWMMGTMGMWM,0.8574999999999999,TRUE,HLA-DQA1*0501/DQB1*0301,0.02,TRUE
MAMMGGGAMASMWATWAAGGMAMGAGFCTMWMMGTMGMWM,0.8574999999999999,TRUE,HLA-DQA1*0301/DQB1*0302,0.02,TRUE
MAMMGGGAMASMWATWAAGGMAMGAGFCTMWMMGTMGMWM,0.8574999999999999,TRUE,HLA-DQA1*0101/DQB1*0501,0.02,TRUE
MAMMGGGAMASMWATWAAGGMAMGAGFCTMWMMGTMGMWM,0.8574999999999999,TRUE,HLA-DQA1*0102/DQB1*0602,0.02,TRUE
MAMMGGGAMASMWATWAAGGMAMGAGFCTMWMMGTMGMWM,0.8574999999999999,TRUE,HLA-DPB1*0101,0.02,TRUE
MAMMGGGAMASMWATWAAGGMAMGAGFCTMWMMGTMGMWM,0.8574999999999999,TRUE,HLA-DPB1*0201,0.02,TRUE
MAMMGGGAMASMWATWAAGGMAMGAGFCTMWMMGTMGMWM,0.8574999999999999,TRUE,HLA-DPB1*0401,0.02,FALSE
MAMMGGGAMASMWATWAAGGMAMGAGFCTMWMMGTMGMWM,0.8574999999999999,TRUE,HLA-DPB1*0402,0.02,FALSE
MAMMGGGAMASMWATWAAGGMAMGAGFCTMWMMGTMGMWM,0.8574999999999999,TRUE,HLA-DPB1*0501,0.02,FALSE
AASAAAAATSGSMAAAMWSAAGLYTMSMASMMCSMWGAGM,0.875,TRUE,HLA-A*01:01,0.02,TRUE
AASAAAAATSGSMAAAMWSAAGLYTMSMASMMCSMWGAGM,0.875,TRUE,HLA-A*02:01,0.02,TRUE
AASAAAAATSGSMAAAMWSAAGLYTMSMASMMCSMWGAGM,0.875,TRUE,HLA-A*03:01,0.02,TRUE
AASAAAAATSGSMAAAMWSAAGLYTMSMASMMCSMWGAGM,0.875,TRUE,HLA-A*24:02,0.02,TRUE
AASAAAAATSGSMAAAMWSAAGLYTMSMASMMCSMWGAGM,0.875,TRUE,HLA-A*26:01,0.02,TRUE
AASAAAAATSGSMAAAMWSAAGLYTMSMASMMCSMWGAGM,0.875,TRUE,HLA-B*07:02,0.02,TRUE
AASAAAAATSGSMAAAMWSAAGLYTMSMASMMCSMWGAGM,0.875,TRUE,HLA-B*08:01,0.02,TRUE
AASAAAAATSGSMAAAMWSAAGLYTMSMASMMCSMWGAGM,0.875,TRUE,HLA-B*18:01,0.02,FALSE
AASAAAAATSGSMAAAMWSAAGLYTMSMASMMCSMWGAGM,0.875,TRUE,HLA-B*27:05,0.02,FALSE
AASAAAAATSGSMAAAMWSAAGLYTMSMASMMCSMWGAGM,0.875,TRUE,HLA-B*39:01,0.02,TRUE
AASAAAAATSGSMAAAMWSAAGLYTMSMASMMCSMWGAGM,0.875,TRUE,HLA-B*40:02,0.02,TRUE
AASAAAAATSGSMAAAMWSAAGLYTMSMASMMCSMWGAGM,0.875,TRUE,HLA-B*58:01,0.02,TRUE
AASAAAAATSGSMAAAMWSAAGLYTMSMASMMCSMWGAGM,0.875,TRUE,HLA-B*15:01,0.02,TRUE
AASAAAAATSGSMAAAMWSAAGLYTMSMASMMCSMWGAGM,0.875,TRUE,HLA-DRB3*0101,0.02,TRUE
AASAAAAATSGSMAAAMWSAAGLYTMSMASMMCSMWGAGM,0.875,TRUE,HLA-DRB3*0202,0.02,FALSE
AASAAAAATSGSMAAAMWSAAGLYTMSMASMMCSMWGAGM,0.875,TRUE,HLA-DRB4*0101,0.02,TRUE
AASAAAAATSGSMAAAMWSAAGLYTMSMASMMCSMWGAGM,0.875,TRUE,HLA-DRB5*0101,0.02,TRUE
AASAAAAATSGSMAAAMWSAAGLYTMSMASMMCSMWGAGM,0.875,TRUE,HLA-DQA1*0501/DQB1*0301,0.02,TRUE
AASAAAAATSGSMAAAMWSAAGLYTMSMASMMCSMWGAGM,0.875,TRUE,HLA-DQA1*0301/DQB1*0302,0.02,TRUE
AASAAAAATSGSMAAAMWSAAGLYTMSMASMMCSMWGAGM,0.875,TRUE,HLA-DQA1*0101/DQB1*0501,0.02,TRUE
AASAAAAATSGSMAAAMWSAAGLYTMSMASMMCSMWGAGM,0.875,TRUE,HLA-DQA1*0102/DQB1*0602,0.02,TRUE
AASAAAAATSGSMAAAMWSAAGLYTMSMASMMCSMWGAGM,0.875,TRUE,HLA-DPB1*0101,0.02,TRUE
AASAAAAATSGSMAAAMWSAAGLYTMSMASMMCSMWGAGM,0.875,TRUE,HLA-DPB1*0201,0.02,TRUE
AASAAAAATSGSMAAAMWSAAGLYTMSMASMMCSMWGAGM,0.875,TRUE,HLA-DPB1*0401,0.02,FALSE
AASAAAAATSGSMAAAMWSAAGLYTMSMASMMCSMWGAGM,0.875,TRUE,HLA-DPB1*0402,0.02,FALSE
AASAAAAATSGSMAAAMWSAAGLYTMSMASMMCSMWGAGM,0.875,TRUE,HLA-DPB1*0501,0.02,FALSE
MMGMMAFAMAAAMGAAGMWATMGFAAACMWAAAAMTAAAA,1.4125,FALSE,HLA-A*01:01,0.02,TRUE
MMGMMAFAMAAAMGAAGMWATMGFAAACMWAAAAMTAAAA,1.4125,FALSE,HLA-A*02:01,0.02,TRUE
MMGMMAFAMAAAMGAAGMWATMGFAAACMWAAAAMTAAAA,1.4125,FALSE,HLA-A*03:01,0.02,TRUE
MMGMMAFAMAAAMGAAGMWATMGFAAACMWAAAAMTAAAA,1.4125,FALSE,HLA-A*24:02,0.02,FALSE
MMGMMAFAMAAAMGAAGMWATMGFAAACMWAAAAMTAAAA,1.4125,FALSE,HLA-A*26:01,0.02,TRUE
MMGMMAFAMAAAMGAAGMWATMGFAAACMWAAAAMTAAAA,1.4125,FALSE,HLA-B*07:02,0.02,TRUE
MMGMMAFAMAAAMGAAGMWATMGFAAACMWAAAAMTAAAA,1.4125,FALSE,HLA-B*08:01,0.02,TRUE
MMGMMAFAMAAAMGAAGMWATMGFAAACMWAAAAMTAAAA,1.4125,FALSE,HLA-B*18:01,0.02,TRUE
MMGMMAFAMAAAMGAAGMWATMGFAAACMWAAAAMTAAAA,1.4125,FALSE,HLA-B*27:05,0.02,FALSE
MMGMMAFAMAAAMGAAGMWATMGFAAACMWAAAAMTAAAA,1.4125,FALSE,HLA-B*39:01,0.02,TRUE
MMGMMAFAMAAAMGAAGMWATMGFAAACMWAAAAMTAAAA,1.4125,FALSE,HLA-B*40:02,0.02,TRUE
MMGMMAFAMAAAMGAAGMWATMGFAAACMWAAAAMTAAAA,1.4125,FALSE,HLA-B*58:01,0.02,TRUE
MMGMMAFAMAAAMGAAGMWATMGFAAACMWAAAAMTAAAA,1.4125,FALSE,HLA-B*15:01,0.02,TRUE
MMGMMAFAMAAAMGAAGMWATMGFAAACMWAAAAMTAAAA,1.4125,FALSE,HLA-DRB3*0101,0.02,FALSE
MMGMMAFAMAAAMGAAGMWATMGFAAACMWAAAAMTAAAA,1.4125,FALSE,HLA-DRB3*0202,0.02,TRUE
MMGMMAFAMAAAMGAAGMWATMGFAAACMWAAAAMTAAAA,1.4125,FALSE,HLA-DRB4*0101,0.02,TRUE
MMGMMAFAMAAAMGAAGMWATMGFAAACMWAAAAMTAAAA,1.4125,FALSE,HLA-DRB5*0101,0.02,TRUE
MMGMMAFAMAAAMGAAGMWATMGFAAACMWAAAAMTAAAA,1.4125,FALSE,HLA-DQA1*0501/DQB1*0301,0.02,TRUE
MMGMMAFAMAAAMGAAGMWATMGFAAACMWAAAAMTAAAA,1.4125,FALSE,HLA-DQA1*0301/DQB1*0302,0.02,TRUE
MMGMMAFAMAAAMGAAGMWATMGFAAACMWAAAAMTAAAA,1.4125,FALSE,HLA-DQA1*0101/DQB1*0501,0.02,TRUE
MMGMMAFAMAAAMGAAGMWATMGFAAACMWAAAAMTAAAA,1.4125,FALSE,HLA-DQA1*0102/DQB1*0602,0.02,TRUE
MMGMMAFAMAAAMGAAGMWATMGFAAACMWAAAAMTAAAA,1.4125,FALSE,HLA-DPB1*0101,0.02,TRUE
MMGMMAFAMAAAMGAAGMWATMGFAAACMWAAAAMTAAAA,1.4125,FALSE,HLA-DPB1*0201,0.02,TRUE
MMGMMAFAMAAAMGAAGMWATMGFAAACMWAAAAMTAAAA,1.4125,FALSE,HLA-DPB1*0401,0.02,TRUE
MMGMMAFAMAAAMGAAGMWATMGFAAACMWAAAAMTAAAA,1.4125,FALSE,HLA-DPB1*0402,0.02,TRUE
MMGMMAFAMAAAMGAAGMWATMGFAAACMWAAAAMTAAAA,1.4125,FALSE,HLA-DPB1*0501,0.02,FALSE
MAMACMTMMAAFMMAWAAGAAGGGMAMMAAMAAAMCAACS,1.4925000000000002,FALSE,HLA-A*01:01,0.02,FALSE
MAMACMTMMAAFMMAWAAGAAGGGMAMMAAMAAAMCAACS,1.4925000000000002,FALSE,HLA-A*02:01,0.02,TRUE
MAMACMTMMAAFMMAWAAGAAGGGMAMMAAMAAAMCAACS,1.4925000000000002,FALSE,HLA-A*03:01,0.02,FALSE
MAMACMTMMAAFMMAWAAGAAGGGMAMMAAMAAAMCAACS,1.4925000000000002,FALSE,HLA-A*24:02,0.02,FALSE
MAMACMTMMAAFMMAWAAGAAGGGMAMMAAMAAAMCAACS,1.4925000000000002,FALSE,HLA-A*26:01,0.02,TRUE
MAMACMTMMAAFMMAWAAGAAGGGMAMMAAMAAAMCAACS,1.4925000000000002,FALSE,HLA-B*07:02,0.02,TRUE
MAMACMTMMAAFMMAWAAGAAGGGMAMMAAMAAAMCAACS,1.4925000000000002,FALSE,HLA-B*08:01,0.02,TRUE
MAMACMTMMAAFMMAWAAGAAGGGMAMMAAMAAAMCAACS,1.4925000000000002,FALSE,HLA-B*18:01,0.02,FALSE
MAMACMTMMAAFMMAWAAGAAGGGMAMMAAMAAAMCAACS,1.4925000000000002,FALSE,HLA-B*27:05,0.02,FALSE
MAMACMTMMAAFMMAWAAGAAGGGMAMMAAMAAAMCAACS,1.4925000000000002,FALSE,HLA-B*39:01,0.02,TRUE
MAMACMTMMAAFMMAWAAGAAGGGMAMMAAMAAAMCAACS,1.4925000000000002,FALSE,HLA-B*40:02,0.02,TRUE
MAMACMTMMAAFMMAWAAGAAGGGMAMMAAMAAAMCAACS,1.4925000000000002,FALSE,HLA-B*58:01,0.02,TRUE
MAMACMTMMAAFMMAWAAGAAGGGMAMMAAMAAAMCAACS,1.4925000000000002,FALSE,HLA-B*15:01,0.02,TRUE
MAMACMTMMAAFMMAWAAGAAGGGMAMMAAMAAAMCAACS,1.4925000000000002,FALSE,HLA-DRB3*0101,0.02,FALSE
MAMACMTMMAAFMMAWAAGAAGGGMAMMAAMAAAMCAACS,1.4925000000000002,FALSE,HLA-DRB3*0202,0.02,FALSE
MAMACMTMMAAFMMAWAAGAAGGGMAMMAAMAAAMCAACS,1.4925000000000002,FALSE,HLA-DRB4*0101,0.02,TRUE
MAMACMTMMAAFMMAWAAGAAGGGMAMMAAMAAAMCAACS,1.4925000000000002,FALSE,HLA-DRB5*0101,0.02,TRUE
MAMACMTMMAAFMMAWAAGAAGGGMAMMAAMAAAMCAACS,1.4925000000000002,FALSE,HLA-DQA1*0501/DQB1*0301,0.02,TRUE
MAMACMTMMAAFMMAWAAGAAGGGMAMMAAMAAAMCAACS,1.4925000000000002,FALSE,HLA-DQA1*0301/DQB1*0302,0.02,TRUE
MAMACMTMMAAFMMAWAAGAAGGGMAMMAAMAAAMCAACS,1.4925000000000002,FALSE,HLA-DQA1*0101/DQB1*0501,0.02,TRUE
MAMACMTMMAAFMMAWAAGAAGGGMAMMAAMAAAMCAACS,1.4925000000000002,FALSE,HLA-DQA1*0102/DQB1*0602,0.02,TRUE
MAMACMTMMAAFMMAWAAGAAGGGMAMMAAMAAAMCAACS,1.4925000000000002,FALSE,HLA-DPB1*0101,0.02,TRUE
MAMACMTMMAAFMMAWAAGAAGGGMAMMAAMAAAMCAACS,1.4925000000000002,FALSE,HLA-DPB1*0201,0.02,TRUE
MAMACMTMMAAFMMAWAAGAAGGGMAMMAAMAAAMCAACS,1.4925000000000002,FALSE,HLA-DPB1*0401,0.02,TRUE
MAMACMTMMAAFMMAWAAGAAGGGMAMMAAMAAAMCAACS,1.4925000000000002,FALSE,HLA-DPB1*0402,0.02,TRUE
MAMACMTMMAAFMMAWAAGAAGGGMAMMAAMAAAMCAACS,1.4925000000000002,FALSE,HLA-DPB1*0501,0.02,FALSE
MMAAAMCMMAMMMMMFMFMMMFAMMCMAAAAAMAAAFMMM,1.9875,FALSE,HLA-A*01:01,0.02,FALSE
MMAAAMCMMAMMMMMFMFMMMFAMMCMAAAAAMAAAFMMM,1.9875,FALSE,HLA-A*02:01,0.02,TRUE
MMAAAMCMMAMMMMMFMFMMMFAMMCMAAAAAMAAAFMMM,1.9875,FALSE,HLA-A*03:01,0.02,FALSE
MMAAAMCMMAMMMMMFMFMMMFAMMCMAAAAAMAAAFMMM,1.9875,FALSE,HLA-A*24:02,0.02,TRUE
MMAAAMCMMAMMMMMFMFMMMFAMMCMAAAAAMAAAFMMM,1.9875,FALSE,HLA-A*26:01,0.02,TRUE
MMAAAMCMMAMMMMMFMFMMMFAMMCMAAAAAMAAAFMMM,1.9875,FALSE,HLA-B*07:02,0.02,TRUE
MMAAAMCMMAMMMMMFMFMMMFAMMCMAAAAAMAAAFMMM,1.9875,FALSE,HLA-B*08:01,0.02,TRUE
MMAAAMCMMAMMMMMFMFMMMFAMMCMAAAAAMAAAFMMM,1.9875,FALSE,HLA-B*18:01,0.02,TRUE
MMAAAMCMMAMMMMMFMFMMMFAMMCMAAAAAMAAAFMMM,1.9875,FALSE,HLA-B*27:05,0.02,FALSE
MMAAAMCMMAMMMMMFMFMMMFAMMCMAAAAAMAAAFMMM,1.9875,FALSE,HLA-B*39:01,0.02,TRUE
MMAAAMCMMAMMMMMFMFMMMFAMMCMAAAAAMAAAFMMM,1.9875,FALSE,HLA-B*40:02,0.02,TRUE
MMAAAMCMMAMMMMMFMFMMMFAMMCMAAAAAMAAAFMMM,1.9875,FALSE,HLA-B*58:01,0.02,TRUE
MMAAAMCMMAMMMMMFMFMMMFAMMCMAAAAAMAAAFMMM,1.9875,FALSE,HLA-B*15:01,0.02,TRUE
MMAAAMCMMAMMMMMFMFMMMFAMMCMAAAAAMAAAFMMM,1.9875,FALSE,HLA-DRB3*0101,0.02,FALSE
MMAAAMCMMAMMMMMFMFMMMFAMMCMAAAAAMAAAFMMM,1.9875,FALSE,HLA-DRB3*0202,0.02,TRUE
MMAAAMCMMAMMMMMFMFMMMFAMMCMAAAAAMAAAFMMM,1.9875,FALSE,HLA-DRB4*0101,0.02,TRUE
MMAAAMCMMAMMMMMFMFMMMFAMMCMAAAAAMAAAFMMM,1.9875,FALSE,HLA-DRB5*0101,0.02,TRUE
MMAAAMCMMAMMMMMFMFMMMFAMMCMAAAAAMAAAFMMM,1.9875,FALSE,HLA-DQA1*0501/DQB1*0301,0.02,TRUE
MMAAAMCMMAMMMMMFMFMMMFAMMCMAAAAAMAAAFMMM,1.9875,FALSE,HLA-DQA1*0301/DQB1*0302,0.02,TRUE
MMAAAMCMMAMMMMMFMFMMMFAMMCMAAAAAMAAAFMMM,1.9875,FALSE,HLA-DQA1*0101/DQB1*0501,0.02,TRUE
MMAAAMCMMAMMMMMFMFMMMFAMMCMAAAAAMAAAFMMM,1.9875,FALSE,HLA-DQA1*0102/DQB1*0602,0.02,TRUE
MMAAAMCMMAMMMMMFMFMMMFAMMCMAAAAAMAAAFMMM,1.9875,FALSE,HLA-DPB1*0101,0.02,TRUE
MMAAAMCMMAMMMMMFMFMMMFAMMCMAAAAAMAAAFMMM,1.9875,FALSE,HLA-DPB1*0201,0.02,TRUE
MMAAAMCMMAMMMMMFMFMMMFAMMCMAAAAAMAAAFMMM,1.9875,FALSE,HLA-DPB1*0401,0.02,FALSE
MMAAAMCMMAMMMMMFMFMMMFAMMCMAAAAAMAAAFMMM,1.9875,FALSE,HLA-DPB1*0402,0.02,FALSE
MMAAAMCMMAMMMMMFMFMMMFAMMCMAAAAAMAAAFMMM,1.9875,FALSE,HLA-DPB1*0501,0.02,TRUE
MACAAMACMMAAAAAMCAAMFMAAMAAAMMFAAAAMAAVA,1.9899999999999998,FALSE,HLA-A*01:01,0.02,FALSE
MACAAMACMMAAAAAMCAAMFMAAMAAAMMFAAAAMAAVA,1.9899999999999998,FALSE,HLA-A*02:01,0.02,TRUE
MACAAMACMMAAAAAMCAAMFMAAMAAAMMFAAAAMAAVA,1.9899999999999998,FALSE,HLA-A*03:01,0.02,TRUE
MACAAMACMMAAAAAMCAAMFMAAMAAAMMFAAAAMAAVA,1.9899999999999998,FALSE,HLA-A*24:02,0.02,FALSE
MACAAMACMMAAAAAMCAAMFMAAMAAAMMFAAAAMAAVA,1.9899999999999998,FALSE,HLA-A*26:01,0.02,TRUE
MACAAMACMMAAAAAMCAAMFMAAMAAAMMFAAAAMAAVA,1.9899999999999998,FALSE,HLA-B*07:02,0.02,TRUE
MACAAMACMMAAAAAMCAAMFMAAMAAAMMFAAAAMAAVA,1.9899999999999998,FALSE,HLA-B*08:01,0.02,TRUE
MACAAMACMMAAAAAMCAAMFMAAMAAAMMFAAAAMAAVA,1.9899999999999998,FALSE,HLA-B*18:01,0.02,FALSE
MACAAMACMMAAAAAMCAAMFMAAMAAAMMFAAAAMAAVA,1.9899999999999998,FALSE,HLA-B*27:05,0.02,FALSE
MACAAMACMMAAAAAMCAAMFMAAMAAAMMFAAAAMAAVA,1.9899999999999998,FALSE,HLA-B*39:01,0.02,TRUE
MACAAMACMMAAAAAMCAAMFMAAMAAAMMFAAAAMAAVA,1.9899999999999998,FALSE,HLA-B*40:02,0.02,TRUE
MACAAMACMMAAAAAMCAAMFMAAMAAAMMFAAAAMAAVA,1.9899999999999998,FALSE,HLA-B*58:01,0.02,TRUE
MACAAMACMMAAAAAMCAAMFMAAMAAAMMFAAAAMAAVA,1.9899999999999998,FALSE,HLA-B*15:01,0.02,TRUE
MACAAMACMMAAAAAMCAAMFMAAMAAAMMFAAAAMAAVA,1.9899999999999998,FALSE,HLA-DRB3*0101,0.02,FALSE
MACAAMACMMAAAAAMCAAMFMAAMAAAMMFAAAAMAAVA,1.9899999999999998,FALSE,HLA-DRB3*0202,0.02,TRUE
MACAAMACMMAAAAAMCAAMFMAAMAAAMMFAAAAMAAVA,1.9899999999999998,FALSE,HLA-DRB4*0101,0.02,TRUE
MACAAMACMMAAAAAMCAAMFMAAMAAAMMFAAAAMAAVA,1.9899999999999998,FALSE,HLA-DRB5*0101,0.02,TRUE
MACAAMACMMAAAAAMCAAMFMAAMAAAMMFAAAAMAAVA,1.9899999999999998,FALSE,HLA-DQA1*0501/DQB1*0301,0.02,TRUE
MACAAMACMMAAAAAMCAAMFMAAMAAAMMFAAAAMAAVA,1.9899999999999998,FALSE,HLA-DQA1*0301/DQB1*0302,0.02,TRUE
MACAAMACMMAAAAAMCAAMFMAAMAAAMMFAAAAMAAVA,1.9899999999999998,FALSE,HLA-DQA1*0101/DQB1*0501,0.02,TRUE
MACAAMACMMAAAAAMCAAMFMAAMAAAMMFAAAAMAAVA,1.9899999999999998,FALSE,HLA-DQA1*0102/DQB1*0602,0.02,TRUE
MACAAMACMMAAAAAMCAAMFMAAMAAAMMFAAAAMAAVA,1.9899999999999998,FALSE,HLA-DPB1*0101,0.02,TRUE
MACAAMACMMAAAAAMCAAMFMAAMAAAMMFAAAAMAAVA,1.9899999999999998,FALSE,HLA-DPB1*0201,0.02,FALSE
MACAAMACMMAAAAAMCAAMFMAAMAAAMMFAAAAMAAVA,1.9899999999999998,FALSE,HLA-DPB1*0401,0.02,FALSE
MACAAMACMMAAAAAMCAAMFMAAMAAAMMFAAAAMAAVA,1.9899999999999998,FALSE,HLA-DPB1*0402,0.02,FALSE
MACAAMACMMAAAAAMCAAMFMAAMAAAMMFAAAAMAAVA,1.9899999999999998,FALSE,HLA-DPB1*0501,0.02,FALSE
LAMAFCCCMFCAMCFCAAFFAAAAAMGAMMFMAAMCMMAM,2.0949999999999998,FALSE,HLA-A*01:01,0.02,FALSE
LAMAFCCCMFCAMCFCAAFFAAAAAMGAMMFMAAMCMMAM,2.0949999999999998,FALSE,HLA-A*02:01,0.02,TRUE
LAMAFCCCMFCAMCFCAAFFAAAAAMGAMMFMAAMCMMAM,2.0949999999999998,FALSE,HLA-A*03:01,0.02,TRUE
LAMAFCCCMFCAMCFCAAFFAAAAAMGAMMFMAAMCMMAM,2.0949999999999998,FALSE,HLA-A*24:02,0.02,FALSE
LAMAFCCCMFCAMCFCAAFFAAAAAMGAMMFMAAMCMMAM,2.0949999999999998,FALSE,HLA-A*26:01,0.02,TRUE
LAMAFCCCMFCAMCFCAAFFAAAAAMGAMMFMAAMCMMAM,2.0949999999999998,FALSE,HLA-B*07:02,0.02,TRUE
LAMAFCCCMFCAMCFCAAFFAAAAAMGAMMFMAAMCMMAM,2.0949999999999998,FALSE,HLA-B*08:01,0.02,TRUE
LAMAFCCCMFCAMCFCAAFFAAAAAMGAMMFMAAMCMMAM,2.0949999999999998,FALSE,HLA-B*18:01,0.02,FALSE
LAMAFCCCMFCAMCFCAAFFAAAAAMGAMMFMAAMCMMAM,2.0949999999999998,FALSE,HLA-B*27:05,0.02,FALSE
LAMAFCCCMFCAMCFCAAFFAAAAAMGAMMFMAAMCMMAM,2.0949999999999998,FALSE,HLA-B*39:01,0.02,TRUE
LAMAFCCCMFCAMCFCAAFFAAAAAMGAMMFMAAMCMMAM,2.0949999999999998,FALSE,HLA-B*40:02,0.02,TRUE
LAMAFCCCMFCAMCFCAAFFAAAAAMGAMMFMAAMCMMAM,2.0949999999999998,FALSE,HLA-B*58:01,0.02,TRUE
LAMAFCCCMFCAMCFCAAFFAAAAAMGAMMFMAAMCMMAM,2.0949999999999998,FALSE,HLA-B*15:01,0.02,TRUE
LAMAFCCCMFCAMCFCAAFFAAAAAMGAMMFMAAMCMMAM,2.0949999999999998,FALSE,HLA-DRB3*0101,0.02,FALSE
LAMAFCCCMFCAMCFCAAFFAAAAAMGAMMFMAAMCMMAM,2.0949999999999998,FALSE,HLA-DRB3*0202,0.02,FALSE
LAMAFCCCMFCAMCFCAAFFAAAAAMGAMMFMAAMCMMAM,2.0949999999999998,FALSE,HLA-DRB4*0101,0.02,TRUE
LAMAFCCCMFCAMCFCAAFFAAAAAMGAMMFMAAMCMMAM,2.0949999999999998,FALSE,HLA-DRB5*0101,0.02,TRUE
LAMAFCCCMFCAMCFCAAFFAAAAAMGAMMFMAAMCMMAM,2.0949999999999998,FALSE,HLA-DQA1*0501/DQB1*0301,0.02,TRUE
LAMAFCCCMFCAMCFCAAFFAAAAAMGAMMFMAAMCMMAM,2.0949999999999998,FALSE,HLA-DQA1*0301/DQB1*0302,0.02,TRUE
LAMAFCCCMFCAMCFCAAFFAAAAAMGAMMFMAAMCMMAM,2.0949999999999998,FALSE,HLA-DQA1*0101/DQB1*0501,0.02,TRUE
LAMAFCCCMFCAMCFCAAFFAAAAAMGAMMFMAAMCMMAM,2.0949999999999998,FALSE,HLA-DQA1*0102/DQB1*0602,0.02,TRUE
LAMAFCCCMFCAMCFCAAFFAAAAAMGAMMFMAAMCMMAM,2.0949999999999998,FALSE,HLA-DPB1*0101,0.02,TRUE
LAMAFCCCMFCAMCFCAAFFAAAAAMGAMMFMAAMCMMAM,2.0949999999999998,FALSE,HLA-DPB1*0201,0.02,TRUE
LAMAFCCCMFCAMCFCAAFFAAAAAMGAMMFMAAMCMMAM,2.0949999999999998,FALSE,HLA-DPB1*0401,0.02,TRUE
LAMAFCCCMFCAMCFCAAFFAAAAAMGAMMFMAAMCMMAM,2.0949999999999998,FALSE,HLA-DPB1*0402,0.02,TRUE
LAMAFCCCMFCAMCFCAAFFAAAAAMGAMMFMAAMCMMAM,2.0949999999999998,FALSE,HLA-DPB1*0501,0.02,TRUE
FMFMFACCFCCCCMACMFCFCMCAAMCCMCCFCMAFAMCM,2.305,FALSE,HLA-A*01:01,0.02,FALSE
FMFMFACCFCCCCMACMFCFCMCAAMCCMCCFCMAFAMCM,2.305,FALSE,HLA-A*02:01,0.02,FALSE
FMFMFACCFCCCCMACMFCFCMCAAMCCMCCFCMAFAMCM,2.305,FALSE,HLA-A*03:01,0.02,TRUE
FMFMFACCFCCCCMACMFCFCMCAAMCCMCCFCMAFAMCM,2.305,FALSE,HLA-A*24:02,0.02,FALSE
FMFMFACCFCCCCMACMFCFCMCAAMCCMCCFCMAFAMCM,2.305,FALSE,HLA-A*26:01,0.02,TRUE
FMFMFACCFCCCCMACMFCFCMCAAMCCMCCFCMAFAMCM,2.305,FALSE,HLA-B*07:02,0.02,FALSE
FMFMFACCFCCCCMACMFCFCMCAAMCCMCCFCMAFAMCM,2.305,FALSE,HLA-B*08:01,0.02,TRUE
FMFMFACCFCCCCMACMFCFCMCAAMCCMCCFCMAFAMCM,2.305,FALSE,HLA-B*18:01,0.02,TRUE
FMFMFACCFCCCCMACMFCFCMCAAMCCMCCFCMAFAMCM,2.305,FALSE,HLA-B*27:05,0.02,FALSE
FMFMFACCFCCCCMACMFCFCMCAAMCCMCCFCMAFAMCM,2.305,FALSE,HLA-B*39:01,0.02,TRUE
FMFMFACCFCCCCMACMFCFCMCAAMCCMCCFCMAFAMCM,2.305,FALSE,HLA-B*40:02,0.02,TRUE
FMFMFACCFCCCCMACMFCFCMCAAMCCMCCFCMAFAMCM,2.305,FALSE,HLA-B*58:01,0.02,TRUE
FMFMFACCFCCCCMACMFCFCMCAAMCCMCCFCMAFAMCM,2.305,FALSE,HLA-B*15:01,0.02,TRUE
FMFMFACCFCCCCMACMFCFCMCAAMCCMCCFCMAFAMCM,2.305,FALSE,HLA-DRB3*0101,0.02,FALSE
FMFMFACCFCCCCMACMFCFCMCAAMCCMCCFCMAFAMCM,2.305,FALSE,HLA-DRB3*0202,0.02,FALSE
FMFMFACCFCCCCMACMFCFCMCAAMCCMCCFCMAFAMCM,2.305,FALSE,HLA-DRB4*0101,0.02,TRUE
FMFMFACCFCCCCMACMFCFCMCAAMCCMCCFCMAFAMCM,2.305,FALSE,HLA-DRB5*0101,0.02,TRUE
FMFMFACCFCCCCMACMFCFCMCAAMCCMCCFCMAFAMCM,2.305,FALSE,HLA-DQA1*0501/DQB1*0301,0.02,FALSE
FMFMFACCFCCCCMACMFCFCMCAAMCCMCCFCMAFAMCM,2.305,FALSE,HLA-DQA1*0301/DQB1*0302,0.02,TRUE
FMFMFACCFCCCCMACMFCFCMCAAMCCMCCFCMAFAMCM,2.305,FALSE,HLA-DQA1*0101/DQB1*0501,0.02,TRUE
FMFMFACCFCCCCMACMFCFCMCAAMCCMCCFCMAFAMCM,2.305,FALSE,HLA-DQA1*0102/DQB1*0602,0.02,TRUE
FMFMFACCFCCCCMACMFCFCMCAAMCCMCCFCMAFAMCM,2.305,FALSE,HLA-DPB1*0101,0.02,TRUE
FMFMFACCFCCCCMACMFCFCMCAAMCCMCCFCMAFAMCM,2.305,FALSE,HLA-DPB1*0201,0.02,TRUE
FMFMFACCFCCCCMACMFCFCMCAAMCCMCCFCMAFAMCM,2.305,FALSE,HLA-DPB1*0401,0.02,TRUE
FMFMFACCFCCCCMACMFCFCMCAAMCCMCCFCMAFAMCM,2.305,FALSE,HLA-DPB1*0402,0.02,TRUE
FMFMFACCFCCCCMACMFCFCMCAAMCCMCCFCMAFAMCM,2.305,FALSE,HLA-DPB1*0501,0.02,TRUE
CCFFCFMFFCFCCFMCIFCFFFFCMVCMFCCCFCFCFMCF,2.645,TRUE,HLA-A*01:01,0.02,TRUE
CCFFCFMFFCFCCFMCIFCFFFFCMVCMFCCCFCFCFMCF,2.645,TRUE,HLA-A*02:01,0.02,FALSE
CCFFCFMFFCFCCFMCIFCFFFFCMVCMFCCCFCFCFMCF,2.645,TRUE,HLA-A*03:01,0.02,TRUE
CCFFCFMFFCFCCFMCIFCFFFFCMVCMFCCCFCFCFMCF,2.645,TRUE,HLA-A*24:02,0.02,FALSE
CCFFCFMFFCFCCFMCIFCFFFFCMVCMFCCCFCFCFMCF,2.645,TRUE,HLA-A*26:01,0.02,TRUE
CCFFCFMFFCFCCFMCIFCFFFFCMVCMFCCCFCFCFMCF,2.645,TRUE,HLA-B*07:02,0.02,FALSE
CCFFCFMFFCFCCFMCIFCFFFFCMVCMFCCCFCFCFMCF,2.645,TRUE,HLA-B*08:01,0.02,TRUE
CCFFCFMFFCFCCFMCIFCFFFFCMVCMFCCCFCFCFMCF,2.645,TRUE,HLA-B*18:01,0.02,TRUE
CCFFCFMFFCFCCFMCIFCFFFFCMVCMFCCCFCFCFMCF,2.645,TRUE,HLA-B*27:05,0.02,TRUE
CCFFCFMFFCFCCFMCIFCFFFFCMVCMFCCCFCFCFMCF,2.645,TRUE,HLA-B*39:01,0.02,FALSE
CCFFCFMFFCFCCFMCIFCFFFFCMVCMFCCCFCFCFMCF,2.645,TRUE,HLA-B*40:02,0.02,TRUE
CCFFCFMFFCFCCFMCIFCFFFFCMVCMFCCCFCFCFMCF,2.645,TRUE,HLA-B*58:01,0.02,FALSE
CCFFCFMFFCFCCFMCIFCFFFFCMVCMFCCCFCFCFMCF,2.645,TRUE,HLA-B*15:01,0.02,FALSE
CCFFCFMFFCFCCFMCIFCFFFFCMVCMFCCCFCFCFMCF,2.645,TRUE,HLA-DRB3*0101,0.02,FALSE
CCFFCFMFFCFCCFMCIFCFFFFCMVCMFCCCFCFCFMCF,2.645,TRUE,HLA-DRB3*0202,0.02,FALSE
CCFFCFMFFCFCCFMCIFCFFFFCMVCMFCCCFCFCFMCF,2.645,TRUE,HLA-DRB4*0101,0.02,FALSE
CCFFCFMFFCFCCFMCIFCFFFFCMVCMFCCCFCFCFMCF,2.645,TRUE,HLA-DRB5*0101,0.02,TRUE
CCFFCFMFFCFCCFMCIFCFFFFCMVCMFCCCFCFCFMCF,2.645,TRUE,HLA-DQA1*0501/DQB1*0301,0.02,TRUE
CCFFCFMFFCFCCFMCIFCFFFFCMVCMFCCCFCFCFMCF,2.645,TRUE,HLA-DQA1*0301/DQB1*0302,0.02,TRUE
CCFFCFMFFCFCCFMCIFCFFFFCMVCMFCCCFCFCFMCF,2.645,TRUE,HLA-DQA1*0101/DQB1*0501,0.02,TRUE
CCFFCFMFFCFCCFMCIFCFFFFCMVCMFCCCFCFCFMCF,2.645,TRUE,HLA-DQA1*0102/DQB1*0602,0.02,TRUE
CCFFCFMFFCFCCFMCIFCFFFFCMVCMFCCCFCFCFMCF,2.645,TRUE,HLA-DPB1*0101,0.02,TRUE
CCFFCFMFFCFCCFMCIFCFFFFCMVCMFCCCFCFCFMCF,2.645,TRUE,HLA-DPB1*0201,0.02,TRUE
CCFFCFMFFCFCCFMCIFCFFFFCMVCMFCCCFCFCFMCF,2.645,TRUE,HLA-DPB1*0401,0.02,FALSE
CCFFCFMFFCFCCFMCIFCFFFFCMVCMFCCCFCFCFMCF,2.645,TRUE,HLA-DPB1*0402,0.02,FALSE
CCFFCFMFFCFCCFMCIFCFFFFCMVCMFCCCFCFCFMCF,2.645,TRUE,HLA-DPB1*0501,0.02,FALSE
CVFMMCLCMCFFVCCFACFFCFLCCFFACCAFFFFFCCFF,2.6725,FALSE,HLA-A*01:01,0.02,TRUE
CVFMMCLCMCFFVCCFACFFCFLCCFFACCAFFFFFCCFF,2.6725,FALSE,HLA-A*02:01,0.02,TRUE
CVFMMCLCMCFFVCCFACFFCFLCCFFACCAFFFFFCCFF,2.6725,FALSE,HLA-A*03:01,0.02,TRUE
CVFMMCLCMCFFVCCFACFFCFLCCFFACCAFFFFFCCFF,2.6725,FALSE,HLA-A*24:02,0.02,FALSE
CVFMMCLCMCFFVCCFACFFCFLCCFFACCAFFFFFCCFF,2.6725,FALSE,HLA-A*26:01,0.02,TRUE
CVFMMCLCMCFFVCCFACFFCFLCCFFACCAFFFFFCCFF,2.6725,FALSE,HLA-B*07:02,0.02,FALSE
CVFMMCLCMCFFVCCFACFFCFLCCFFACCAFFFFFCCFF,2.6725,FALSE,HLA-B*08:01,0.02,TRUE
CVFMMCLCMCFFVCCFACFFCFLCCFFACCAFFFFFCCFF,2.6725,FALSE,HLA-B*18:01,0.02,TRUE
CVFMMCLCMCFFVCCFACFFCFLCCFFACCAFFFFFCCFF,2.6725,FALSE,HLA-B*27:05,0.02,FALSE
CVFMMCLCMCFFVCCFACFFCFLCCFFACCAFFFFFCCFF,2.6725,FALSE,HLA-B*39:01,0.02,FALSE
CVFMMCLCMCFFVCCFACFFCFLCCFFACCAFFFFFCCFF,2.6725,FALSE,HLA-B*40:02,0.02,TRUE
CVFMMCLCMCFFVCCFACFFCFLCCFFACCAFFFFFCCFF,2.6725,FALSE,HLA-B*58:01,0.02,TRUE
CVFMMCLCMCFFVCCFACFFCFLCCFFACCAFFFFFCCFF,2.6725,FALSE,HLA-B*15:01,0.02,FALSE
CVFMMCLCMCFFVCCFACFFCFLCCFFACCAFFFFFCCFF,2.6725,FALSE,HLA-DRB3*0101,0.02,FALSE
CVFMMCLCMCFFVCCFACFFCFLCCFFACCAFFFFFCCFF,2.6725,FALSE,HLA-DRB3*0202,0.02,FALSE
CVFMMCLCMCFFVCCFACFFCFLCCFFACCAFFFFFCCFF,2.6725,FALSE,HLA-DRB4*0101,0.02,FALSE
CVFMMCLCMCFFVCCFACFFCFLCCFFACCAFFFFFCCFF,2.6725,FALSE,HLA-DRB5*0101,0.02,TRUE
CVFMMCLCMCFFVCCFACFFCFLCCFFACCAFFFFFCCFF,2.6725,FALSE,HLA-DQA1*0501/DQB1*0301,0.02,TRUE
CVFMMCLCMCFFVCCFACFFCFLCCFFACCAFFFFFCCFF,2.6725,FALSE,HLA-DQA1*0301/DQB1*0302,0.02,TRUE
CVFMMCLCMCFFVCCFACFFCFLCCFFACCAFFFFFCCFF,2.6725,FALSE,HLA-DQA1*0101/DQB1*0501,0.02,TRUE
CVFMMCLCMCFFVCCFACFFCFLCCFFACCAFFFFFCCFF,2.6725,FALSE,HLA-DQA1*0102/DQB1*0602,0.02,TRUE
CVFMMCLCMCFFVCCFACFFCFLCCFFACCAFFFFFCCFF,2.6725,FALSE,HLA-DPB1*0101,0.02,TRUE
CVFMMCLCMCFFVCCFACFFCFLCCFFACCAFFFFFCCFF,2.6725,FALSE,HLA-DPB1*0201,0.02,TRUE
CVFMMCLCMCFFVCCFACFFCFLCCFFACCAFFFFFCCFF,2.6725,FALSE,HLA-DPB1*0401,0.02,TRUE
CVFMMCLCMCFFVCCFACFFCFLCCFFACCAFFFFFCCFF,2.6725,FALSE,HLA-DPB1*0402,0.02,TRUE
CVFMMCLCMCFFVCCFACFFCFLCCFFACCAFFFFFCCFF,2.6725,FALSE,HLA-DPB1*0501,0.02,TRUE
CLMFLFAFFVLLFMAFLMIVLVFFCLFLVFCIFLAFCIVF,3.1550000000000002,TRUE,HLA-A*01:01,0.02,TRUE
CLMFLFAFFVLLFMAFLMIVLVFFCLFLVFCIFLAFCIVF,3.1550000000000002,TRUE,HLA-A*02:01,0.02,TRUE
CLMFLFAFFVLLFMAFLMIVLVFFCLFLVFCIFLAFCIVF,3.1550000000000002,TRUE,HLA-A*03:01,0.02,TRUE
CLMFLFAFFVLLFMAFLMIVLVFFCLFLVFCIFLAFCIVF,3.1550000000000002,TRUE,HLA-A*24:02,0.02,TRUE
CLMFLFAFFVLLFMAFLMIVLVFFCLFLVFCIFLAFCIVF,3.1550000000000002,TRUE,HLA-A*26:01,0.02,TRUE
CLMFLFAFFVLLFMAFLMIVLVFFCLFLVFCIFLAFCIVF,3.1550000000000002,TRUE,HLA-B*07:02,0.02,TRUE
CLMFLFAFFVLLFMAFLMIVLVFFCLFLVFCIFLAFCIVF,3.1550000000000002,TRUE,HLA-B*08:01,0.02,TRUE
CLMFLFAFFVLLFMAFLMIVLVFFCLFLVFCIFLAFCIVF,3.1550000000000002,TRUE,HLA-B*18:01,0.02,FALSE
CLMFLFAFFVLLFMAFLMIVLVFFCLFLVFCIFLAFCIVF,3.1550000000000002,TRUE,HLA-B*27:05,0.02,FALSE
CLMFLFAFFVLLFMAFLMIVLVFFCLFLVFCIFLAFCIVF,3.1550000000000002,TRUE,HLA-B*39:01,0.02,TRUE
CLMFLFAFFVLLFMAFLMIVLVFFCLFLVFCIFLAFCIVF,3.1550000000000002,TRUE,HLA-B*40:02,0.02,TRUE
CLMFLFAFFVLLFMAFLMIVLVFFCLFLVFCIFLAFCIVF,3.1550000000000002,TRUE,HLA-B*58:01,0.02,TRUE
CLMFLFAFFVLLFMAFLMIVLVFFCLFLVFCIFLAFCIVF,3.1550000000000002,TRUE,HLA-B*15:01,0.02,FALSE
CLMFLFAFFVLLFMAFLMIVLVFFCLFLVFCIFLAFCIVF,3.1550000000000002,TRUE,HLA-DRB3*0101,0.02,FALSE
CLMFLFAFFVLLFMAFLMIVLVFFCLFLVFCIFLAFCIVF,3.1550000000000002,TRUE,HLA-DRB3*0202,0.02,FALSE
CLMFLFAFFVLLFMAFLMIVLVFFCLFLVFCIFLAFCIVF,3.1550000000000002,TRUE,HLA-DRB4*0101,0.02,FALSE
CLMFLFAFFVLLFMAFLMIVLVFFCLFLVFCIFLAFCIVF,3.1550000000000002,TRUE,HLA-DRB5*0101,0.02,TRUE
CLMFLFAFFVLLFMAFLMIVLVFFCLFLVFCIFLAFCIVF,3.1550000000000002,TRUE,HLA-DQA1*0501/DQB1*0301,0.02,TRUE
CLMFLFAFFVLLFMAFLMIVLVFFCLFLVFCIFLAFCIVF,3.1550000000000002,TRUE,HLA-DQA1*0301/DQB1*0302,0.02,TRUE
CLMFLFAFFVLLFMAFLMIVLVFFCLFLVFCIFLAFCIVF,3.1550000000000002,TRUE,HLA-DQA1*0101/DQB1*0501,0.02,TRUE
CLMFLFAFFVLLFMAFLMIVLVFFCLFLVFCIFLAFCIVF,3.1550000000000002,TRUE,HLA-DQA1*0102/DQB1*0602,0.02,TRUE
CLMFLFAFFVLLFMAFLMIVLVFFCLFLVFCIFLAFCIVF,3.1550000000000002,TRUE,HLA-DPB1*0101,0.02,TRUE
CLMFLFAFFVLLFMAFLMIVLVFFCLFLVFCIFLAFCIVF,3.1550000000000002,TRUE,HLA-DPB1*0201,0.02,TRUE
CLMFLFAFFVLLFMAFLMIVLVFFCLFLVFCIFLAFCIVF,3.1550000000000002,TRUE,HLA-DPB1*0401,0.02,TRUE
CLMFLFAFFVLLFMAFLMIVLVFFCLFLVFCIFLAFCIVF,3.1550000000000002,TRUE,HLA-DPB1*0402,0.02,FALSE
CLMFLFAFFVLLFMAFLMIVLVFFCLFLVFCIFLAFCIVF,3.1550000000000002,TRUE,HLA-DPB1*0501,0.02,FALSE
ILLLFFFAVFLIFLFLCFCLLMFFFFCLALCIVVFCFFCC,3.1574999999999998,TRUE,HLA-A*01:01,0.02,TRUE
ILLLFFFAVFLIFLFLCFCLLMFFFFCLALCIVVFCFFCC,3.1574999999999998,TRUE,HLA-A*02:01,0.02,TRUE
ILLLFFFAVFLIFLFLCFCLLMFFFFCLALCIVVFCFFCC,3.1574999999999998,TRUE,HLA-A*03:01,0.02,TRUE
ILLLFFFAVFLIFLFLCFCLLMFFFFCLALCIVVFCFFCC,3.1574999999999998,TRUE,HLA-A*24:02,0.02,TRUE
ILLLFFFAVFLIFLFLCFCLLMFFFFCLALCIVVFCFFCC,3.1574999999999998,TRUE,HLA-A*26:01,0.02,TRUE
ILLLFFFAVFLIFLFLCFCLLMFFFFCLALCIVVFCFFCC,3.1574999999999998,TRUE,HLA-B*07:02,0.02,FALSE
ILLLFFFAVFLIFLFLCFCLLMFFFFCLALCIVVFCFFCC,3.1574999999999998,TRUE,HLA-B*08:01,0.02,TRUE
ILLLFFFAVFLIFLFLCFCLLMFFFFCLALCIVVFCFFCC,3.1574999999999998,TRUE,HLA-B*18:01,0.02,FALSE
ILLLFFFAVFLIFLFLCFCLLMFFFFCLALCIVVFCFFCC,3.1574999999999998,TRUE,HLA-B*27:05,0.02,FALSE
ILLLFFFAVFLIFLFLCFCLLMFFFFCLALCIVVFCFFCC,3.1574999999999998,TRUE,HLA-B*39:01,0.02,TRUE
ILLLFFFAVFLIFLFLCFCLLMFFFFCLALCIVVFCFFCC,3.1574999999999998,TRUE,HLA-B*40:02,0.02,TRUE
ILLLFFFAVFLIFLFLCFCLLMFFFFCLALCIVVFCFFCC,3.1574999999999998,TRUE,HLA-B*58:01,0.02,FALSE
ILLLFFFAVFLIFLFLCFCLLMFFFFCLALCIVVFCFFCC,3.1574999999999998,TRUE,HLA-B*15:01,0.02,FALSE
ILLLFFFAVFLIFLFLCFCLLMFFFFCLALCIVVFCFFCC,3.1574999999999998,TRUE,HLA-DRB3*0101,0.02,FALSE
ILLLFFFAVFLIFLFLCFCLLMFFFFCLALCIVVFCFFCC,3.1574999999999998,TRUE,HLA-DRB3*0202,0.02,FALSE
ILLLFFFAVFLIFLFLCFCLLMFFFFCLALCIVVFCFFCC,3.1574999999999998,TRUE,HLA-DRB4*0101,0.02,TRUE
ILLLFFFAVFLIFLFLCFCLLMFFFFCLALCIVVFCFFCC,3.1574999999999998,TRUE,HLA-DRB5*0101,0.02,TRUE
ILLLFFFAVFLIFLFLCFCLLMFFFFCLALCIVVFCFFCC,3.1574999999999998,TRUE,HLA-DQA1*0501/DQB1*0301,0.02,TRUE
ILLLFFFAVFLIFLFLCFCLLMFFFFCLALCIVVFCFFCC,3.1574999999999998,TRUE,HLA-DQA1*0301/DQB1*0302,0.02,TRUE
ILLLFFFAVFLIFLFLCFCLLMFFFFCLALCIVVFCFFCC,3.1574999999999998,TRUE,HLA-DQA1*0101/DQB1*0501,0.02,TRUE
ILLLFFFAVFLIFLFLCFCLLMFFFFCLALCIVVFCFFCC,3.1574999999999998,TRUE,HLA-DQA1*0102/DQB1*0602,0.02,TRUE
ILLLFFFAVFLIFLFLCFCLLMFFFFCLALCIVVFCFFCC,3.1574999999999998,TRUE,HLA-DPB1*0101,0.02,TRUE
ILLLFFFAVFLIFLFLCFCLLMFFFFCLALCIVVFCFFCC,3.1574999999999998,TRUE,HLA-DPB1*0201,0.02,TRUE
ILLLFFFAVFLIFLFLCFCLLMFFFFCLALCIVVFCFFCC,3.1574999999999998,TRUE,HLA-DPB1*0401,0.02,TRUE
ILLLFFFAVFLIFLFLCFCLLMFFFFCLALCIVVFCFFCC,3.1574999999999998,TRUE,HLA-DPB1*0402,0.02,TRUE
ILLLFFFAVFLIFLFLCFCLLMFFFFCLALCIVVFCFFCC,3.1574999999999998,TRUE,HLA-DPB1*0501,0.02,TRUE
ILLLLLVLLLLLLLMFLLLLVLLLVLLVFVLLLVVLVIAL,3.7674999999999996,TRUE,HLA-A*01:01,0.02,FALSE
ILLLLLVLLLLLLLMFLLLLVLLLVLLVFVLLLVVLVIAL,3.7674999999999996,TRUE,HLA-A*02:01,0.02,TRUE
ILLLLLVLLLLLLLMFLLLLVLLLVLLVFVLLLVVLVIAL,3.7674999999999996,TRUE,HLA-A*03:01,0.02,TRUE
ILLLLLVLLLLLLLMFLLLLVLLLVLLVFVLLLVVLVIAL,3.7674999999999996,TRUE,HLA-A*24:02,0.02,TRUE
ILLLLLVLLLLLLLMFLLLLVLLLVLLVFVLLLVVLVIAL,3.7674999999999996,TRUE,HLA-A*26:01,0.02,TRUE
ILLLLLVLLLLLLLMFLLLLVLLLVLLVFVLLLVVLVIAL,3.7674999999999996,TRUE,HLA-B*07:02,0.02,FALSE
ILLLLLVLLLLLLLMFLLLLVLLLVLLVFVLLLVVLVIAL,3.7674999999999996,TRUE,HLA-B*08:01,0.02,TRUE
ILLLLLVLLLLLLLMFLLLLVLLLVLLVFVLLLVVLVIAL,3.7674999999999996,TRUE,HLA-B*18:01,0.02,FALSE
ILLLLLVLLLLLLLMFLLLLVLLLVLLVFVLLLVVLVIAL,3.7674999999999996,TRUE,HLA-B*27:05,0.02,FALSE
ILLLLLVLLLLLLLMFLLLLVLLLVLLVFVLLLVVLVIAL,3.7674999999999996,TRUE,HLA-B*39:01,0.02,TRUE
ILLLLLVLLLLLLLMFLLLLVLLLVLLVFVLLLVVLVIAL,3.7674999999999996,TRUE,HLA-B*40:02,0.02,TRUE
ILLLLLVLLLLLLLMFLLLLVLLLVLLVFVLLLVVLVIAL,3.7674999999999996,TRUE,HLA-B*58:01,0.02,FALSE
ILLLLLVLLLLLLLMFLLLLVLLLVLLVFVLLLVVLVIAL,3.7674999999999996,TRUE,HLA-B*15:01,0.02,FALSE
ILLLLLVLLLLLLLMFLLLLVLLLVLLVFVLLLVVLVIAL,3.7674999999999996,TRUE,HLA-DRB3*0101,0.02,FALSE
ILLLLLVLLLLLLLMFLLLLVLLLVLLVFVLLLVVLVIAL,3.7674999999999996,TRUE,HLA-DRB3*0202,0.02,FALSE
ILLLLLVLLLLLLLMFLLLLVLLLVLLVFVLLLVVLVIAL,3.7674999999999996,TRUE,HLA-DRB4*0101,0.02,FALSE
ILLLLLVLLLLLLLMFLLLLVLLLVLLVFVLLLVVLVIAL,3.7674999999999996,TRUE,HLA-DRB5*0101,0.02,FALSE
ILLLLLVLLLLLLLMFLLLLVLLLVLLVFVLLLVVLVIAL,3.7674999999999996,TRUE,HLA-DQA1*0501/DQB1*0301,0.02,TRUE
ILLLLLVLLLLLLLMFLLLLVLLLVLLVFVLLLVVLVIAL,3.7674999999999996,TRUE,HLA-DQA1*0301/DQB1*0302,0.02,TRUE
ILLLLLVLLLLLLLMFLLLLVLLLVLLVFVLLLVVLVIAL,3.7674999999999996,TRUE,HLA-DQA1*0101/DQB1*0501,0.02,TRUE
ILLLLLVLLLLLLLMFLLLLVLLLVLLVFVLLLVVLVIAL,3.7674999999999996,TRUE,HLA-DQA1*0102/DQB1*0602,0.02,FALSE
ILLLLLVLLLLLLLMFLLLLVLLLVLLVFVLLLVVLVIAL,3.7674999999999996,TRUE,HLA-DPB1*0101,0.02,TRUE
ILLLLLVLLLLLLLMFLLLLVLLLVLLVFVLLLVVLVIAL,3.7674999999999996,TRUE,HLA-DPB1*0201,0.02,TRUE
ILLLLLVLLLLLLLMFLLLLVLLLVLLVFVLLLVVLVIAL,3.7674999999999996,TRUE,HLA-DPB1*0401,0.02,TRUE
ILLLLLVLLLLLLLMFLLLLVLLLVLLVFVLLLVVLVIAL,3.7674999999999996,TRUE,HLA-DPB1*0402,0.02,FALSE
ILLLLLVLLLLLLLMFLLLLVLLLVLLVFVLLLVVLVIAL,3.7674999999999996,TRUE,HLA-DPB1*0501,0.02,TRUE
ILLVLLLVILLLLLVLLCLLVVILIVFLIILLLVCVLVVL,3.915,TRUE,HLA-A*01:01,0.02,TRUE
ILLVLLLVILLLLLVLLCLLVVILIVFLIILLLVCVLVVL,3.915,TRUE,HLA-A*02:01,0.02,TRUE
ILLVLLLVILLLLLVLLCLLVVILIVFLIILLLVCVLVVL,3.915,TRUE,HLA-A*03:01,0.02,TRUE
ILLVLLLVILLLLLVLLCLLVVILIVFLIILLLVCVLVVL,3.915,TRUE,HLA-A*24:02,0.02,TRUE
ILLVLLLVILLLLLVLLCLLVVILIVFLIILLLVCVLVVL,3.915,TRUE,HLA-A*26:01,0.02,TRUE
ILLVLLLVILLLLLVLLCLLVVILIVFLIILLLVCVLVVL,3.915,TRUE,HLA-B*07:02,0.02,FALSE
ILLVLLLVILLLLLVLLCLLVVILIVFLIILLLVCVLVVL,3.915,TRUE,HLA-B*08:01,0.02,TRUE
ILLVLLLVILLLLLVLLCLLVVILIVFLIILLLVCVLVVL,3.915,TRUE,HLA-B*18:01,0.02,FALSE
ILLVLLLVILLLLLVLLCLLVVILIVFLIILLLVCVLVVL,3.915,TRUE,HLA-B*27:05,0.02,FALSE
ILLVLLLVILLLLLVLLCLLVVILIVFLIILLLVCVLVVL,3.915,TRUE,HLA-B*39:01,0.02,FALSE
ILLVLLLVILLLLLVLLCLLVVILIVFLIILLLVCVLVVL,3.915,TRUE,HLA-B*40:02,0.02,FALSE
ILLVLLLVILLLLLVLLCLLVVILIVFLIILLLVCVLVVL,3.915,TRUE,HLA-B*58:01,0.02,FALSE
ILLVLLLVILLLLLVLLCLLVVILIVFLIILLLVCVLVVL,3.915,TRUE,HLA-B*15:01,0.02,FALSE
ILLVLLLVILLLLLVLLCLLVVILIVFLIILLLVCVLVVL,3.915,TRUE,HLA-DRB3*0101,0.02,FALSE
ILLVLLLVILLLLLVLLCLLVVILIVFLIILLLVCVLVVL,3.915,TRUE,HLA-DRB3*0202,0.02,FALSE
ILLVLLLVILLLLLVLLCLLVVILIVFLIILLLVCVLVVL,3.915,TRUE,HLA-DRB4*0101,0.02,TRUE
ILLVLLLVILLLLLVLLCLLVVILIVFLIILLLVCVLVVL,3.915,TRUE,HLA-DRB5*0101,0.02,FALSE
ILLVLLLVILLLLLVLLCLLVVILIVFLIILLLVCVLVVL,3.915,TRUE,HLA-DQA1*0501/DQB1*0301,0.02,TRUE
ILLVLLLVILLLLLVLLCLLVVILIVFLIILLLVCVLVVL,3.915,TRUE,HLA-DQA1*0301/DQB1*0302,0.02,TRUE
ILLVLLLVILLLLLVLLCLLVVILIVFLIILLLVCVLVVL,3.915,TRUE,HLA-DQA1*0101/DQB1*0501,0.02,TRUE
ILLVLLLVILLLLLVLLCLLVVILIVFLIILLLVCVLVVL,3.915,TRUE,HLA-DQA1*0102/DQB1*0602,0.02,TRUE
ILLVLLLVILLLLLVLLCLLVVILIVFLIILLLVCVLVVL,3.915,TRUE,HLA-DPB1*0101,0.02,TRUE
ILLVLLLVILLLLLVLLCLLVVILIVFLIILLLVCVLVVL,3.915,TRUE,HLA-DPB1*0201,0.02,TRUE
ILLVLLLVILLLLLVLLCLLVVILIVFLIILLLVCVLVVL,3.915,TRUE,HLA-DPB1*0401,0.02,TRUE
ILLVLLLVILLLLLVLLCLLVVILIVFLIILLLVCVLVVL,3.915,TRUE,HLA-DPB1*0402,0.02,TRUE
ILLVLLLVILLLLLVLLCLLVVILIVFLIILLLVCVLVVL,3.915,TRUE,HLA-DPB1*0501,0.02,TRUE
IVVVILLFFIVIVFLVLVVIVLIFVVVIVVVVIVVVVVLI,4.0675,TRUE,HLA-A*01:01,0.02,FALSE
IVVVILLFFIVIVFLVLVVIVLIFVVVIVVVVIVVVVVLI,4.0675,TRUE,HLA-A*02:01,0.02,TRUE
IVVVILLFFIVIVFLVLVVIVLIFVVVIVVVVIVVVVVLI,4.0675,TRUE,HLA-A*03:01,0.02,TRUE
IVVVILLFFIVIVFLVLVVIVLIFVVVIVVVVIVVVVVLI,4.0675,TRUE,HLA-A*24:02,0.02,TRUE
IVVVILLFFIVIVFLVLVVIVLIFVVVIVVVVIVVVVVLI,4.0675,TRUE,HLA-A*26:01,0.02,TRUE
IVVVILLFFIVIVFLVLVVIVLIFVVVIVVVVIVVVVVLI,4.0675,TRUE,HLA-B*07:02,0.02,FALSE
IVVVILLFFIVIVFLVLVVIVLIFVVVIVVVVIVVVVVLI,4.0675,TRUE,HLA-B*08:01,0.02,TRUE
IVVVILLFFIVIVFLVLVVIVLIFVVVIVVVVIVVVVVLI,4.0675,TRUE,HLA-B*18:01,0.02,FALSE
IVVVILLFFIVIVFLVLVVIVLIFVVVIVVVVIVVVVVLI,4.0675,TRUE,HLA-B*27:05,0.02,FALSE
IVVVILLFFIVIVFLVLVVIVLIFVVVIVVVVIVVVVVLI,4.0675,TRUE,HLA-B*39:01,0.02,TRUE
IVVVILLFFIVIVFLVLVVIVLIFVVVIVVVVIVVVVVLI,4.0675,TRUE,HLA-B*40:02,0.02,FALSE
IVVVILLFFIVIVFLVLVVIVLIFVVVIVVVVIVVVVVLI,4.0675,TRUE,HLA-B*58:01,0.02,FALSE
IVVVILLFFIVIVFLVLVVIVLIFVVVIVVVVIVVVVVLI,4.0675,TRUE,HLA-B*15:01,0.02,FALSE
IVVVILLFFIVIVFLVLVVIVLIFVVVIVVVVIVVVVVLI,4.0675,TRUE,HLA-DRB3*0101,0.02,FALSE
IVVVILLFFIVIVFLVLVVIVLIFVVVIVVVVIVVVVVLI,4.0675,TRUE,HLA-DRB3*0202,0.02,FALSE
IVVVILLFFIVIVFLVLVVIVLIFVVVIVVVVIVVVVVLI,4.0675,TRUE,HLA-DRB4*0101,0.02,FALSE
IVVVILLFFIVIVFLVLVVIVLIFVVVIVVVVIVVVVVLI,4.0675,TRUE,HLA-DRB5*0101,0.02,FALSE
IVVVILLFFIVIVFLVLVVIVLIFVVVIVVVVIVVVVVLI,4.0675,TRUE,HLA-DQA1*0501/DQB1*0301,0.02,TRUE
IVVVILLFFIVIVFLVLVVIVLIFVVVIVVVVIVVVVVLI,4.0675,TRUE,HLA-DQA1*0301/DQB1*0302,0.02,TRUE
IVVVILLFFIVIVFLVLVVIVLIFVVVIVVVVIVVVVVLI,4.0675,TRUE,HLA-DQA1*0101/DQB1*0501,0.02,TRUE
IVVVILLFFIVIVFLVLVVIVLIFVVVIVVVVIVVVVVLI,4.0675,TRUE,HLA-DQA1*0102/DQB1*0602,0.02,FALSE
IVVVILLFFIVIVFLVLVVIVLIFVVVIVVVVIVVVVVLI,4.0675,TRUE,HLA-DPB1*0101,0.02,TRUE
IVVVILLFFIVIVFLVLVVIVLIFVVVIVVVVIVVVVVLI,4.0675,TRUE,HLA-DPB1*0201,0.02,TRUE
IVVVILLFFIVIVFLVLVVIVLIFVVVIVVVVIVVVVVLI,4.0675,TRUE,HLA-DPB1*0401,0.02,TRUE
IVVVILLFFIVIVFLVLVVIVLIFVVVIVVVVIVVVVVLI,4.0675,TRUE,HLA-DPB1*0402,0.02,FALSE
IVVVILLFFIVIVFLVLVVIVLIFVVVIVVVVIVVVVVLI,4.0675,TRUE,HLA-DPB1*0501,0.02,TRUE
LVLVIIIVLVVIVIIVLLVILVILVIIVVLVIVVLLIVCV,4.1475,TRUE,HLA-A*01:01,0.02,FALSE
LVLVIIIVLVVIVIIVLLVILVILVIIVVLVIVVLLIVCV,4.1475,TRUE,HLA-A*02:01,0.02,TRUE
LVLVIIIVLVVIVIIVLLVILVILVIIVVLVIVVLLIVCV,4.1475,TRUE,HLA-A*03:01,0.02,TRUE
LVLVIIIVLVVIVIIVLLVILVILVIIVVLVIVVLLIVCV,4.1475,TRUE,HLA-A*24:02,0.02,FALSE
LVLVIIIVLVVIVIIVLLVILVILVIIVVLVIVVLLIVCV,4.1475,TRUE,HLA-A*26:01,0.02,TRUE
LVLVIIIVLVVIVIIVLLVILVILVIIVVLVIVVLLIVCV,4.1475,TRUE,HLA-B*07:02,0.02,FALSE
LVLVIIIVLVVIVIIVLLVILVILVIIVVLVIVVLLIVCV,4.1475,TRUE,HLA-B*08:01,0.02,TRUE
LVLVIIIVLVVIVIIVLLVILVILVIIVVLVIVVLLIVCV,4.1475,TRUE,HLA-B*18:01,0.02,FALSE
LVLVIIIVLVVIVIIVLLVILVILVIIVVLVIVVLLIVCV,4.1475,TRUE,HLA-B*27:05,0.02,FALSE
LVLVIIIVLVVIVIIVLLVILVILVIIVVLVIVVLLIVCV,4.1475,TRUE,HLA-B*39:01,0.02,TRUE
LVLVIIIVLVVIVIIVLLVILVILVIIVVLVIVVLLIVCV,4.1475,TRUE,HLA-B*40:02,0.02,FALSE
LVLVIIIVLVVIVIIVLLVILVILVIIVVLVIVVLLIVCV,4.1475,TRUE,HLA-B*58:01,0.02,FALSE
LVLVIIIVLVVIVIIVLLVILVILVIIVVLVIVVLLIVCV,4.1475,TRUE,HLA-B*15:01,0.02,FALSE
LVLVIIIVLVVIVIIVLLVILVILVIIVVLVIVVLLIVCV,4.1475,TRUE,HLA-DRB3*0101,0.02,FALSE
LVLVIIIVLVVIVIIVLLVILVILVIIVVLVIVVLLIVCV,4.1475,TRUE,HLA-DRB3*0202,0.02,FALSE
LVLVIIIVLVVIVIIVLLVILVILVIIVVLVIVVLLIVCV,4.1475,TRUE,HLA-DRB4*0101,0.02,FALSE
LVLVIIIVLVVIVIIVLLVILVILVIIVVLVIVVLLIVCV,4.1475,TRUE,HLA-DRB5*0101,0.02,FALSE
LVLVIIIVLVVIVIIVLLVILVILVIIVVLVIVVLLIVCV,4.1475,TRUE,HLA-DQA1*0501/DQB1*0301,0.02,TRUE
LVLVIIIVLVVIVIIVLLVILVILVIIVVLVIVVLLIVCV,4.1475,TRUE,HLA-DQA1*0301/DQB1*0302,0.02,TRUE
LVLVIIIVLVVIVIIVLLVILVILVIIVVLVIVVLLIVCV,4.1475,TRUE,HLA-DQA1*0101/DQB1*0501,0.02,TRUE
LVLVIIIVLVVIVIIVLLVILVILVIIVVLVIVVLLIVCV,4.1475,TRUE,HLA-DQA1*0102/DQB1*0602,0.02,FALSE
LVLVIIIVLVVIVIIVLLVILVILVIIVVLVIVVLLIVCV,4.1475,TRUE,HLA-DPB1*0101,0.02,TRUE
LVLVIIIVLVVIVIIVLLVILVILVIIVVLVIVVLLIVCV,4.1475,TRUE,HLA-DPB1*0201,0.02,TRUE
LVLVIIIVLVVIVIIVLLVILVILVIIVVLVIVVLLIVCV,4.1475,TRUE,HLA-DPB1*0401,0.02,TRUE
LVLVIIIVLVVIVIIVLLVILVILVIIVVLVIVVLLIVCV,4.1475,TRUE,HLA-DPB1*0402,0.02,FALSE
LVLVIIIVLVVIVIIVLLVILVILVIIVVLVIVVLLIVCV,4.1475,TRUE,HLA-DPB1*0501,0.02,FALSE
