sequence,mhc_haplotype,percentile,is_binder
RKRKRRRRQHRNRKERRRDKKRQKREKRRKRKRRKKHNKD,HLA-A*01:01,0.02,TRUE
RKRKRRRRQHRNRKERRRDKKRQKREKRRKRKRRKKHNKD,HLA-A*02:01,0.02,TRUE
RKRKRRRRQHRNRKERRRDKKRQKREKRRKRKRRKKHNKD,HLA-A*03:01,0.02,TRUE
RKRKRRRRQHRNRKERRRDKKRQKREKRRKRKRRKKHNKD,HLA-A*24:02,0.02,FALSE
RKRKRRRRQHRNRKERRRDKKRQKREKRRKRKRRKKHNKD,HLA-A*26:01,0.02,FALSE
RKRKRRRRQHRNRKERRRDKKRQKREKRRKRKRRKKHNKD,HLA-B*07:02,0.02,FALSE
RKRKRRRRQHRNRKERRRDKKRQKREKRRKRKRRKKHNKD,HLA-B*08:01,0.02,TRUE
RKRKRRRRQHRNRKERRRDKKRQKREKRRKRKRRKKHNKD,HLA-B*18:01,0.02,FALSE
RKRKRRRRQHRNRKERRRDKKRQKREKRRKRKRRKKHNKD,HLA-B*27:05,0.02,TRUE
RKRKRRRRQHRNRKERRRDKKRQKREKRRKRKRRKKHNKD,HLA-B*39:01,0.02,FALSE
RKRKRRRRQHRNRKERRRDKKRQKREKRRKRKRRKKHNKD,HLA-B*40:02,0.02,FALSE
RKRKRRRRQHRNRKERRRDKKRQKREKRRKRKRRKKHNKD,HLA-B*58:01,0.02,FALSE
RKRKRRRRQHRNRKERRRDKKRQKREKRRKRKRRKKHNKD,HLA-B*15:01,0.02,FALSE
RKRKRRRRQHRNRKERRRDKKRQKREKRRKRKRRKKHNKD,HLA-DRB3*0101,0.02,FALSE
RKRKRRRRQHRNRKERRRDKKRQKREKRRKRKRRKKHNKD,HLA-DRB3*0202,0.02,TRUE
RKRKRRRRQHRNRKERRRDKKRQKREKRRKRKRRKKHNKD,HLA-DRB4*0101,0.02,TRUE
RKRKRRRRQHRNRKERRRDKKRQKREKRRKRKRRKKHNKD,HLA-DRB5*0101,0.02,TRUE
RKRKRRRRQHRNRKERRRDKKRQKREKRRKRKRRKKHNKD,HLA-DQA1*0501/DQB1*0301,0.02,FALSE
RKRKRRRRQHRNRKERRRDKKRQKREKRRKRKRRKKHNKD,HLA-DQA1*0301/DQB1*0302,0.02,FALSE
RKRKRRRRQHRNRKERRRDKKRQKREKRRKRKRRKKHNKD,HLA-DQA1*0101/DQB1*0501,0.02,FALSE
RKRKRRRRQHRNRKERRRDKKRQKREKRRKRKRRKKHNKD,HLA-DQA1*0102/DQB1*0602,0.02,TRUE
RKRKRRRRQHRNRKERRRDKKRQKREKRRKRKRRKKHNKD,HLA-DPB1*0101,0.02,FALSE
RKRKRRRRQHRNRKERRRDKKRQKREKRRKRKRRKKHNKD,HLA-DPB1*0201,0.02,FALSE
RKRKRRRRQHRNRKERRRDKKRQKREKRRKRKRRKKHNKD,HLA-DPB1*0401,0.02,FALSE
RKRKRRRRQHRNRKERRRDKKRQKREKRRKRKRRKKHNKD,HLA-DPB1*0402,0.02,FALSE
RKRKRRRRQHRNRKERRRDKKRQKREKRRKRKRRKKHNKD,HLA-DPB1*0501,0.02,FALSE
HRNRRRRDRDRKDDHQRRQRRRKDDDNRRRRRRNERKKRQ,HLA-A*01:01,0.02,TRUE
HRNRRRRDRDRKDDHQRRQRRRKDDDNRRRRRRNERKKRQ,HLA-A*02:01,0.02,FALSE
HRNRRRRDRDRKDDHQRRQRRRKDDDNRRRRRRNERKKRQ,HLA-A*03:01,0.02,TRUE
HRNRRRRDRDRKDDHQRRQRRRKDDDNRRRRRRNERKKRQ,HLA-A*24:02,0.02,FALSE
HRNRRRRDRDRKDDHQRRQRRRKDDDNRRRRRRNERKKRQ,HLA-A*26:01,0.02,FALSE
HRNRRRRDRDRKDDHQRRQRRRKDDDNRRRRRRNERKKRQ,HLA-B*07:02,0.02,FALSE
HRNRRRRDRDRKDDHQRRQRRRKDDDNRRRRRRNERKKRQ,HLA-B*08:01,0.02,TRUE
HRNRRRRDRDRKDDHQRRQRRRKDDDNRRRRRRNERKKRQ,HLA-B*18:01,0.02,FALSE
HRNRRRRDRDRKDDHQRRQRRRKDDDNRRRRRRNERKKRQ,HLA-B*27:05,0.02,TRUE
HRNRRRRDRDRKDDHQRRQRRRKDDDNRRRRRRNERKKRQ,HLA-B*39:01,0.02,FALSE
HRNRRRRDRDRKDDHQRRQRRRKDDDNRRRRRRNERKKRQ,HLA-B*40:02,0.02,FALSE
HRNRRRRDRDRKDDHQRRQRRRKDDDNRRRRRRNERKKRQ,HLA-B*58:01,0.02,FALSE
HRNRRRRDRDRKDDHQRRQRRRKDDDNRRRRRRNERKKRQ,HLA-B*15:01,0.02,FALSE
HRNRRRRDRDRKDDHQRRQRRRKDDDNRRRRRRNERKKRQ,HLA-DRB3*0101,0.02,FALSE
HRNRRRRDRDRKDDHQRRQRRRKDDDNRRRRRRNERKKRQ,HLA-DRB3*0202,0.02,TRUE
HRNRRRRDRDRKDDHQRRQRRRKDDDNRRRRRRNERKKRQ,HLA-DRB4*0101,0.02,TRUE
HRNRRRRDRDRKDDHQRRQRRRKDDDNRRRRRRNERKKRQ,HLA-DRB5*0101,0.02,TRUE
HRNRRRRDRDRKDDHQRRQRRRKDDDNRRRRRRNERKKRQ,HLA-DQA1*0501/DQB1*0301,0.02,TRUE
HRNRRRRDRDRKDDHQRRQRRRKDDDNRRRRRRNERKKRQ,HLA-DQA1*0301/DQB1*0302,0.02,FALSE
HRNRRRRDRDRKDDHQRRQRRRKDDDNRRRRRRNERKKRQ,HLA-DQA1*0101/DQB1*0501,0.02,FALSE
HRNRRRRDRDRKDDHQRRQRRRKDDDNRRRRRRNERKKRQ,HLA-DQA1*0102/DQB1*0602,0.02,TRUE
HRNRRRRDRDRKDDHQRRQRRRKDDDNRRRRRRNERKKRQ,HLA-DPB1*0101,0.02,FALSE
HRNRRRRDRDRKDDHQRRQRRRKDDDNRRRRRRNERKKRQ,HLA-DPB1*0201,0.02,FALSE
HRNRRRRDRDRKDDHQRRQRRRKDDDNRRRRRRNERKKRQ,HLA-DPB1*0401,0.02,FALSE
HRNRRRRDRDRKDDHQRRQRRRKDDDNRRRRRRNERKKRQ,HLA-DPB1*0402,0.02,FALSE
HRNRRRRDRDRKDDHQRRQRRRKDDDNRRRRRRNERKKRQ,HLA-DPB1*0501,0.02,FALSE
QNKPKKRKHKDRKDNNNQNNHNNNNEKEHDNDNDHDEKDE,HLA-A*01:01,0.02,TRUE
QNKPKKRKHKDRKDNNNQNNHNNNNEKEHDNDNDHDEKDE,HLA-A*02:01,0.02,TRUE
QNKPKKRKHKDRKDNNNQNNHNNNNEKEHDNDNDHDEKDE,HLA-A*03:01,0.02,TRUE
QNKPKKRKHKDRKDNNNQNNHNNNNEKEHDNDNDHDEKDE,HLA-A*24:02,0.02,FALSE
QNKPKKRKHKDRKDNNNQNNHNNNNEKEHDNDNDHDEKDE,HLA-A*26:01,0.02,FALSE
QNKPKKRKHKDRKDNNNQNNHNNNNEKEHDNDNDHDEKDE,HLA-B*07:02,0.02,TRUE
QNKPKKRKHKDRKDNNNQNNHNNNNEKEHDNDNDHDEKDE,HLA-B*08:01,0.02,TRUE
QNKPKKRKHKDRKDNNNQNNHNNNNEKEHDNDNDHDEKDE,HLA-B*18:01,0.02,FALSE
QNKPKKRKHKDRKDNNNQNNHNNNNEKEHDNDNDHDEKDE,HLA-B*27:05,0.02,FALSE
QNKPKKRKHKDRKDNNNQNNHNNNNEKEHDNDNDHDEKDE,HLA-B*39:01,0.02,FALSE
QNKPKKRKHKDRKDNNNQNNHNNNNEKEHDNDNDHDEKDE,HLA-B*40:02,0.02,FALSE
QNKPKKRKHKDRKDNNNQNNHNNNNEKEHDNDNDHDEKDE,HLA-B*58:01,0.02,FALSE
QNKPKKRKHKDRKDNNNQNNHNNNNEKEHDNDNDHDEKDE,HLA-B*15:01,0.02,FALSE
QNKPKKRKHKDRKDNNNQNNHNNNNEKEHDNDNDHDEKDE,HLA-DRB3*0101,0.02,TRUE
QNKPKKRKHKDRKDNNNQNNHNNNNEKEHDNDNDHDEKDE,HLA-DRB3*0202,0.02,FALSE
QNKPKKRKHKDRKDNNNQNNHNNNNEKEHDNDNDHDEKDE,HLA-DRB4*0101,0.02,FALSE
QNKPKKRKHKDRKDNNNQNNHNNNNEKEHDNDNDHDEKDE,HLA-DRB5*0101,0.02,TRUE
QNKPKKRKHKDRKDNNNQNNHNNNNEKEHDNDNDHDEKDE,HLA-DQA1*0501/DQB1*0301,0.02,FALSE
QNKPKKRKHKDRKDNNNQNNHNNNNEKEHDNDNDHDEKDE,HLA-DQA1*0301/DQB1*0302,0.02,TRUE
QNKPKKRKHKDRKDNNNQNNHNNNNEKEHDNDNDHDEKDE,HLA-DQA1*0101/DQB1*0501,0.02,FALSE
QNKPKKRKHKDRKDNNNQNNHNNNNEKEHDNDNDHDEKDE,HLA-DQA1*0102/DQB1*0602,0.02,FALSE
QNKPKKRKHKDRKDNNNQNNHNNNNEKEHDNDNDHDEKDE,HLA-DPB1*0101,0.02,FALSE
QNKPKKRKHKDRKDNNNQNNHNNNNEKEHDNDNDHDEKDE,HLA-DPB1*0201,0.02,FALSE
QNKPKKRKHKDRKDNNNQNNHNNNNEKEHDNDNDHDEKDE,HLA-DPB1*0401,0.02,FALSE
QNKPKKRKHKDRKDNNNQNNHNNNNEKEHDNDNDHDEKDE,HLA-DPB1*0402,0.02,FALSE
QNKPKKRKHKDRKDNNNQNNHNNNNEKEHDNDNDHDEKDE,HLA-DPB1*0501,0.02,FALSE
EQNQQDQHQRDNRNQEHNKDENDQEKRNEDQEDREQEQDE,HLA-A*01:01,0.02,TRUE
EQNQQDQHQRDNRNQEHNKDENDQEKRNEDQEDREQEQDE,HLA-A*02:01,0.02,TRUE
EQNQQDQHQRDNRNQEHNKDENDQEKRNEDQEDREQEQDE,HLA-A*03:01,0.02,TRUE
EQNQQDQHQRDNRNQEHNKDENDQEKRNEDQEDREQEQDE,HLA-A*24:02,0.02,FALSE
EQNQQDQHQRDNRNQEHNKDENDQEKRNEDQEDREQEQDE,HLA-A*26:01,0.02,FALSE
EQNQQDQHQRDNRNQEHNKDENDQEKRNEDQEDREQEQDE,HLA-B*07:02,0.02,FALSE
EQNQQDQHQRDNRNQEHNKDENDQEKRNEDQEDREQEQDE,HLA-B*08:01,0.02,TRUE
EQNQQDQHQRDNRNQEHNKDENDQEKRNEDQEDREQEQDE,HLA-B*18:01,0.02,FALSE
EQNQQDQHQRDNRNQEHNKDENDQEKRNEDQEDREQEQDE,HLA-B*27:05,0.02,FALSE
EQNQQDQHQRDNRNQEHNKDENDQEKRNEDQEDREQEQDE,HLA-B*39:01,0.02,FALSE
EQNQQDQHQRDNRNQEHNKDENDQEKRNEDQEDREQEQDE,HLA-B*40:02,0.02,FALSE
EQNQQDQHQRDNRNQEHNKDENDQEKRNEDQEDREQEQDE,HLA-B*58:01,0.02,FALSE
EQNQQDQHQRDNRNQEHNKDENDQEKRNEDQEDREQEQDE,HLA-B*15:01,0.02,FALSE
EQNQQDQHQRDNRNQEHNKDENDQEKRNEDQEDREQEQDE,HLA-DRB3*0101,0.02,FALSE
EQNQQDQHQRDNRNQEHNKDENDQEKRNEDQEDREQEQDE,HLA-DRB3*0202,0.02,FALSE
EQNQQDQHQRDNRNQEHNKDENDQEKRNEDQEDREQEQDE,HLA-DRB4*0101,0.02,TRUE
EQNQQDQHQRDNRNQEHNKDENDQEKRNEDQEDREQEQDE,HLA-DRB5*0101,0.02,TRUE
EQNQQDQHQRDNRNQEHNKDENDQEKRNEDQEDREQEQDE,HLA-DQA1*0501/DQB1*0301,0.02,FALSE
EQNQQDQHQRDNRNQEHNKDENDQEKRNEDQEDREQEQDE,HLA-DQA1*0301/DQB1*0302,0.02,TRUE
EQNQQDQHQRDNRNQEHNKDENDQEKRNEDQEDREQEQDE,HLA-DQA1*0101/DQB1*0501,0.02,FALSE
EQNQQDQHQRDNRNQEHNKDENDQEKRNEDQEDREQEQDE,HLA-DQA1*0102/DQB1*0602,0.02,FALSE
EQNQQDQHQRDNRNQEHNKDENDQEKRNEDQEDREQEQDE,HLA-DPB1*0101,0.02,FALSE
EQNQQDQHQRDNRNQEHNKDENDQEKRNEDQEDREQEQDE,HLA-DPB1*0201,0.02,FALSE
EQNQQDQHQRDNRNQEHNKDENDQEKRNEDQEDREQEQDE,HLA-DPB1*0401,0.02,FALSE
EQNQQDQHQRDNRNQEHNKDENDQEKRNEDQEDREQEQDE,HLA-DPB1*0402,0.02,FALSE
EQNQQDQHQRDNRNQEHNKDENDQEKRNEDQEDREQEQDE,HLA-DPB1*0501,0.02,FALSE
NEKEKNHNPDNHQNEDQQHHQNDHQHKDPDEDDHEKHQHE,HLA-A*01:01,0.02,TRUE
NEKEKNHNPDNHQNEDQQHHQNDHQHKDPDEDDHEKHQHE,HLA-A*02:01,0.02,FALSE
NEKEKNHNPDNHQNEDQQHHQNDHQHKDPDEDDHEKHQHE,HLA-A*03:01,0.02,TRUE
NEKEKNHNPDNHQNEDQQHHQNDHQHKDPDEDDHEKHQHE,HLA-A*24:02,0.02,FALSE
NEKEKNHNPDNHQNEDQQHHQNDHQHKDPDEDDHEKHQHE,HLA-A*26:01,0.02,FALSE
NEKEKNHNPDNHQNEDQQHHQNDHQHKDPDEDDHEKHQHE,HLA-B*07:02,0.02,FALSE
NEKEKNHNPDNHQNEDQQHHQNDHQHKDPDEDDHEKHQHE,HLA-B*08:01,0.02,TRUE
NEKEKNHNPDNHQNEDQQHHQNDHQHKDPDEDDHEKHQHE,HLA-B*18:01,0.02,TRUE
NEKEKNHNPDNHQNEDQQHHQNDHQHKDPDEDDHEKHQHE,HLA-B*27:05,0.02,FALSE
NEKEKNHNPDNHQNEDQQHHQNDHQHKDPDEDDHEKHQHE,HLA-B*39:01,0.02,FALSE
NEKEKNHNPDNHQNEDQQHHQNDHQHKDPDEDDHEKHQHE,HLA-B*40:02,0.02,FALSE
NEKEKNHNPDNHQNEDQQHHQNDHQHKDPDEDDHEKHQHE,HLA-B*58:01,0.02,FALSE
NEKEKNHNPDNHQNEDQQHHQNDHQHKDPDEDDHEKHQHE,HLA-B*15:01,0.02,FALSE
NEKEKNHNPDNHQNEDQQHHQNDHQHKDPDEDDHEKHQHE,HLA-DRB3*0101,0.02,FALSE
NEKEKNHNPDNHQNEDQQHHQNDHQHKDPDEDDHEKHQHE,HLA-DRB3*0202,0.02,FALSE
NEKEKNHNPDNHQNEDQQHHQNDHQHKDPDEDDHEKHQHE,HLA-DRB4*0101,0.02,FALSE
NEKEKNHNPDNHQNEDQQHHQNDHQHKDPDEDDHEKHQHE,HLA-DRB5*0101,0.02,TRUE
NEKEKNHNPDNHQNEDQQHHQNDHQHKDPDEDDHEKHQHE,HLA-DQA1*0501/DQB1*0301,0.02,FALSE
NEKEKNHNPDNHQNEDQQHHQNDHQHKDPDEDDHEKHQHE,HLA-DQA1*0301/DQB1*0302,0.02,TRUE
NEKEKNHNPDNHQNEDQQHHQNDHQHKDPDEDDHEKHQHE,HLA-DQA1*0101/DQB1*0501,0.02,FALSE
NEKEKNHNPDNHQNEDQQHHQNDHQHKDPDEDDHEKHQHE,HLA-DQA1*0102/DQB1*0602,0.02,FALSE
NEKEKNHNPDNHQNEDQQHHQNDHQHKDPDEDDHEKHQHE,HLA-DPB1*0101,0.02,FALSE
NEKEKNHNPDNHQNEDQQHHQNDHQHKDPDEDDHEKHQHE,HLA-DPB1*0201,0.02,FALSE
NEKEKNHNPDNHQNEDQQHHQNDHQHKDPDEDDHEKHQHE,HLA-DPB1*0401,0.02,FALSE
NEKEKNHNPDNHQNEDQQHHQNDHQHKDPDEDDHEKHQHE,HLA-DPB1*0402,0.02,FALSE
NEKEKNHNPDNHQNEDQQHHQNDHQHKDPDEDDHEKHQHE,HLA-DPB1*0501,0.02,FALSE
NHEDHQHHDHNEEEEENQNQNNDKHDDEEHEQHKDDDHHQ,HLA-A*01:01,0.02,TRUE
NHEDHQHHDHNEEEEENQNQNNDKHDDEEHEQHKDDDHHQ,HLA-A*02:01,0.02,FALSE
NHEDHQHHDHNEEEEENQNQNNDKHDDEEHEQHKDDDHHQ,HLA-A*03:01,0.02,TRUE
NHEDHQHHDHNEEEEENQNQNNDKHDDEEHEQHKDDDHHQ,HLA-A*24:02,0.02,FALSE
NHEDHQHHDHNEEEEENQNQNNDKHDDEEHEQHKDDDHHQ,HLA-A*26:01,0.02,FALSE
NHEDHQHHDHNEEEEENQNQNNDKHDDEEHEQHKDDDHHQ,HLA-B*07:02,0.02,FALSE
NHEDHQHHDHNEEEEENQNQNNDKHDDEEHEQHKDDDHHQ,HLA-B*08:01,0.02,FALSE
NHEDHQHHDHNEEEEENQNQNNDKHDDEEHEQHKDDDHHQ,HLA-B*18:01,0.02,TRUE
NHEDHQHHDHNEEEEENQNQNNDKHDDEEHEQHKDDDHHQ,HLA-B*27:05,0.02,FALSE
NHEDHQHHDHNEEEEENQNQNNDKHDDEEHEQHKDDDHHQ,HLA-B*39:01,0.02,FALSE
NHEDHQHHDHNEEEEENQNQNNDKHDDEEHEQHKDDDHHQ,HLA-B*40:02,0.02,FALSE
NHEDHQHHDHNEEEEENQNQNNDKHDDEEHEQHKDDDHHQ,HLA-B*58:01,0.02,FALSE
NHEDHQHHDHNEEEEENQNQNNDKHDDEEHEQHKDDDHHQ,HLA-B*15:01,0.02,FALSE
NHEDHQHHDHNEEEEENQNQNNDKHDDEEHEQHKDDDHHQ,HLA-DRB3*0101,0.02,FALSE
NHEDHQHHDHNEEEEENQNQNNDKHDDEEHEQHKDDDHHQ,HLA-DRB3*0202,0.02,FALSE
NHEDHQHHDHNEEEEENQNQNNDKHDDEEHEQHKDDDHHQ,HLA-DRB4*0101,0.02,FALSE
NHEDHQHHDHNEEEEENQNQNNDKHDDEEHEQHKDDDHHQ,HLA-DRB5*0101,0.02,TRUE
NHEDHQHHDHNEEEEENQNQNNDKHDDEEHEQHKDDDHHQ,HLA-DQA1*0501/DQB1*0301,0.02,FALSE
NHEDHQHHDHNEEEEENQNQNNDKHDDEEHEQHKDDDHHQ,HLA-DQA1*0301/DQB1*0302,0.02,TRUE
NHEDHQHHDHNEEEEENQNQNNDKHDDEEHEQHKDDDHHQ,HLA-DQA1*0101/DQB1*0501,0.02,FALSE
NHEDHQHHDHNEEEEENQNQNNDKHDDEEHEQHKDDDHHQ,HLA-DQA1*0102/DQB1*0602,0.02,TRUE
NHEDHQHHDHNEEEEENQNQNNDKHDDEEHEQHKDDDHHQ,HLA-DPB1*0101,0.02,FALSE
NHEDHQHHDHNEEEEENQNQNNDKHDDEEHEQHKDDDHHQ,HLA-DPB1*0201,0.02,FALSE
NHEDHQHHDHNEEEEENQNQNNDKHDDEEHEQHKDDDHHQ,HLA-DPB1*0401,0.02,FALSE
NHEDHQHHDHNEEEEENQNQNNDKHDDEEHEQHKDDDHHQ,HLA-DPB1*0402,0.02,FALSE
NHEDHQHHDHNEEEEENQNQNNDKHDDEEHEQHKDDDHHQ,HLA-DPB1*0501,0.02,FALSE
HPYDNPPHQEPNGHHQHWYDNDDNDEDEPKQHWPRHDEEE,HLA-A*01:01,0.02,TRUE
HPYDNPPHQEPNGHHQHWYDNDDNDEDEPKQHWPRHDEEE,HLA-A*02:01,0.02,FALSE
HPYDNPPHQEPNGHHQHWYDNDDNDEDEPKQHWPRHDEEE,HLA-A*03:01,0.02,TRUE
HPYDNPPHQEPNGHHQHWYDNDDNDEDEPKQHWPRHDEEE,HLA-A*24:02,0.02,FALSE
HPYDNPPHQEPNGHHQHWYDNDDNDEDEPKQHWPRHDEEE,HLA-A*26:01,0.02,FALSE
HPYDNPPHQEPNGHHQHWYDNDDNDEDEPKQHWPRHDEEE,HLA-B*07:02,0.02,FALSE
HPYDNPPHQEPNGHHQHWYDNDDNDEDEPKQHWPRHDEEE,HLA-B*08:01,0.02,TRUE
HPYDNPPHQEPNGHHQHWYDNDDNDEDEPKQHWPRHDEEE,HLA-B*18:01,0.02,TRUE
HPYDNPPHQEPNGHHQHWYDNDDNDEDEPKQHWPRHDEEE,HLA-B*27:05,0.02,FALSE
HPYDNPPHQEPNGHHQHWYDNDDNDEDEPKQHWPRHDEEE,HLA-B*39:01,0.02,FALSE
HPYDNPPHQEPNGHHQHWYDNDDNDEDEPKQHWPRHDEEE,HLA-B*40:02,0.02,FALSE
HPYDNPPHQEPNGHHQHWYDNDDNDEDEPKQHWPRHDEEE,HLA-B*58:01,0.02,FALSE
HPYDNPPHQEPNGHHQHWYDNDDNDEDEPKQHWPRHDEEE,HLA-B*15:01,0.02,FALSE
HPYDNPPHQEPNGHHQHWYDNDDNDEDEPKQHWPRHDEEE,HLA-DRB3*0101,0.02,TRUE
HPYDNPPHQEPNGHHQHWYDNDDNDEDEPKQHWPRHDEEE,HLA-DRB3*0202,0.02,FALSE
HPYDNPPHQEPNGHHQHWYDNDDNDEDEPKQHWPRHDEEE,HLA-DRB4*0101,0.02,FALSE
HPYDNPPHQEPNGHHQHWYDNDDNDEDEPKQHWPRHDEEE,HLA-DRB5*0101,0.02,TRUE
HPYDNPPHQEPNGHHQHWYDNDDNDEDEPKQHWPRHDEEE,HLA-DQA1*0501/DQB1*0301,0.02,FALSE
HPYDNPPHQEPNGHHQHWYDNDDNDEDEPKQHWPRHDEEE,HLA-DQA1*0301/DQB1*0302,0.02,TRUE
HPYDNPPHQEPNGHHQHWYDNDDNDEDEPKQHWPRHDEEE,HLA-DQA1*0101/DQB1*0501,0.02,TRUE
HPYDNPPHQEPNGHHQHWYDNDDNDEDEPKQHWPRHDEEE,HLA-DQA1*0102/DQB1*0602,0.02,FALSE
HPYDNPPHQEPNGHHQHWYDNDDNDEDEPKQHWPRHDEEE,HLA-DPB1*0101,0.02,FALSE
HPYDNPPHQEPNGHHQHWYDNDDNDEDEPKQHWPRHDEEE,HLA-DPB1*0201,0.02,FALSE
HPYDNPPHQEPNGHHQHWYDNDDNDEDEPKQHWPRHDEEE,HLA-DPB1*0401,0.02,FALSE
HPYDNPPHQEPNGHHQHWYDNDDNDEDEPKQHWPRHDEEE,HLA-DPB1*0402,0.02,FALSE
HPYDNPPHQEPNGHHQHWYDNDDNDEDEPKQHWPRHDEEE,HLA-DPB1*0501,0.02,FALSE
PQSEEQSWYYQHEKNHPHDEQHHWDEYQKGQHNHEKHHHD,HLA-A*01:01,0.02,TRUE
PQSEEQSWYYQHEKNHPHDEQHHWDEYQKGQHNHEKHHHD,HLA-A*02:01,0.02,TRUE
PQSEEQSWYYQHEKNHPHDEQHHWDEYQKGQHNHEKHHHD,HLA-A*03:01,0.02,TRUE
PQSEEQSWYYQHEKNHPHDEQHHWDEYQKGQHNHEKHHHD,HLA-A*24:02,0.02,FALSE
PQSEEQSWYYQHEKNHPHDEQHHWDEYQKGQHNHEKHHHD,HLA-A*26:01,0.02,FALSE
PQSEEQSWYYQHEKNHPHDEQHHWDEYQKGQHNHEKHHHD,HLA-B*07:02,0.02,FALSE
PQSEEQSWYYQHEKNHPHDEQHHWDEYQKGQHNHEKHHHD,HLA-B*08:01,0.02,TRUE
PQSEEQSWYYQHEKNHPHDEQHHWDEYQKGQHNHEKHHHD,HLA-B*18:01,0.02,TRUE
PQSEEQSWYYQHEKNHPHDEQHHWDEYQKGQHNHEKHHHD,HLA-B*27:05,0.02,FALSE
PQSEEQSWYYQHEKNHPHDEQHHWDEYQKGQHNHEKHHHD,HLA-B*39:01,0.02,FALSE
PQSEEQSWYYQHEKNHPHDEQHHWDEYQKGQHNHEKHHHD,HLA-B*40:02,0.02,FALSE
PQSEEQSWYYQHEKNHPHDEQHHWDEYQKGQHNHEKHHHD,HLA-B*58:01,0.02,FALSE
PQSEEQSWYYQHEKNHPHDEQHHWDEYQKGQHNHEKHHHD,HLA-B*15:01,0.02,FALSE
PQSEEQSWYYQHEKNHPHDEQHHWDEYQKGQHNHEKHHHD,HLA-DRB3*0101,0.02,FALSE
PQSEEQSWYYQHEKNHPHDEQHHWDEYQKGQHNHEKHHHD,HLA-DRB3*0202,0.02,FALSE
PQSEEQSWYYQHEKNHPHDEQHHWDEYQKGQHNHEKHHHD,HLA-DRB4*0101,0.02,TRUE
PQSEEQSWYYQHEKNHPHDEQHHWDEYQKGQHNHEKHHHD,HLA-DRB5*0101,0.02,TRUE
PQSEEQSWYYQHEKNHPHDEQHHWDEYQKGQHNHEKHHHD,HLA-DQA1*0501/DQB1*0301,0.02,TRUE
PQSEEQSWYYQHEKNHPHDEQHHWDEYQKGQHNHEKHHHD,HLA-DQA1*0301/DQB1*0302,0.02,TRUE
PQSEEQSWYYQHEKNHPHDEQHHWDEYQKGQHNHEKHHHD,HLA-DQA1*0101/DQB1*0501,0.02,TRUE
PQSEEQSWYYQHEKNHPHDEQHHWDEYQKGQHNHEKHHHD,HLA-DQA1*0102/DQB1*0602,0.02,TRUE
PQSEEQSWYYQHEKNHPHDEQHHWDEYQKGQHNHEKHHHD,HLA-DPB1*0101,0.02,TRUE
PQSEEQSWYYQHEKNHPHDEQHHWDEYQKGQHNHEKHHHD,HLA-DPB1*0201,0.02,TRUE
PQSEEQSWYYQHEKNHPHDEQHHWDEYQKGQHNHEKHHHD,HLA-DPB1*0401,0.02,TRUE
PQSEEQSWYYQHEKNHPHDEQHHWDEYQKGQHNHEKHHHD,HLA-DPB1*0402,0.02,TRUE
PQSEEQSWYYQHEKNHPHDEQHHWDEYQKGQHNHEKHHHD,HLA-DPB1*0501,0.02,FALSE
YYEHHNPQTSDYHKHWHPPEPQYHHPYPNYTWPNPKYPSQ,HLA-A*01:01,0.02,TRUE
YYEHHNPQTSDYHKHWHPPEPQYHHPYPNYTWPNPKYPSQ,HLA-A*02:01,0.02,TRUE
YYEHHNPQTSDYHKHWHPPEPQYHHPYPNYTWPNPKYPSQ,HLA-A*03:01,0.02,TRUE
YYEHHNPQTSDYHKHWHPPEPQYHHPYPNYTWPNPKYPSQ,HLA-A*24:02,0.02,TRUE
YYEHHNPQTSDYHKHWHPPEPQYHHPYPNYTWPNPKYPSQ,HLA-A*26:01,0.02,FALSE
YYEHHNPQTSDYHKHWHPPEPQYHHPYPNYTWPNPKYPSQ,HLA-B*07:02,0.02,TRUE
YYEHHNPQTSDYHKHWHPPEPQYHHPYPNYTWPNPKYPSQ,HLA-B*08:01,0.02,TRUE
YYEHHNPQTSDYHKHWHPPEPQYHHPYPNYTWPNPKYPSQ,HLA-B*18:01,0.02,TRUE
YYEHHNPQTSDYHKHWHPPEPQYHHPYPNYTWPNPKYPSQ,HLA-B*27:05,0.02,FALSE
YYEHHNPQTSDYHKHWHPPEPQYHHPYPNYTWPNPKYPSQ,HLA-B*39:01,0.02,FALSE
YYEHHNPQTSDYHKHWHPPEPQYHHPYPNYTWPNPKYPSQ,HLA-B*40:02,0.02,TRUE
YYEHHNPQTSDYHKHWHPPEPQYHHPYPNYTWPNPKYPSQ,HLA-B*58:01,0.02,TRUE
YYEHHNPQTSDYHKHWHPPEPQYHHPYPNYTWPNPKYPSQ,HLA-B*15:01,0.02,FALSE
YYEHHNPQTSDYHKHWHPPEPQYHHPYPNYTWPNPKYPSQ,HLA-DRB3*0101,0.02,FALSE
YYEHHNPQTSDYHKHWHPPEPQYHHPYPNYTWPNPKYPSQ,HLA-DRB3*0202,0.02,FALSE
YYEHHNPQTSDYHKHWHPPEPQYHHPYPNYTWPNPKYPSQ,HLA-DRB4*0101,0.02,TRUE
YYEHHNPQTSDYHKHWHPPEPQYHHPYPNYTWPNPKYPSQ,HLA-DRB5*0101,0.02,TRUE
YYEHHNPQTSDYHKHWHPPEPQYHHPYPNYTWPNPKYPSQ,HLA-DQA1*0501/DQB1*0301,0.02,TRUE
YYEHHNPQTSDYHKHWHPPEPQYHHPYPNYTWPNPKYPSQ,HLA-DQA1*0301/DQB1*0302,0.02,TRUE
YYEHHNPQTSDYHKHWHPPEPQYHHPYPNYTWPNPKYPSQ,HLA-DQA1*0101/DQB1*0501,0.02,TRUE
YYEHHNPQTSDYHKHWHPPEPQYHHPYPNYTWPNPKYPSQ,HLA-DQA1*0102/DQB1*0602,0.02,TRUE
YYEHHNPQTSDYHKHWHPPEPQYHHPYPNYTWPNPKYPSQ,HLA-DPB1*0101,0.02,FALSE
YYEHHNPQTSDYHKHWHPPEPQYHHPYPNYTWPNPKYPSQ,HLA-DPB1*0201,0.02,FALSE
YYEHHNPQTSDYHKHWHPPEPQYHHPYPNYTWPNPKYPSQ,HLA-DPB1*0401,0.02,FALSE
YYEHHNPQTSDYHKHWHPPEPQYHHPYPNYTWPNPKYPSQ,HLA-DPB1*0402,0.02,TRUE
YYEHHNPQTSDYHKHWHPPEPQYHHPYPNYTWPNPKYPSQ,HLA-DPB1*0501,0.02,FALSE
EHPPDWPPPSWYHPSNENRKYSHHRYKGHRPQNEHQPWPY,HLA-A*01:01,0.02,TRUE
EHPPDWPPPSWYHPSNENRKYSHHRYKGHRPQNEHQPWPY,HLA-A*02:01,0.02,FALSE
EHPPDWPPPSWYHPSNENRKYSHHRYKGHRPQNEHQPWPY,HLA-A*03:01,0.02,TRUE
EHPPDWPPPSWYHPSNENRKYSHHRYKGHRPQNEHQPWPY,HLA-A*24:02,0.02,FALSE
EHPPDWPPPSWYHPSNENRKYSHHRYKGHRPQNEHQPWPY,HLA-A*26:01,0.02,FALSE
EHPPDWPPPSWYHPSNENRKYSHHRYKGHRPQNEHQPWPY,HLA-B*07:02,0.02,TRUE
EHPPDWPPPSWYHPSNENRKYSHHRYKGHRPQNEHQPWPY,HLA-B*08:01,0.02,TRUE
EHPPDWPPPSWYHPSNENRKYSHHRYKGHRPQNEHQPWPY,HLA-B*18:01,0.02,TRUE
EHPPDWPPPSWYHPSNENRKYSHHRYKGHRPQNEHQPWPY,HLA-B*27:05,0.02,TRUE
EHPPDWPPPSWYHPSNENRKYSHHRYKGHRPQNEHQPWPY,HLA-B*39:01,0.02,FALSE
EHPPDWPPPSWYHPSNENRKYSHHRYKGHRPQNEHQPWPY,HLA-B*40:02,0.02,FALSE
EHPPDWPPPSWYHPSNENRKYSHHRYKGHRPQNEHQPWPY,HLA-B*58:01,0.02,FALSE
EHPPDWPPPSWYHPSNENRKYSHHRYKGHRPQNEHQPWPY,HLA-B*15:01,0.02,FALSE
EHPPDWPPPSWYHPSNENRKYSHHRYKGHRPQNEHQPWPY,HLA-DRB3*0101,0.02,FALSE
EHPPDWPPPSWYHPSNENRKYSHHRYKGHRPQNEHQPWPY,HLA-DRB3*0202,0.02,FALSE
EHPPDWPPPSWYHPSNENRKYSHHRYKGHRPQNEHQPWPY,HLA-DRB4*0101,0.02,TRUE
EHPPDWPPPSWYHPSNENRKYSHHRYKGHRPQNEHQPWPY,HLA-DRB5*0101,0.02,TRUE
EHPPDWPPPSWYHPSNENRKYSHHRYKGHRPQNEHQPWPY,HLA-DQA1*0501/DQB1*0301,0.02,TRUE
EHPPDWPPPSWYHPSNENRKYSHHRYKGHRPQNEHQPWPY,HLA-DQA1*0301/DQB1*0302,0.02,FALSE
EHPPDWPPPSWYHPSNENRKYSHHRYKGHRPQNEHQPWPY,HLA-DQA1*0101/DQB1*0501,0.02,FALSE
EHPPDWPPPSWYHPSNENRKYSHHRYKGHRPQNEHQPWPY,HLA-DQA1*0102/DQB1*0602,0.02,TRUE
EHPPDWPPPSWYHPSNENRKYSHHRYKGHRPQNEHQPWPY,HLA-DPB1*0101,0.02,FALSE
EHPPDWPPPSWYHPSNENRKYSHHRYKGHRPQNEHQPWPY,HLA-DPB1*0201,0.02,FALSE
EHPPDWPPPSWYHPSNENRKYSHHRYKGHRPQNEHQPWPY,HLA-DPB1*0401,0.02,FALSE
EHPPDWPPPSWYHPSNENRKYSHHRYKGHRPQNEHQPWPY,HLA-DPB1*0402,0.02,TRUE
EHPPDWPPPSWYHPSNENRKYSHHRYKGHRPQNEHQPWPY,HLA-DPB1*0501,0.02,FALSE
PDYSPKSGWYPPYYYTYSYPPPYYYPPPYDWQPPTWGRWG,HLA-A*01:01,0.02,TRUE
PDYSPKSGWYPPYYYTYSYPPPYYYPPPYDWQPPTWGRWG,HLA-A*02:01,0.02,TRUE
PDYSPKSGWYPPYYYTYSYPPPYYYPPPYDWQPPTWGRWG,HLA-A*03:01,0.02,TRUE
PDYSPKSGWYPPYYYTYSYPPPYYYPPPYDWQPPTWGRWG,HLA-A*24:02,0.02,TRUE
PDYSPKSGWYPPYYYTYSYPPPYYYPPPYDWQPPTWGRWG,HLA-A*26:01,0.02,TRUE
PDYSPKSGWYPPYYYTYSYPPPYYYPPPYDWQPPTWGRWG,HLA-B*07:02,0.02,TRUE
PDYSPKSGWYPPYYYTYSYPPPYYYPPPYDWQPPTWGRWG,HLA-B*08:01,0.02,TRUE
PDYSPKSGWYPPYYYTYSYPPPYYYPPPYDWQPPTWGRWG,HLA-B*18:01,0.02,TRUE
PDYSPKSGWYPPYYYTYSYPPPYYYPPPYDWQPPTWGRWG,HLA-B*27:05,0.02,FALSE
PDYSPKSGWYPPYYYTYSYPPPYYYPPPYDWQPPTWGRWG,HLA-B*39:01,0.02,FALSE
PDYSPKSGWYPPYYYTYSYPPPYYYPPPYDWQPPTWGRWG,HLA-B*40:02,0.02,FALSE
PDYSPKSGWYPPYYYTYSYPPPYYYPPPYDWQPPTWGRWG,HLA-B*58:01,0.02,TRUE
PDYSPKSGWYPPYYYTYSYPPPYYYPPPYDWQPPTWGRWG,HLA-B*15:01,0.02,FALSE
PDYSPKSGWYPPYYYTYSYPPPYYYPPPYDWQPPTWGRWG,HLA-DRB3*0101,0.02,FALSE
PDYSPKSGWYPPYYYTYSYPPPYYYPPPYDWQPPTWGRWG,HLA-DRB3*0202,0.02,TRUE
PDYSPKSGWYPPYYYTYSYPPPYYYPPPYDWQPPTWGRWG,HLA-DRB4*0101,0.02,FALSE
PDYSPKSGWYPPYYYTYSYPPPYYYPPPYDWQPPTWGRWG,HLA-DRB5*0101,0.02,TRUE
PDYSPKSGWYPPYYYTYSYPPPYYYPPPYDWQPPTWGRWG,HLA-DQA1*0501/DQB1*0301,0.02,TRUE
PDYSPKSGWYPPYYYTYSYPPPYYYPPPYDWQPPTWGRWG,HLA-DQA1*0301/DQB1*0302,0.02,TRUE
PDYSPKSGWYPPYYYTYSYPPPYYYPPPYDWQPPTWGRWG,HLA-DQA1*0101/DQB1*0501,0.02,TRUE
PDYSPKSGWYPPYYYTYSYPPPYYYPPPYDWQPPTWGRWG,HLA-DQA1*0102/DQB1*0602,0.02,TRUE
PDYSPKSGWYPPYYYTYSYPPPYYYPPPYDWQPPTWGRWG,HLA-DPB1*0101,0.02,FALSE
PDYSPKSGWYPPYYYTYSYPPPYYYPPPYDWQPPTWGRWG,HLA-DPB1*0201,0.02,FALSE
PDYSPKSGWYPPYYYTYSYPPPYYYPPPYDWQPPTWGRWG,HLA-DPB1*0401,0.02,TRUE
PDYSPKSGWYPPYYYTYSYPPPYYYPPPYDWQPPTWGRWG,HLA-DPB1*0402,0.02,TRUE
PDYSPKSGWYPPYYYTYSYPPPYYYPPPYDWQPPTWGRWG,HLA-DPB1*0501,0.02,FALSE
RPPPSYPWGYWPPGYYPHWNKPYPPSWPWPEPYSPDTTYS,HLA-A*01:01,0.02,TRUE
RPPPSYPWGYWPPGYYPHWNKPYPPSWPWPEPYSPDTTYS,HLA-A*02:01,0.02,FALSE
RPPPSYPWGYWPPGYYPHWNKPYPPSWPWPEPYSPDTTYS,HLA-A*03:01,0.02,TRUE
RPPPSYPWGYWPPGYYPHWNKPYPPSWPWPEPYSPDTTYS,HLA-A*24:02,0.02,FALSE
RPPPSYPWGYWPPGYYPHWNKPYPPSWPWPEPYSPDTTYS,HLA-A*26:01,0.02,FALSE
RPPPSYPWGYWPPGYYPHWNKPYPPSWPWPEPYSPDTTYS,HLA-B*07:02,0.02,TRUE
RPPPSYPWGYWPPGYYPHWNKPYPPSWPWPEPYSPDTTYS,HLA-B*08:01,0.02,FALSE
RPPPSYPWGYWPPGYYPHWNKPYPPSWPWPEPYSPDTTYS,HLA-B*18:01,0.02,FALSE
RPPPSYPWGYWPPGYYPHWNKPYPPSWPWPEPYSPDTTYS,HLA-B*27:05,0.02,FALSE
RPPPSYPWGYWPPGYYPHWNKPYPPSWPWPEPYSPDTTYS,HLA-B*39:01,0.02,FALSE
RPPPSYPWGYWPPGYYPHWNKPYPPSWPWPEPYSPDTTYS,HLA-B*40:02,0.02,FALSE
RPPPSYPWGYWPPGYYPHWNKPYPPSWPWPEPYSPDTTYS,HLA-B*58:01,0.02,FALSE
RPPPSYPWGYWPPGYYPHWNKPYPPSWPWPEPYSPDTTYS,HLA-B*15:01,0.02,FALSE
RPPPSYPWGYWPPGYYPHWNKPYPPSWPWPEPYSPDTTYS,HLA-DRB3*0101,0.02,FALSE
RPPPSYPWGYWPPGYYPHWNKPYPPSWPWPEPYSPDTTYS,HLA-DRB3*0202,0.02,FALSE
RPPPSYPWGYWPPGYYPHWNKPYPPSWPWPEPYSPDTTYS,HLA-DRB4*0101,0.02,TRUE
RPPPSYPWGYWPPGYYPHWNKPYPPSWPWPEPYSPDTTYS,HLA-DRB5*0101,0.02,FALSE
RPPPSYPWGYWPPGYYPHWNKPYPPSWPWPEPYSPDTTYS,HLA-DQA1*0501/DQB1*0301,0.02,TRUE
RPPPSYPWGYWPPGYYPHWNKPYPPSWPWPEPYSPDTTYS,HLA-DQA1*0301/DQB1*0302,0.02,TRUE
RPPPSYPWGYWPPGYYPHWNKPYPPSWPWPEPYSPDTTYS,HLA-DQA1*0101/DQB1*0501,0.02,FALSE
RPPPSYPWGYWPPGYYPHWNKPYPPSWPWPEPYSPDTTYS,HLA-DQA1*0102/DQB1*0602,0.02,TRUE
RPPPSYPWGYWPPGYYPHWNKPYPPSWPWPEPYSPDTTYS,HLA-DPB1*0101,0.02,FALSE
RPPPSYPWGYWPPGYYPHWNKPYPPSWPWPEPYSPDTTYS,HLA-DPB1*0201,0.02,FALSE
RPPPSYPWGYWPPGYYPHWNKPYPPSWPWPEPYSPDTTYS,HLA-DPB1*0401,0.02,FALSE
RPPPSYPWGYWPPGYYPHWNKPYPPSWPWPEPYSPDTTYS,HLA-DPB1*0402,0.02,FALSE
RPPPSYPWGYWPPGYYPHWNKPYPPSWPWPEPYSPDTTYS,HLA-DPB1*0501,0.02,FALSE
YYWSPYYPSSTPSTTYGPYPTSYWWPTWYPYSYTPSTWPW,HLA-A*01:01,0.02,TRUE
YYWSPYYPSSTPSTTYGPYPTSYWWPTWYPYSYTPSTWPW,HLA-A*02:01,0.02,FALSE
YYWSPYYPSSTPSTTYGPYPTSYWWPTWYPYSYTPSTWPW,HLA-A*03:01,0.02,TRUE
YYWSPYYPSSTPSTTYGPYPTSYWWPTWYPYSYTPSTWPW,HLA-A*24:02,0.02,TRUE
YYWSPYYPSSTPSTTYGPYPTSYWWPTWYPYSYTPSTWPW,HLA-A*26:01,0.02,TRUE
YYWSPYYPSSTPSTTYGPYPTSYWWPTWYPYSYTPSTWPW,HLA-B*07:02,0.02,TRUE
YYWSPYYPSSTPSTTYGPYPTSYWWPTWYPYSYTPSTWPW,HLA-B*08:01,0.02,TRUE
YYWSPYYPSSTPSTTYGPYPTSYWWPTWYPYSYTPSTWPW,HLA-B*18:01,0.02,TRUE
YYWSPYYPSSTPSTTYGPYPTSYWWPTWYPYSYTPSTWPW,HLA-B*27:05,0.02,FALSE
YYWSPYYPSSTPSTTYGPYPTSYWWPTWYPYSYTPSTWPW,HLA-B*39:01,0.02,TRUE
YYWSPYYPSSTPSTTYGPYPTSYWWPTWYPYSYTPSTWPW,HLA-B*40:02,0.02,FALSE
YYWSPYYPSSTPSTTYGPYPTSYWWPTWYPYSYTPSTWPW,HLA-B*58:01,0.02,TRUE
YYWSPYYPSSTPSTTYGPYPTSYWWPTWYPYSYTPSTWPW,HLA-B*15:01,0.02,FALSE
YYWSPYYPSSTPSTTYGPYPTSYWWPTWYPYSYTPSTWPW,HLA-DRB3*0101,0.02,TRUE
YYWSPYYPSSTPSTTYGPYPTSYWWPTWYPYSYTPSTWPW,HLA-DRB3*0202,0.02,FALSE
YYWSPYYPSSTPSTTYGPYPTSYWWPTWYPYSYTPSTWPW,HLA-DRB4*0101,0.02,FALSE
YYWSPYYPSSTPSTTYGPYPTSYWWPTWYPYSYTPSTWPW,HLA-DRB5*0101,0.02,TRUE
YYWSPYYPSSTPSTTYGPYPTSYWWPTWYPYSYTPSTWPW,HLA-DQA1*0501/DQB1*0301,0.02,TRUE
YYWSPYYPSSTPSTTYGPYPTSYWWPTWYPYSYTPSTWPW,HLA-DQA1*0301/DQB1*0302,0.02,TRUE
YYWSPYYPSSTPSTTYGPYPTSYWWPTWYPYSYTPSTWPW,HLA-DQA1*0101/DQB1*0501,0.02,TRUE
YYWSPYYPSSTPSTTYGPYPTSYWWPTWYPYSYTPSTWPW,HLA-DQA1*0102/DQB1*0602,0.02,TRUE
YYWSPYYPSSTPSTTYGPYPTSYWWPTWYPYSYTPSTWPW,HLA-DPB1*0101,0.02,FALSE
YYWSPYYPSSTPSTTYGPYPTSYWWPTWYPYSYTPSTWPW,HLA-DPB1*0201,0.02,FALSE
YYWSPYYPSSTPSTTYGPYPTSYWWPTWYPYSYTPSTWPW,HLA-DPB1*0401,0.02,FALSE
YYWSPYYPSSTPSTTYGPYPTSYWWPTWYPYSYTPSTWPW,HLA-DPB1*0402,0.02,TRUE
YYWSPYYPSSTPSTTYGPYPTSYWWPTWYPYSYTPSTWPW,HLA-DPB1*0501,0.02,FALSE
WYWYYGWWPYYSPSSPSYWWYWPWSTYPYSPPPYNPYYYY,HLA-A*01:01,0.02,TRUE
WYWYYGWWPYYSPSSPSYWWYWPWSTYPYSPPPYNPYYYY,HLA-A*02:01,0.02,FALSE
WYWYYGWWPYYSPSSPSYWWYWPWSTYPYSPPPYNPYYYY,HLA-A*03:01,0.02,TRUE
WYWYYGWWPYYSPSSPSYWWYWPWSTYPYSPPPYNPYYYY,HLA-A*24:02,0.02,TRUE
WYWYYGWWPYYSPSSPSYWWYWPWSTYPYSPPPYNPYYYY,HLA-A*26:01,0.02,TRUE
WYWYYGWWPYYSPSSPSYWWYWPWSTYPYSPPPYNPYYYY,HLA-B*07:02,0.02,TRUE
WYWYYGWWPYYSPSSPSYWWYWPWSTYPYSPPPYNPYYYY,HLA-B*08:01,0.02,FALSE
WYWYYGWWPYYSPSSPSYWWYWPWSTYPYSPPPYNPYYYY,HLA-B*18:01,0.02,TRUE
WYWYYGWWPYYSPSSPSYWWYWPWSTYPYSPPPYNPYYYY,HLA-B*27:05,0.02,TRUE
WYWYYGWWPYYSPSSPSYWWYWPWSTYPYSPPPYNPYYYY,HLA-B*39:01,0.02,TRUE
WYWYYGWWPYYSPSSPSYWWYWPWSTYPYSPPPYNPYYYY,HLA-B*40:02,0.02,TRUE
WYWYYGWWPYYSPSSPSYWWYWPWSTYPYSPPPYNPYYYY,HLA-B*58:01,0.02,TRUE
WYWYYGWWPYYSPSSPSYWWYWPWSTYPYSPPPYNPYYYY,HLA-B*15:01,0.02,FALSE
WYWYYGWWPYYSPSSPSYWWYWPWSTYPYSPPPYNPYYYY,HLA-DRB3*0101,0.02,FALSE
WYWYYGWWPYYSPSSPSYWWYWPWSTYPYSPPPYNPYYYY,HLA-DRB3*0202,0.02,TRUE
WYWYYGWWPYYSPSSPSYWWYWPWSTYPYSPPPYNPYYYY,HLA-DRB4*0101,0.02,TRUE
WYWYYGWWPYYSPSSPSYWWYWPWSTYPYSPPPYNPYYYY,HLA-DRB5*0101,0.02,TRUE
WYWYYGWWPYYSPSSPSYWWYWPWSTYPYSPPPYNPYYYY,HLA-DQA1*0501/DQB1*0301,0.02,TRUE
WYWYYGWWPYYSPSSPSYWWYWPWSTYPYSPPPYNPYYYY,HLA-DQA1*0301/DQB1*0302,0.02,TRUE
WYWYYGWWPYYSPSSPSYWWYWPWSTYPYSPPPYNPYYYY,HLA-DQA1*0101/DQB1*0501,0.02,TRUE
WYWYYGWWPYYSPSSPSYWWYWPWSTYPYSPPPYNPYYYY,HLA-DQA1*0102/DQB1*0602,0.02,TRUE
WYWYYGWWPYYSPSSPSYWWYWPWSTYPYSPPPYNPYYYY,HLA-DPB1*0101,0.02,TRUE
WYWYYGWWPYYSPSSPSYWWYWPWSTYPYSPPPYNPYYYY,HLA-DPB1*0201,0.02,FALSE
WYWYYGWWPYYSPSSPSYWWYWPWSTYPYSPPPYNPYYYY,HLA-DPB1*0401,0.02,FALSE
WYWYYGWWPYYSPSSPSYWWYWPWSTYPYSPPPYNPYYYY,HLA-DPB1*0402,0.02,TRUE
WYWYYGWWPYYSPSSPSYWWYWPWSTYPYSPPPYNPYYYY,HLA-DPB1*0501,0.02,FALSE
GGWGTSWSGSWSWWTGTTYWSWGSYTWTSWPTGSTWYSTS,HLA-A*01:01,0.02,TRUE
GGWGTSWSGSWSWWTGTTYWSWGSYTWTSWPTGSTWYSTS,HLA-A*02:01,0.02,TRUE
GGWGTSWSGSWSWWTGTTYWSWGSYTWTSWPTGSTWYSTS,HLA-A*03:01,0.02,TRUE
GGWGTSWSGSWSWWTGTTYWSWGSYTWTSWPTGSTWYSTS,HLA-A*24:02,0.02,TRUE
GGWGTSWSGSWSWWTGTTYWSWGSYTWTSWPTGSTWYSTS,HLA-A*26:01,0.02,TRUE
GGWGTSWSGSWSWWTGTTYWSWGSYTWTSWPTGSTWYSTS,HLA-B*07:02,0.02,FALSE
GGWGTSWSGSWSWWTGTTYWSWGSYTWTSWPTGSTWYSTS,HLA-B*08:01,0.02,FALSE
GGWGTSWSGSWSWWTGTTYWSWGSYTWTSWPTGSTWYSTS,HLA-B*18:01,0.02,FALSE
GGWGTSWSGSWSWWTGTTYWSWGSYTWTSWPTGSTWYSTS,HLA-B*27:05,0.02,FALSE
GGWGTSWSGSWSWWTGTTYWSWGSYTWTSWPTGSTWYSTS,HLA-B*39:01,0.02,FALSE
GGWGTSWSGSWSWWTGTTYWSWGSYTWTSWPTGSTWYSTS,HLA-B*40:02,0.02,FALSE
GGWGTSWSGSWSWWTGTTYWSWGSYTWTSWPTGSTWYSTS,HLA-B*58:01,0.02,TRUE
GGWGTSWSGSWSWWTGTTYWSWGSYTWTSWPTGSTWYSTS,HLA-B*15:01,0.02,FALSE
GGWGTSWSGSWSWWTGTTYWSWGSYTWTSWPTGSTWYSTS,HLA-DRB3*0101,0.02,FALSE
GGWGTSWSGSWSWWTGTTYWSWGSYTWTSWPTGSTWYSTS,HLA-DRB3*0202,0.02,FALSE
GGWGTSWSGSWSWWTGTTYWSWGSYTWTSWPTGSTWYSTS,HLA-DRB4*0101,0.02,FALSE
GGWGTSWSGSWSWWTGTTYWSWGSYTWTSWPTGSTWYSTS,HLA-DRB5*0101,0.02,TRUE
GGWGTSWSGSWSWWTGTTYWSWGSYTWTSWPTGSTWYSTS,HLA-DQA1*0501/DQB1*0301,0.02,TRUE
GGWGTSWSGSWSWWTGTTYWSWGSYTWTSWPTGSTWYSTS,HLA-DQA1*0301/DQB1*0302,0.02,TRUE
GGWGTSWSGSWSWWTGTTYWSWGSYTWTSWPTGSTWYSTS,HLA-DQA1*0101/DQB1*0501,0.02,FALSE
GGWGTSWSGSWSWWTGTTYWSWGSYTWTSWPTGSTWYSTS,HLA-DQA1*0102/DQB1*0602,0.02,TRUE
GGWGTSWSGSWSWWTGTTYWSWGSYTWTSWPTGSTWYSTS,HLA-DPB1*0101,0.02,TRUE
GGWGTSWSGSWSWWTGTTYWSWGSYTWTSWPTGSTWYSTS,HLA-DPB1*0201,0.02,TRUE
GGWGTSWSGSWSWWTGTTYWSWGSYTWTSWPTGSTWYSTS,HLA-DPB1*0401,0.02,FALSE
GGWGTSWSGSWSWWTGTTYWSWGSYTWTSWPTGSTWYSTS,HLA-DPB1*0402,0.02,TRUE
GGWGTSWSGSWSWWTGTTYWSWGSYTWTSWPTGSTWYSTS,HLA-DPB1*0501,0.02,FALSE
GSTTSGSWSYWSSYSYSYSSSTYSSTWWGGTGGYSGPGWG,HLA-A*01:01,0.02,TRUE
GSTTSGSWSYWSSYSYSYSSSTYSSTWWGGTGGYSGPGWG,HLA-A*02:01,0.02,FALSE
GSTTSGSWSYWSSYSYSYSSSTYSSTWWGGTGGYSGPGWG,HLA-A*03:01,0.02,TRUE
GSTTSGSWSYWSSYSYSYSSSTYSSTWWGGTGGYSGPGWG,HLA-A*24:02,0.02,TRUE
GSTTSGSWSYWSSYSYSYSSSTYSSTWWGGTGGYSGPGWG,HLA-A*26:01,0.02,TRUE
GSTTSGSWSYWSSYSYSYSSSTYSSTWWGGTGGYSGPGWG,HLA-B*07:02,0.02,FALSE
GSTTSGSWSYWSSYSYSYSSSTYSSTWWGGTGGYSGPGWG,HLA-B*08:01,0.02,TRUE
GSTTSGSWSYWSSYSYSYSSSTYSSTWWGGTGGYSGPGWG,HLA-B*18:01,0.02,TRUE
GSTTSGSWSYWSSYSYSYSSSTYSSTWWGGTGGYSGPGWG,HLA-B*27:05,0.02,FALSE
GSTTSGSWSYWSSYSYSYSSSTYSSTWWGGTGGYSGPGWG,HLA-B*39:01,0.02,FALSE
GSTTSGSWSYWSSYSYSYSSSTYSSTWWGGTGGYSGPGWG,HLA-B*40:02,0.02,FALSE
GSTTSGSWSYWSSYSYSYSSSTYSSTWWGGTGGYSGPGWG,HLA-B*58:01,0.02,TRUE
GSTTSGSWSYWSSYSYSYSSSTYSSTWWGGTGGYSGPGWG,HLA-B*15:01,0.02,FALSE
GSTTSGSWSYWSSYSYSYSSSTYSSTWWGGTGGYSGPGWG,HLA-DRB3*0101,0.02,FALSE
GSTTSGSWSYWSSYSYSYSSSTYSSTWWGGTGGYSGPGWG,HLA-DRB3*0202,0.02,FALSE
GSTTSGSWSYWSSYSYSYSSSTYSSTWWGGTGGYSGPGWG,HLA-DRB4*0101,0.02,FALSE
GSTTSGSWSYWSSYSYSYSSSTYSSTWWGGTGGYSGPGWG,HLA-DRB5*0101,0.02,TRUE
GSTTSGSWSYWSSYSYSYSSSTYSSTWWGGTGGYSGPGWG,HLA-DQA1*0501/DQB1*0301,0.02,TRUE
GSTTSGSWSYWSSYSYSYSSSTYSSTWWGGTGGYSGPGWG,HLA-DQA1*0301/DQB1*0302,0.02,TRUE
GSTTSGSWSYWSSYSYSYSSSTYSSTWWGGTGGYSGPGWG,HLA-DQA1*0101/DQB1*0501,0.02,TRUE
GSTTSGSWSYWSSYSYSYSSSTYSSTWWGGTGGYSGPGWG,HLA-DQA1*0102/DQB1*0602,0.02,TRUE
GSTTSGSWSYWSSYSYSYSSSTYSSTWWGGTGGYSGPGWG,HLA-DPB1*0101,0.02,TRUE
GSTTSGSWSYWSSYSYSYSSSTYSSTWWGGTGGYSGPGWG,HLA-DPB1*0201,0.02,TRUE
GSTTSGSWSYWSSYSYSYSSSTYSSTWWGGTGGYSGPGWG,HLA-DPB1*0401,0.02,FALSE
GSTTSGSWSYWSSYSYSYSSSTYSSTWWGGTGGYSGPGWG,HLA-DPB1*0402,0.02,TRUE
GSTTSGSWSYWSSYSYSYSSSTYSSTWWGGTGGYSGPGWG,HLA-DPB1*0501,0.02,FALSE
WWGGTGWSSTAGTTMGGTSTGGSTGGGTTCGTTGGWTGGG,HLA-A*01:01,0.02,TRUE
WWGGTGWSSTAGTTMGGTSTGGSTGGGTTCGTTGGWTGGG,HLA-A*02:01,0.02,FALSE
WWGGTGWSSTAGTTMGGTSTGGSTGGGTTCGTTGGWTGGG,HLA-A*03:01,0.02,TRUE
WWGGTGWSSTAGTTMGGTSTGGSTGGGTTCGTTGGWTGGG,HLA-A*24:02,0.02,FALSE
WWGGTGWSSTAGTTMGGTSTGGSTGGGTTCGTTGGWTGGG,HLA-A*26:01,0.02,FALSE
WWGGTGWSSTAGTTMGGTSTGGSTGGGTTCGTTGGWTGGG,HLA-B*07:02,0.02,TRUE
WWGGTGWSSTAGTTMGGTSTGGSTGGGTTCGTTGGWTGGG,HLA-B*08:01,0.02,FALSE
WWGGTGWSSTAGTTMGGTSTGGSTGGGTTCGTTGGWTGGG,HLA-B*18:01,0.02,FALSE
WWGGTGWSSTAGTTMGGTSTGGSTGGGTTCGTTGGWTGGG,HLA-B*27:05,0.02,FALSE
WWGGTGWSSTAGTTMGGTSTGGSTGGGTTCGTTGGWTGGG,HLA-B*39:01,0.02,FALSE
WWGGTGWSSTAGTTMGGTSTGGSTGGGTTCGTTGGWTGGG,HLA-B*40:02,0.02,FALSE
WWGGTGWSSTAGTTMGGTSTGGSTGGGTTCGTTGGWTGGG,HLA-B*58:01,0.02,TRUE
WWGGTGWSSTAGTTMGGTSTGGSTGGGTTCGTTGGWTGGG,HLA-B*15:01,0.02,FALSE
WWGGTGWSSTAGTTMGGTSTGGSTGGGTTCGTTGGWTGGG,HLA-DRB3*0101,0.02,FALSE
WWGGTGWSSTAGTTMGGTSTGGSTGGGTTCGTTGGWTGGG,HLA-DRB3*0202,0.02,FALSE
WWGGTGWSSTAGTTMGGTSTGGSTGGGTTCGTTGGWTGGG,HLA-DRB4*0101,0.02,FALSE
WWGGTGWSSTAGTTMGGTSTGGSTGGGTTCGTTGGWTGGG,HLA-DRB5*0101,0.02,FALSE
WWGGTGWSSTAGTTMGGTSTGGSTGGGTTCGTTGGWTGGG,HLA-DQA1*0501/DQB1*0301,0.02,TRUE
WWGGTGWSSTAGTTMGGTSTGGSTGGGTTCGTTGGWTGGG,HLA-DQA1*0301/DQB1*0302,0.02,FALSE
WWGGTGWSSTAGTTMGGTSTGGSTGGGTTCGTTGGWTGGG,HLA-DQA1*0101/DQB1*0501,0.02,FALSE
WWGGTGWSSTAGTTMGGTSTGGSTGGGTTCGTTGGWTGGG,HLA-DQA1*0102/DQB1*0602,0.02,TRUE
WWGGTGWSSTAGTTMGGTSTGGSTGGGTTCGTTGGWTGGG,HLA-DPB1*0101,0.02,FALSE
WWGGTGWSSTAGTTMGGTSTGGSTGGGTTCGTTGGWTGGG,HLA-DPB1*0201,0.02,FALSE
WWGGTGWSSTAGTTMGGTSTGGSTGGGTTCGTTGGWTGGG,HLA-DPB1*0401,0.02,FALSE
WWGGTGWSSTAGTTMGGTSTGGSTGGGTTCGTTGGWTGGG,HLA-DPB1*0402,0.02,FALSE
WWGGTGWSSTAGTTMGGTSTGGSTGGGTTCGTTGGWTGGG,HLA-DPB1*0501,0.02,FALSE
WAWFTSWTPWAGGYTGSGGGSTTGGSTGSGTGGYGYGGYG,HLA-A*01:01,0.02,TRUE
WAWFTSWTPWAGGYTGSGGGSTTGGSTGSGTGGYGYGGYG,HLA-A*02:01,0.02,FALSE
WAWFTSWTPWAGGYTGSGGGSTTGGSTGSGTGGYGYGGYG,HLA-A*03:01,0.02,TRUE
WAWFTSWTPWAGGYTGSGGGSTTGGSTGSGTGGYGYGGYG,HLA-A*24:02,0.02,TRUE
WAWFTSWTPWAGGYTGSGGGSTTGGSTGSGTGGYGYGGYG,HLA-A*26:01,0.02,TRUE
WAWFTSWTPWAGGYTGSGGGSTTGGSTGSGTGGYGYGGYG,HLA-B*07:02,0.02,TRUE
WAWFTSWTPWAGGYTGSGGGSTTGGSTGSGTGGYGYGGYG,HLA-B*08:01,0.02,TRUE
WAWFTSWTPWAGGYTGSGGGSTTGGSTGSGTGGYGYGGYG,HLA-B*18:01,0.02,FALSE
WAWFTSWTPWAGGYTGSGGGSTTGGSTGSGTGGYGYGGYG,HLA-B*27:05,0.02,FALSE
WAWFTSWTPWAGGYTGSGGGSTTGGSTGSGTGGYGYGGYG,HLA-B*39:01,0.02,FALSE
WAWFTSWTPWAGGYTGSGGGSTTGGSTGSGTGGYGYGGYG,HLA-B*40:02,0.02,FALSE
WAWFTSWTPWAGGYTGSGGGSTTGGSTGSGTGGYGYGGYG,HLA-B*58:01,0.02,TRUE
WAWFTSWTPWAGGYTGSGGGSTTGGSTGSGTGGYGYGGYG,HLA-B*15:01,0.02,FALSE
WAWFTSWTPWAGGYTGSGGGSTTGGSTGSGTGGYGYGGYG,HLA-DRB3*0101,0.02,FALSE
WAWFTSWTPWAGGYTGSGGGSTTGGSTGSGTGGYGYGGYG,HLA-DRB3*0202,0.02,FALSE
WAWFTSWTPWAGGYTGSGGGSTTGGSTGSGTGGYGYGGYG,HLA-DRB4*0101,0.02,FALSE
WAWFTSWTPWAGGYTGSGGGSTTGGSTGSGTGGYGYGGYG,HLA-DRB5*0101,0.02,TRUE
WAWFTSWTPWAGGYTGSGGGSTTGGSTGSGTGGYGYGGYG,HLA-DQA1*0501/DQB1*0301,0.02,TRUE
WAWFTSWTPWAGGYTGSGGGSTTGGSTGSGTGGYGYGGYG,HLA-DQA1*0301/DQB1*0302,0.02,TRUE
WAWFTSWTPWAGGYTGSGGGSTTGGSTGSGTGGYGYGGYG,HLA-DQA1*0101/DQB1*0501,0.02,FALSE
WAWFTSWTPWAGGYTGSGGGSTTGGSTGSGTGGYGYGGYG,HLA-DQA1*0102/DQB1*0602,0.02,TRUE
WAWFTSWTPWAGGYTGSGGGSTTGGSTGSGTGGYGYGGYG,HLA-DPB1*0101,0.02,TRUE
WAWFTSWTPWAGGYTGSGGGSTTGGSTGSGTGGYGYGGYG,HLA-DPB1*0201,0.02,TRUE
WAWFTSWTPWAGGYTGSGGGSTTGGSTGSGTGGYGYGGYG,HLA-DPB1*0401,0.02,TRUE
WAWFTSWTPWAGGYTGSGGGSTTGGSTGSGTGGYGYGGYG,HLA-DPB1*0402,0.02,TRUE
WAWFTSWTPWAGGYTGSGGGSTTGGSTGSGTGGYGYGGYG,HLA-DPB1*0501,0.02,FALSE
WTWGWAPSSCTMAGPWMATCSMTMTMGGGGWWGTTGMTGA,HLA-A*01:01,0.02,TRUE
WTWGWAPSSCTMAGPWMATCSMTMTMGGGGWWGTTGMTGA,HLA-A*02:01,0.02,TRUE
WTWGWAPSSCTMAGPWMATCSMTMTMGGGGWWGTTGMTGA,HLA-A*03:01,0.02,TRUE
WTWGWAPSSCTMAGPWMATCSMTMTMGGGGWWGTTGMTGA,HLA-A*24:02,0.02,FALSE
WTWGWAPSSCTMAGPWMATCSMTMTMGGGGWWGTTGMTGA,HLA-A*26:01,0.02,TRUE
WTWGWAPSSCTMAGPWMATCSMTMTMGGGGWWGTTGMTGA,HLA-B*07:02,0.02,TRUE
WTWGWAPSSCTMAGPWMATCSMTMTMGGGGWWGTTGMTGA,HLA-B*08:01,0.02,TRUE
WTWGWAPSSCTMAGPWMATCSMTMTMGGGGWWGTTGMTGA,HLA-B*18:01,0.02,FALSE
WTWGWAPSSCTMAGPWMATCSMTMTMGGGGWWGTTGMTGA,HLA-B*27:05,0.02,FALSE
WTWGWAPSSCTMAGPWMATCSMTMTMGGGGWWGTTGMTGA,HLA-B*39:01,0.02,TRUE
WTWGWAPSSCTMAGPWMATCSMTMTMGGGGWWGTTGMTGA,HLA-B*40:02,0.02,FALSE
WTWGWAPSSCTMAGPWMATCSMTMTMGGGGWWGTTGMTGA,HLA-B*58:01,0.02,TRUE
WTWGWAPSSCTMAGPWMATCSMTMTMGGGGWWGTTGMTGA,HLA-B*15:01,0.02,TRUE
WTWGWAPSSCTMAGPWMATCSMTMTMGGGGWWGTTGMTGA,HLA-DRB3*0101,0.02,FALSE
WTWGWAPSSCTMAGPWMATCSMTMTMGGGGWWGTTGMTGA,HLA-DRB3*0202,0.02,FALSE
WTWGWAPSSCTMAGPWMATCSMTMTMGGGGWWGTTGMTGA,HLA-DRB4*0101,0.02,TRUE
WTWGWAPSSCTMAGPWMATCSMTMTMGGGGWWGTTGMTGA,HLA-DRB5*0101,0.02,FALSE
WTWGWAPSSCTMAGPWMATCSMTMTMGGGGWWGTTGMTGA,HLA-DQA1*0501/DQB1*0301,0.02,TRUE
WTWGWAPSSCTMAGPWMATCSMTMTMGGGGWWGTTGMTGA,HLA-DQA1*0301/DQB1*0302,0.02,TRUE
WTWGWAPSSCTMAGPWMATCSMTMTMGGGGWWGTTGMTGA,HLA-DQA1*0101/DQB1*0501,0.02,FALSE
WTWGWAPSSCTMAGPWMATCSMTMTMGGGGWWGTTGMTGA,HLA-DQA1*0102/DQB1*0602,0.02,FALSE
WTWGWAPSSCTMAGPWMATCSMTMTMGGGGWWGTTGMTGA,HLA-DPB1*0101,0.02,FALSE
WTWGWAPSSCTMAGPWMATCSMTMTMGGGGWWGTTGMTGA,HLA-DPB1*0201,0.02,FALSE
WTWGWAPSSCTMAGPWMATCSMTMTMGGGGWWGTTGMTGA,HLA-DPB1*0401,0.02,FALSE
WTWGWAPSSCTMAGPWMATCSMTMTMGGGGWWGTTGMTGA,HLA-DPB1*0402,0.02,FALSE
WTWGWAPSSCTMAGPWMATCSMTMTMGGGGWWGTTGMTGA,HLA-DPB1*0501,0.02,FALSE
SWMAWTTGTGMFTGAGTPGGGSYTCGTGGGCTCTSMSMWG,HLA-A*01:01,0.02,TRUE
SWMAWTTGTGMFTGAGTPGGGSYTCGTGGGCTCTSMSMWG,HLA-A*02:01,0.02,FALSE
SWMAWTTGTGMFTGAGTPGGGSYTCGTGGGCTCTSMSMWG,HLA-A*03:01,0.02,TRUE
SWMAWTTGTGMFTGAGTPGGGSYTCGTGGGCTCTSMSMWG,HLA-A*24:02,0.02,TRUE
SWMAWTTGTGMFTGAGTPGGGSYTCGTGGGCTCTSMSMWG,HLA-A*26:01,0.02,TRUE
SWMAWTTGTGMFTGAGTPGGGSYTCGTGGGCTCTSMSMWG,HLA-B*07:02,0.02,TRUE
SWMAWTTGTGMFTGAGTPGGGSYTCGTGGGCTCTSMSMWG,HLA-B*08:01,0.02,TRUE
SWMAWTTGTGMFTGAGTPGGGSYTCGTGGGCTCTSMSMWG,HLA-B*18:01,0.02,FALSE
SWMAWTTGTGMFTGAGTPGGGSYTCGTGGGCTCTSMSMWG,HLA-B*27:05,0.02,FALSE
SWMAWTTGTGMFTGAGTPGGGSYTCGTGGGCTCTSMSMWG,HLA-B*39:01,0.02,FALSE
SWMAWTTGTGMFTGAGTPGGGSYTCGTGGGCTCTSMSMWG,HLA-B*40:02,0.02,TRUE
SWMAWTTGTGMFTGAGTPGGGSYTCGTGGGCTCTSMSMWG,HLA-B*58:01,0.02,TRUE
SWMAWTTGTGMFTGAGTPGGGSYTCGTGGGCTCTSMSMWG,HLA-B*15:01,0.02,FALSE
SWMAWTTGTGMFTGAGTPGGGSYTCGTGGGCTCTSMSMWG,HLA-DRB3*0101,0.02,FALSE
SWMAWTTGTGMFTGAGTPGGGSYTCGTGGGCTCTSMSMWG,HLA-DRB3*0202,0.02,FALSE
SWMAWTTGTGMFTGAGTPGGGSYTCGTGGGCTCTSMSMWG,HLA-DRB4*0101,0.02,FALSE
SWMAWTTGTGMFTGAGTPGGGSYTCGTGGGCTCTSMSMWG,HLA-DRB5*0101,0.02,TRUE
SWMAWTTGTGMFTGAGTPGGGSYTCGTGGGCTCTSMSMWG,HLA-DQA1*0501/DQB1*0301,0.02,TRUE
SWMAWTTGTGMFTGAGTPGGGSYTCGTGGGCTCTSMSMWG,HLA-DQA1*0301/DQB1*0302,0.02,TRUE
SWMAWTTGTGMFTGAGTPGGGSYTCGTGGGCTCTSMSMWG,HLA-DQA1*0101/DQB1*0501,0.02,FALSE
SWMAWTTGTGMFTGAGTPGGGSYTCGTGGGCTCTSMSMWG,HLA-DQA1*0102/DQB1*0602,0.02,TRUE
SWMAWTTGTGMFTGAGTPGGGSYTCGTGGGCTCTSMSMWG,HLA-DPB1*0101,0.02,TRUE
SWMAWTTGTGMFTGAGTPGGGSYTCGTGGGCTCTSMSMWG,HLA-DPB1*0201,0.02,FALSE
SWMAWTTGTGMFTGAGTPGGGSYTCGTGGGCTCTSMSMWG,HLA-DPB1*0401,0.02,TRUE
SWMAWTTGTGMFTGAGTPGGGSYTCGTGGGCTCTSMSMWG,HLA-DPB1*0402,0.02,TRUE
SWMAWTTGTGMFTGAGTPGGGSYTCGTGGGCTCTSMSMWG,HLA-DPB1*0501,0.02,TRUE
MAMMGGGAMASMWATWAAGGMAMGAGFCTMWMMGTMGMWM,HLA-A*01:01,0.02,TRUE
MAMMGGGAMASMWATWAAGGMAMGAGFCTMWMMGTMGMWM,HLA-A*02:01,0.02,TRUE
MAMMGGGAMASMWATWAAGGMAMGAGFCTMWMMGTMGMWM,HLA-A*03:01,0.02,TRUE
MAMMGGGAMASMWATWAAGGMAMGAGFCTMWMMGTMGMWM,HLA-A*24:02,0.02,FALSE
MAMMGGGAMASMWATWAAGGMAMGAGFCTMWMMGTMGMWM,HLA-A*26:01,0.02,TRUE
MAMMGGGAMASMWATWAAGGMAMGAGFCTMWMMGTMGMWM,HLA-B*07:02,0.02,TRUE
MAMMGGGAMASMWATWAAGGMAMGAGFCTMWMMGTMGMWM,HLA-B*08:01,0.02,TRUE
MAMMGGGAMASMWATWAAGGMAMGAGFCTMWMMGTMGMWM,HLA-B*18:01,0.02,FALSE
MAMMGGGAMASMWATWAAGGMAMGAGFCTMWMMGTMGMWM,HLA-B*27:05,0.02,FALSE
MAMMGGGAMASMWATWAAGGMAMGAGFCTMWMMGTMGMWM,HLA-B*39:01,0.02,TRUE
MAMMGGGAMASMWATWAAGGMAMGAGFCTMWMMGTMGMWM,HLA-B*40:02,0.02,TRUE
MAMMGGGAMASMWATWAAGGMAMGAGFCTMWMMGTMGMWM,HLA-B*58:01,0.02,TRUE
MAMMGGGAMASMWATWAAGGMAMGAGFCTMWMMGTMGMWM,HLA-B*15:01,0.02,TRUE
MAMMGGGAMASMWATWAAGGMAMGAGFCTMWMMGTMGMWM,HLA-DRB3*0101,0.02,FALSE
MAMMGGGAMASMWATWAAGGMAMGAGFCTMWMMGTMGMWM,HLA-DRB3*0202,0.02,FALSE
MAMMGGGAMASMWATWAAGGMAMGAGFCTMWMMGTMGMWM,HLA-DRB4*0101,0.02,TRUE
MAMMGGGAMASMWATWAAGGMAMGAGFCTMWMMGTMGMWM,HLA-DRB5*0101,0.02,TRUE
MAMMGGGAMASMWATWAAGGMAMGAGFCTMWMMGTMGMWM,HLA-DQA1*0501/DQB1*0301,0.02,TRUE
MAMMGGGAMASMWATWAAGGMAMGAGFCTMWMMGTMGMWM,HLA-DQA1*0301/DQB1*0302,0.02,TRUE
MAMMGGGAMASMWATWAAGGMAMGAGFCTMWMMGTMGMWM,HLA-DQA1*0101/DQB1*0501,0.02,TRUE
MAMMGGGAMASMWATWAAGGMAMGAGFCTMWMMGTMGMWM,HLA-DQA1*0102/DQB1*0602,0.02,TRUE
MAMMGGGAMASMWATWAAGGMAMGAGFCTMWMMGTMGMWM,HLA-DPB1*0101,0.02,TRUE
MAMMGGGAMASMWATWAAGGMAMGAGFCTMWMMGTMGMWM,HLA-DPB1*0201,0.02,TRUE
MAMMGGGAMASMWATWAAGGMAMGAGFCTMWMMGTMGMWM,HLA-DPB1*0401,0.02,FALSE
MAMMGGGAMASMWATWAAGGMAMGAGFCTMWMMGTMGMWM,HLA-DPB1*0402,0.02,FALSE
MAMMGGGAMASMWATWAAGGMAMGAGFCTMWMMGTMGMWM,HLA-DPB1*0501,0.02,FALSE
AASAAAAATSGSMAAAMWSAAGLYTMSMASMMCSMWGAGM,HLA-A*01:01,0.02,TRUE
AASAAAAATSGSMAAAMWSAAGLYTMSMASMMCSMWGAGM,HLA-A*02:01,0.02,TRUE
AASAAAAATSGSMAAAMWSAAGLYTMSMASMMCSMWGAGM,HLA-A*03:01,0.02,TRUE
AASAAAAATSGSMAAAMWSAAGLYTMSMASMMCSMWGAGM,HLA-A*24:02,0.02,TRUE
AASAAAAATSGSMAAAMWSAAGLYTMSMASMMCSMWGAGM,HLA-A*26:01,0.02,TRUE
AASAAAAATSGSMAAAMWSAAGLYTMSMASMMCSMWGAGM,HLA-B*07:02,0.02,TRUE
AASAAAAATSGSMAAAMWSAAGLYTMSMASMMCSMWGAGM,HLA-B*08:01,0.02,TRUE
AASAAAAATSGSMAAAMWSAAGLYTMSMASMMCSMWGAGM,HLA-B*18:01,0.02,FALSE
AASAAAAATSGSMAAAMWSAAGLYTMSMASMMCSMWGAGM,HLA-B*27:05,0.02,FALSE
AASAAAAATSGSMAAAMWSAAGLYTMSMASMMCSMWGAGM,HLA-B*39:01,0.02,TRUE
AASAAAAATSGSMAAAMWSAAGLYTMSMASMMCSMWGAGM,HLA-B*40:02,0.02,TRUE
AASAAAAATSGSMAAAMWSAAGLYTMSMASMMCSMWGAGM,HLA-B*58:01,0.02,TRUE
AASAAAAATSGSMAAAMWSAAGLYTMSMASMMCSMWGAGM,HLA-B*15:01,0.02,TRUE
AASAAAAATSGSMAAAMWSAAGLYTMSMASMMCSMWGAGM,HLA-DRB3*0101,0.02,TRUE
AASAAAAATSGSMAAAMWSAAGLYTMSMASMMCSMWGAGM,HLA-DRB3*0202,0.02,FALSE
AASAAAAATSGSMAAAMWSAAGLYTMSMASMMCSMWGAGM,HLA-DRB4*0101,0.02,TRUE
AASAAAAATSGSMAAAMWSAAGLYTMSMASMMCSMWGAGM,HLA-DRB5*0101,0.02,TRUE
AASAAAAATSGSMAAAMWSAAGLYTMSMASMMCSMWGAGM,HLA-DQA1*0501/DQB1*0301,0.02,TRUE
AASAAAAATSGSMAAAMWSAAGLYTMSMASMMCSMWGAGM,HLA-DQA1*0301/DQB1*0302,0.02,TRUE
AASAAAAATSGSMAAAMWSAAGLYTMSMASMMCSMWGAGM,HLA-DQA1*0101/DQB1*0501,0.02,TRUE
AASAAAAATSGSMAAAMWSAAGLYTMSMASMMCSMWGAGM,HLA-DQA1*0102/DQB1*0602,0.02,TRUE
AASAAAAATSGSMAAAMWSAAGLYTMSMASMMCSMWGAGM,HLA-DPB1*0101,0.02,TRUE
AASAAAAATSGSMAAAMWSAAGLYTMSMASMMCSMWGAGM,HLA-DPB1*0201,0.02,TRUE
AASAAAAATSGSMAAAMWSAAGLYTMSMASMMCSMWGAGM,HLA-DPB1*0401,0.02,FALSE
AASAAAAATSGSMAAAMWSAAGLYTMSMASMMCSMWGAGM,HLA-DPB1*0402,0.02,FALSE
AASAAAAATSGSMAAAMWSAAGLYTMSMASMMCSMWGAGM,HLA-DPB1*0501,0.02,FALSE
MMGMMAFAMAAAMGAAGMWATMGFAAACMWAAAAMTAAAA,HLA-A*01:01,0.02,TRUE
MMGMMAFAMAAAMGAAGMWATMGFAAACMWAAAAMTAAAA,HLA-A*02:01,0.02,TRUE
MMGMMAFAMAAAMGAAGMWATMGFAAACMWAAAAMTAAAA,HLA-A*03:01,0.02,TRUE
MMGMMAFAMAAAMGAAGMWATMGFAAACMWAAAAMTAAAA,HLA-A*24:02,0.02,FALSE
MMGMMAFAMAAAMGAAGMWATMGFAAACMWAAAAMTAAAA,HLA-A*26:01,0.02,TRUE
MMGMMAFAMAAAMGAAGMWATMGFAAACMWAAAAMTAAAA,HLA-B*07:02,0.02,TRUE
MMGMMAFAMAAAMGAAGMWATMGFAAACMWAAAAMTAAAA,HLA-B*08:01,0.02,TRUE
MMGMMAFAMAAAMGAAGMWATMGFAAACMWAAAAMTAAAA,HLA-B*18:01,0.02,TRUE
MMGMMAFAMAAAMGAAGMWATMGFAAACMWAAAAMTAAAA,HLA-B*27:05,0.02,FALSE
MMGMMAFAMAAAMGAAGMWATMGFAAACMWAAAAMTAAAA,HLA-B*39:01,0.02,TRUE
MMGMMAFAMAAAMGAAGMWATMGFAAACMWAAAAMTAAAA,HLA-B*40:02,0.02,TRUE
MMGMMAFAMAAAMGAAGMWATMGFAAACMWAAAAMTAAAA,HLA-B*58:01,0.02,TRUE
MMGMMAFAMAAAMGAAGMWATMGFAAACMWAAAAMTAAAA,HLA-B*15:01,0.02,TRUE
MMGMMAFAMAAAMGAAGMWATMGFAAACMWAAAAMTAAAA,HLA-DRB3*0101,0.02,FALSE
MMGMMAFAMAAAMGAAGMWATMGFAAACMWAAAAMTAAAA,HLA-DRB3*0202,0.02,TRUE
MMGMMAFAMAAAMGAAGMWATMGFAAACMWAAAAMTAAAA,HLA-DRB4*0101,0.02,TRUE
MMGMMAFAMAAAMGAAGMWATMGFAAACMWAAAAMTAAAA,HLA-DRB5*0101,0.02,TRUE
MMGMMAFAMAAAMGAAGMWATMGFAAACMWAAAAMTAAAA,HLA-DQA1*0501/DQB1*0301,0.02,TRUE
MMGMMAFAMAAAMGAAGMWATMGFAAACMWAAAAMTAAAA,HLA-DQA1*0301/DQB1*0302,0.02,TRUE
MMGMMAFAMAAAMGAAGMWATMGFAAACMWAAAAMTAAAA,HLA-DQA1*0101/DQB1*0501,0.02,TRUE
MMGMMAFAMAAAMGAAGMWATMGFAAACMWAAAAMTAAAA,HLA-DQA1*0102/DQB1*0602,0.02,TRUE
MMGMMAFAMAAAMGAAGMWATMGFAAACMWAAAAMTAAAA,HLA-DPB1*0101,0.02,TRUE
MMGMMAFAMAAAMGAAGMWATMGFAAACMWAAAAMTAAAA,HLA-DPB1*0201,0.02,TRUE
MMGMMAFAMAAAMGAAGMWATMGFAAACMWAAAAMTAAAA,HLA-DPB1*0401,0.02,TRUE
MMGMMAFAMAAAMGAAGMWATMGFAAACMWAAAAMTAAAA,HLA-DPB1*0402,0.02,TRUE
MMGMMAFAMAAAMGAAGMWATMGFAAACMWAAAAMTAAAA,HLA-DPB1*0501,0.02,FALSE
MAMACMTMMAAFMMAWAAGAAGGGMAMMAAMAAAMCAACS,HLA-A*01:01,0.02,FALSE
MAMACMTMMAAFMMAWAAGAAGGGMAMMAAMAAAMCAACS,HLA-A*02:01,0.02,TRUE
MAMACMTMMAAFMMAWAAGAAGGGMAMMAAMAAAMCAACS,HLA-A*03:01,0.02,FALSE
MAMACMTMMAAFMMAWAAGAAGGGMAMMAAMAAAMCAACS,HLA-A*24:02,0.02,FALSE
MAMACMTMMAAFMMAWAAGAAGGGMAMMAAMAAAMCAACS,HLA-A*26:01,0.02,TRUE
MAMACMTMMAAFMMAWAAGAAGGGMAMMAAMAAAMCAACS,HLA-B*07:02,0.02,TRUE
MAMACMTMMAAFMMAWAAGAAGGGMAMMAAMAAAMCAACS,HLA-B*08:01,0.02,TRUE
MAMACMTMMAAFMMAWAAGAAGGGMAMMAAMAAAMCAACS,HLA-B*18:01,0.02,FALSE
MAMACMTMMAAFMMAWAAGAAGGGMAMMAAMAAAMCAACS,HLA-B*27:05,0.02,FALSE
MAMACMTMMAAFMMAWAAGAAGGGMAMMAAMAAAMCAACS,HLA-B*39:01,0.02,TRUE
MAMACMTMMAAFMMAWAAGAAGGGMAMMAAMAAAMCAACS,HLA-B*40:02,0.02,TRUE
MAMACMTMMAAFMMAWAAGAAGGGMAMMAAMAAAMCAACS,HLA-B*58:01,0.02,TRUE
MAMACMTMMAAFMMAWAAGAAGGGMAMMAAMAAAMCAACS,HLA-B*15:01,0.02,TRUE
MAMACMTMMAAFMMAWAAGAAGGGMAMMAAMAAAMCAACS,HLA-DRB3*0101,0.02,FALSE
MAMACMTMMAAFMMAWAAGAAGGGMAMMAAMAAAMCAACS,HLA-DRB3*0202,0.02,FALSE
MAMACMTMMAAFMMAWAAGAAGGGMAMMAAMAAAMCAACS,HLA-DRB4*0101,0.02,TRUE
MAMACMTMMAAFMMAWAAGAAGGGMAMMAAMAAAMCAACS,HLA-DRB5*0101,0.02,TRUE
MAMACMTMMAAFMMAWAAGAAGGGMAMMAAMAAAMCAACS,HLA-DQA1*0501/DQB1*0301,0.02,TRUE
MAMACMTMMAAFMMAWAAGAAGGGMAMMAAMAAAMCAACS,HLA-DQA1*0301/DQB1*0302,0.02,TRUE
MAMACMTMMAAFMMAWAAGAAGGGMAMMAAMAAAMCAACS,HLA-DQA1*0101/DQB1*0501,0.02,TRUE
MAMACMTMMAAFMMAWAAGAAGGGMAMMAAMAAAMCAACS,HLA-DQA1*0102/DQB1*0602,0.02,TRUE
MAMACMTMMAAFMMAWAAGAAGGGMAMMAAMAAAMCAACS,HLA-DPB1*0101,0.02,TRUE
MAMACMTMMAAFMMAWAAGAAGGGMAMMAAMAAAMCAACS,HLA-DPB1*0201,0.02,TRUE
MAMACMTMMAAFMMAWAAGAAGGGMAMMAAMAAAMCAACS,HLA-DPB1*0401,0.02,TRUE
MAMACMTMMAAFMMAWAAGAAGGGMAMMAAMAAAMCAACS,HLA-DPB1*0402,0.02,TRUE
MAMACMTMMAAFMMAWAAGAAGGGMAMMAAMAAAMCAACS,HLA-DPB1*0501,0.02,FALSE
MMAAAMCMMAMMMMMFMFMMMFAMMCMAAAAAMAAAFMMM,HLA-A*01:01,0.02,FALSE
MMAAAMCMMAMMMMMFMFMMMFAMMCMAAAAAMAAAFMMM,HLA-A*02:01,0.02,TRUE
MMAAAMCMMAMMMMMFMFMMMFAMMCMAAAAAMAAAFMMM,HLA-A*03:01,0.02,FALSE
MMAAAMCMMAMMMMMFMFMMMFAMMCMAAAAAMAAAFMMM,HLA-A*24:02,0.02,TRUE
MMAAAMCMMAMMMMMFMFMMMFAMMCMAAAAAMAAAFMMM,HLA-A*26:01,0.02,TRUE
MMAAAMCMMAMMMMMFMFMMMFAMMCMAAAAAMAAAFMMM,HLA-B*07:02,0.02,TRUE
MMAAAMCMMAMMMMMFMFMMMFAMMCMAAAAAMAAAFMMM,HLA-B*08:01,0.02,TRUE
MMAAAMCMMAMMMMMFMFMMMFAMMCMAAAAAMAAAFMMM,HLA-B*18:01,0.02,TRUE
MMAAAMCMMAMMMMMFMFMMMFAMMCMAAAAAMAAAFMMM,HLA-B*27:05,0.02,FALSE
MMAAAMCMMAMMMMMFMFMMMFAMMCMAAAAAMAAAFMMM,HLA-B*39:01,0.02,TRUE
MMAAAMCMMAMMMMMFMFMMMFAMMCMAAAAAMAAAFMMM,HLA-B*40:02,0.02,TRUE
MMAAAMCMMAMMMMMFMFMMMFAMMCMAAAAAMAAAFMMM,HLA-B*58:01,0.02,TRUE
MMAAAMCMMAMMMMMFMFMMMFAMMCMAAAAAMAAAFMMM,HLA-B*15:01,0.02,TRUE
MMAAAMCMMAMMMMMFMFMMMFAMMCMAAAAAMAAAFMMM,HLA-DRB3*0101,0.02,FALSE
MMAAAMCMMAMMMMMFMFMMMFAMMCMAAAAAMAAAFMMM,HLA-DRB3*0202,0.02,TRUE
MMAAAMCMMAMMMMMFMFMMMFAMMCMAAAAAMAAAFMMM,HLA-DRB4*0101,0.02,TRUE
MMAAAMCMMAMMMMMFMFMMMFAMMCMAAAAAMAAAFMMM,HLA-DRB5*0101,0.02,TRUE
MMAAAMCMMAMMMMMFMFMMMFAMMCMAAAAAMAAAFMMM,HLA-DQA1*0501/DQB1*0301,0.02,TRUE
MMAAAMCMMAMMMMMFMFMMMFAMMCMAAAAAMAAAFMMM,HLA-DQA1*0301/DQB1*0302,0.02,TRUE
MMAAAMCMMAMMMMMFMFMMMFAMMCMAAAAAMAAAFMMM,HLA-DQA1*0101/DQB1*0501,0.02,TRUE
MMAAAMCMMAMMMMMFMFMMMFAMMCMAAAAAMAAAFMMM,HLA-DQA1*0102/DQB1*0602,0.02,TRUE
MMAAAMCMMAMMMMMFMFMMMFAMMCMAAAAAMAAAFMMM,HLA-DPB1*0101,0.02,TRUE
MMAAAMCMMAMMMMMFMFMMMFAMMCMAAAAAMAAAFMMM,HLA-DPB1*0201,0.02,TRUE
MMAAAMCMMAMMMMMFMFMMMFAMMCMAAAAAMAAAFMMM,HLA-DPB1*0401,0.02,FALSE
MMAAAMCMMAMMMMMFMFMMMFAMMCMAAAAAMAAAFMMM,HLA-DPB1*0402,0.02,FALSE
MMAAAMCMMAMMMMMFMFMMMFAMMCMAAAAAMAAAFMMM,HLA-DPB1*0501,0.02,TRUE
MACAAMACMMAAAAAMCAAMFMAAMAAAMMFAAAAMAAVA,HLA-A*01:01,0.02,FALSE
MACAAMACMMAAAAAMCAAMFMAAMAAAMMFAAAAMAAVA,HLA-A*02:01,0.02,TRUE
MACAAMACMMAAAAAMCAAMFMAAMAAAMMFAAAAMAAVA,HLA-A*03:01,0.02,TRUE
MACAAMACMMAAAAAMCAAMFMAAMAAAMMFAAAAMAAVA,HLA-A*24:02,0.02,FALSE
MACAAMACMMAAAAAMCAAMFMAAMAAAMMFAAAAMAAVA,HLA-A*26:01,0.02,TRUE
MACAAMACMMAAAAAMCAAMFMAAMAAAMMFAAAAMAAVA,HLA-B*07:02,0.02,TRUE
MACAAMACMMAAAAAMCAAMFMAAMAAAMMFAAAAMAAVA,HLA-B*08:01,0.02,TRUE
MACAAMACMMAAAAAMCAAMFMAAMAAAMMFAAAAMAAVA,HLA-B*18:01,0.02,FALSE
MACAAMACMMAAAAAMCAAMFMAAMAAAMMFAAAAMAAVA,HLA-B*27:05,0.02,FALSE
MACAAMACMMAAAAAMCAAMFMAAMAAAMMFAAAAMAAVA,HLA-B*39:01,0.02,TRUE
MACAAMACMMAAAAAMCAAMFMAAMAAAMMFAAAAMAAVA,HLA-B*40:02,0.02,TRUE
MACAAMACMMAAAAAMCAAMFMAAMAAAMMFAAAAMAAVA,HLA-B*58:01,0.02,TRUE
MACAAMACMMAAAAAMCAAMFMAAMAAAMMFAAAAMAAVA,HLA-B*15:01,0.02,TRUE
MACAAMACMMAAAAAMCAAMFMAAMAAAMMFAAAAMAAVA,HLA-DRB3*0101,0.02,FALSE
MACAAMACMMAAAAAMCAAMFMAAMAAAMMFAAAAMAAVA,HLA-DRB3*0202,0.02,TRUE
MACAAMACMMAAAAAMCAAMFMAAMAAAMMFAAAAMAAVA,HLA-DRB4*0101,0.02,TRUE
MACAAMACMMAAAAAMCAAMFMAAMAAAMMFAAAAMAAVA,HLA-DRB5*0101,0.02,TRUE
MACAAMACMMAAAAAMCAAMFMAAMAAAMMFAAAAMAAVA,HLA-DQA1*0501/DQB1*0301,0.02,TRUE
MACAAMACMMAAAAAMCAAMFMAAMAAAMMFAAAAMAAVA,HLA-DQA1*0301/DQB1*0302,0.02,TRUE
MACAAMACMMAAAAAMCAAMFMAAMAAAMMFAAAAMAAVA,HLA-DQA1*0101/DQB1*0501,0.02,TRUE
MACAAMACMMAAAAAMCAAMFMAAMAAAMMFAAAAMAAVA,HLA-DQA1*0102/DQB1*0602,0.02,TRUE
MACAAMACMMAAAAAMCAAMFMAAMAAAMMFAAAAMAAVA,HLA-DPB1*0101,0.02,TRUE
MACAAMACMMAAAAAMCAAMFMAAMAAAMMFAAAAMAAVA,HLA-DPB1*0201,0.02,FALSE
MACAAMACMMAAAAAMCAAMFMAAMAAAMMFAAAAMAAVA,HLA-DPB1*0401,0.02,FALSE
MACAAMACMMAAAAAMCAAMFMAAMAAAMMFAAAAMAAVA,HLA-DPB1*0402,0.02,FALSE
MACAAMACMMAAAAAMCAAMFMAAMAAAMMFAAAAMAAVA,HLA-DPB1*0501,0.02,FALSE
LAMAFCCCMFCAMCFCAAFFAAAAAMGAMMFMAAMCMMAM,HLA-A*01:01,0.02,FALSE
LAMAFCCCMFCAMCFCAAFFAAAAAMGAMMFMAAMCMMAM,HLA-A*02:01,0.02,TRUE
LAMAFCCCMFCAMCFCAAFFAAAAAMGAMMFMAAMCMMAM,HLA-A*03:01,0.02,TRUE
LAMAFCCCMFCAMCFCAAFFAAAAAMGAMMFMAAMCMMAM,HLA-A*24:02,0.02,FALSE
LAMAFCCCMFCAMCFCAAFFAAAAAMGAMMFMAAMCMMAM,HLA-A*26:01,0.02,TRUE
LAMAFCCCMFCAMCFCAAFFAAAAAMGAMMFMAAMCMMAM,HLA-B*07:02,0.02,TRUE
LAMAFCCCMFCAMCFCAAFFAAAAAMGAMMFMAAMCMMAM,HLA-B*08:01,0.02,TRUE
LAMAFCCCMFCAMCFCAAFFAAAAAMGAMMFMAAMCMMAM,HLA-B*18:01,0.02,FALSE
LAMAFCCCMFCAMCFCAAFFAAAAAMGAMMFMAAMCMMAM,HLA-B*27:05,0.02,FALSE
LAMAFCCCMFCAMCFCAAFFAAAAAMGAMMFMAAMCMMAM,HLA-B*39:01,0.02,TRUE
LAMAFCCCMFCAMCFCAAFFAAAAAMGAMMFMAAMCMMAM,HLA-B*40:02,0.02,TRUE
LAMAFCCCMFCAMCFCAAFFAAAAAMGAMMFMAAMCMMAM,HLA-B*58:01,0.02,TRUE
LAMAFCCCMFCAMCFCAAFFAAAAAMGAMMFMAAMCMMAM,HLA-B*15:01,0.02,TRUE
LAMAFCCCMFCAMCFCAAFFAAAAAMGAMMFMAAMCMMAM,HLA-DRB3*0101,0.02,FALSE
LAMAFCCCMFCAMCFCAAFFAAAAAMGAMMFMAAMCMMAM,HLA-DRB3*0202,0.02,FALSE
LAMAFCCCMFCAMCFCAAFFAAAAAMGAMMFMAAMCMMAM,HLA-DRB4*0101,0.02,TRUE
LAMAFCCCMFCAMCFCAAFFAAAAAMGAMMFMAAMCMMAM,HLA-DRB5*0101,0.02,TRUE
LAMAFCCCMFCAMCFCAAFFAAAAAMGAMMFMAAMCMMAM,HLA-DQA1*0501/DQB1*0301,0.02,TRUE
LAMAFCCCMFCAMCFCAAFFAAAAAMGAMMFMAAMCMMAM,HLA-DQA1*0301/DQB1*0302,0.02,TRUE
LAMAFCCCMFCAMCFCAAFFAAAAAMGAMMFMAAMCMMAM,HLA-DQA1*0101/DQB1*0501,0.02,TRUE
LAMAFCCCMFCAMCFCAAFFAAAAAMGAMMFMAAMCMMAM,HLA-DQA1*0102/DQB1*0602,0.02,TRUE
LAMAFCCCMFCAMCFCAAFFAAAAAMGAMMFMAAMCMMAM,HLA-DPB1*0101,0.02,TRUE
LAMAFCCCMFCAMCFCAAFFAAAAAMGAMMFMAAMCMMAM,HLA-DPB1*0201,0.02,TRUE
LAMAFCCCMFCAMCFCAAFFAAAAAMGAMMFMAAMCMMAM,HLA-DPB1*0401,0.02,TRUE
LAMAFCCCMFCAMCFCAAFFAAAAAMGAMMFMAAMCMMAM,HLA-DPB1*0402,0.02,TRUE
LAMAFCCCMFCAMCFCAAFFAAAAAMGAMMFMAAMCMMAM,HLA-DPB1*0501,0.02,TRUE
FMFMFACCFCCCCMACMFCFCMCAAMCCMCCFCMAFAMCM,HLA-A*01:01,0.02,FALSE
FMFMFACCFCCCCMACMFCFCMCAAMCCMCCFCMAFAMCM,HLA-A*02:01,0.02,FALSE
FMFMFACCFCCCCMACMFCFCMCAAMCCMCCFCMAFAMCM,HLA-A*03:01,0.02,TRUE
FMFMFACCFCCCCMACMFCFCMCAAMCCMCCFCMAFAMCM,HLA-A*24:02,0.02,FALSE
FMFMFACCFCCCCMACMFCFCMCAAMCCMCCFCMAFAMCM,HLA-A*26:01,0.02,TRUE
FMFMFACCFCCCCMACMFCFCMCAAMCCMCCFCMAFAMCM,HLA-B*07:02,0.02,FALSE
FMFMFACCFCCCCMACMFCFCMCAAMCCMCCFCMAFAMCM,HLA-B*08:01,0.02,TRUE
FMFMFACCFCCCCMACMFCFCMCAAMCCMCCFCMAFAMCM,HLA-B*18:01,0.02,TRUE
FMFMFACCFCCCCMACMFCFCMCAAMCCMCCFCMAFAMCM,HLA-B*27:05,0.02,FALSE
FMFMFACCFCCCCMACMFCFCMCAAMCCMCCFCMAFAMCM,HLA-B*39:01,0.02,TRUE
FMFMFACCFCCCCMACMFCFCMCAAMCCMCCFCMAFAMCM,HLA-B*40:02,0.02,TRUE
FMFMFACCFCCCCMACMFCFCMCAAMCCMCCFCMAFAMCM,HLA-B*58:01,0.02,TRUE
FMFMFACCFCCCCMACMFCFCMCAAMCCMCCFCMAFAMCM,HLA-B*15:01,0.02,TRUE
FMFMFACCFCCCCMACMFCFCMCAAMCCMCCFCMAFAMCM,HLA-DRB3*0101,0.02,FALSE
FMFMFACCFCCCCMACMFCFCMCAAMCCMCCFCMAFAMCM,HLA-DRB3*0202,0.02,FALSE
FMFMFACCFCCCCMACMFCFCMCAAMCCMCCFCMAFAMCM,HLA-DRB4*0101,0.02,TRUE
FMFMFACCFCCCCMACMFCFCMCAAMCCMCCFCMAFAMCM,HLA-DRB5*0101,0.02,TRUE
FMFMFACCFCCCCMACMFCFCMCAAMCCMCCFCMAFAMCM,HLA-DQA1*0501/DQB1*0301,0.02,FALSE
FMFMFACCFCCCCMACMFCFCMCAAMCCMCCFCMAFAMCM,HLA-DQA1*0301/DQB1*0302,0.02,TRUE
FMFMFACCFCCCCMACMFCFCMCAAMCCMCCFCMAFAMCM,HLA-DQA1*0101/DQB1*0501,0.02,TRUE
FMFMFACCFCCCCMACMFCFCMCAAMCCMCCFCMAFAMCM,HLA-DQA1*0102/DQB1*0602,0.02,TRUE
FMFMFACCFCCCCMACMFCFCMCAAMCCMCCFCMAFAMCM,HLA-DPB1*0101,0.02,TRUE
FMFMFACCFCCCCMACMFCFCMCAAMCCMCCFCMAFAMCM,HLA-DPB1*0201,0.02,TRUE
FMFMFACCFCCCCMACMFCFCMCAAMCCMCCFCMAFAMCM,HLA-DPB1*0401,0.02,TRUE
FMFMFACCFCCCCMACMFCFCMCAAMCCMCCFCMAFAMCM,HLA-DPB1*0402,0.02,TRUE
FMFMFACCFCCCCMACMFCFCMCAAMCCMCCFCMAFAMCM,HLA-DPB1*0501,0.02,TRUE
CCFFCFMFFCFCCFMCIFCFFFFCMVCMFCCCFCFCFMCF,HLA-A*01:01,0.02,TRUE
CCFFCFMFFCFCCFMCIFCFFFFCMVCMFCCCFCFCFMCF,HLA-A*02:01,0.02,FALSE
CCFFCFMFFCFCCFMCIFCFFFFCMVCMFCCCFCFCFMCF,HLA-A*03:01,0.02,TRUE
CCFFCFMFFCFCCFMCIFCFFFFCMVCMFCCCFCFCFMCF,HLA-A*24:02,0.02,FALSE
CCFFCFMFFCFCCFMCIFCFFFFCMVCMFCCCFCFCFMCF,HLA-A*26:01,0.02,TRUE
CCFFCFMFFCFCCFMCIFCFFFFCMVCMFCCCFCFCFMCF,HLA-B*07:02,0.02,FALSE
CCFFCFMFFCFCCFMCIFCFFFFCMVCMFCCCFCFCFMCF,HLA-B*08:01,0.02,TRUE
CCFFCFMFFCFCCFMCIFCFFFFCMVCMFCCCFCFCFMCF,HLA-B*18:01,0.02,TRUE
CCFFCFMFFCFCCFMCIFCFFFFCMVCMFCCCFCFCFMCF,HLA-B*27:05,0.02,TRUE
CCFFCFMFFCFCCFMCIFCFFFFCMVCMFCCCFCFCFMCF,HLA-B*39:01,0.02,FALSE
CCFFCFMFFCFCCFMCIFCFFFFCMVCMFCCCFCFCFMCF,HLA-B*40:02,0.02,TRUE
CCFFCFMFFCFCCFMCIFCFFFFCMVCMFCCCFCFCFMCF,HLA-B*58:01,0.02,FALSE
CCFFCFMFFCFCCFMCIFCFFFFCMVCMFCCCFCFCFMCF,HLA-B*15:01,0.02,FALSE
CCFFCFMFFCFCCFMCIFCFFFFCMVCMFCCCFCFCFMCF,HLA-DRB3*0101,0.02,FALSE
CCFFCFMFFCFCCFMCIFCFFFFCMVCMFCCCFCFCFMCF,HLA-DRB3*0202,0.02,FALSE
CCFFCFMFFCFCCFMCIFCFFFFCMVCMFCCCFCFCFMCF,HLA-DRB4*0101,0.02,FALSE
CCFFCFMFFCFCCFMCIFCFFFFCMVCMFCCCFCFCFMCF,HLA-DRB5*0101,0.02,TRUE
CCFFCFMFFCFCCFMCIFCFFFFCMVCMFCCCFCFCFMCF,HLA-DQA1*0501/DQB1*0301,0.02,TRUE
CCFFCFMFFCFCCFMCIFCFFFFCMVCMFCCCFCFCFMCF,HLA-DQA1*0301/DQB1*0302,0.02,TRUE
CCFFCFMFFCFCCFMCIFCFFFFCMVCMFCCCFCFCFMCF,HLA-DQA1*0101/DQB1*0501,0.02,TRUE
CCFFCFMFFCFCCFMCIFCFFFFCMVCMFCCCFCFCFMCF,HLA-DQA1*0102/DQB1*0602,0.02,TRUE
CCFFCFMFFCFCCFMCIFCFFFFCMVCMFCCCFCFCFMCF,HLA-DPB1*0101,0.02,TRUE
CCFFCFMFFCFCCFMCIFCFFFFCMVCMFCCCFCFCFMCF,HLA-DPB1*0201,0.02,TRUE
CCFFCFMFFCFCCFMCIFCFFFFCMVCMFCCCFCFCFMCF,HLA-DPB1*0401,0.02,FALSE
CCFFCFMFFCFCCFMCIFCFFFFCMVCMFCCCFCFCFMCF,HLA-DPB1*0402,0.02,FALSE
CCFFCFMFFCFCCFMCIFCFFFFCMVCMFCCCFCFCFMCF,HLA-DPB1*0501,0.02,FALSE
CVFMMCLCMCFFVCCFACFFCFLCCFFACCAFFFFFCCFF,HLA-A*01:01,0.02,TRUE
CVFMMCLCMCFFVCCFACFFCFLCCFFACCAFFFFFCCFF,HLA-A*02:01,0.02,TRUE
CVFMMCLCMCFFVCCFACFFCFLCCFFACCAFFFFFCCFF,HLA-A*03:01,0.02,TRUE
CVFMMCLCMCFFVCCFACFFCFLCCFFACCAFFFFFCCFF,HLA-A*24:02,0.02,FALSE
CVFMMCLCMCFFVCCFACFFCFLCCFFACCAFFFFFCCFF,HLA-A*26:01,0.02,TRUE
CVFMMCLCMCFFVCCFACFFCFLCCFFACCAFFFFFCCFF,HLA-B*07:02,0.02,FALSE
CVFMMCLCMCFFVCCFACFFCFLCCFFACCAFFFFFCCFF,HLA-B*08:01,0.02,TRUE
CVFMMCLCMCFFVCCFACFFCFLCCFFACCAFFFFFCCFF,HLA-B*18:01,0.02,TRUE
CVFMMCLCMCFFVCCFACFFCFLCCFFACCAFFFFFCCFF,HLA-B*27:05,0.02,FALSE
CVFMMCLCMCFFVCCFACFFCFLCCFFACCAFFFFFCCFF,HLA-B*39:01,0.02,FALSE
CVFMMCLCMCFFVCCFACFFCFLCCFFACCAFFFFFCCFF,HLA-B*40:02,0.02,TRUE
CVFMMCLCMCFFVCCFACFFCFLCCFFACCAFFFFFCCFF,HLA-B*58:01,0.02,TRUE
CVFMMCLCMCFFVCCFACFFCFLCCFFACCAFFFFFCCFF,HLA-B*15:01,0.02,FALSE
CVFMMCLCMCFFVCCFACFFCFLCCFFACCAFFFFFCCFF,HLA-DRB3*0101,0.02,FALSE
CVFMMCLCMCFFVCCFACFFCFLCCFFACCAFFFFFCCFF,HLA-DRB3*0202,0.02,FALSE
CVFMMCLCMCFFVCCFACFFCFLCCFFACCAFFFFFCCFF,HLA-DRB4*0101,0.02,FALSE
CVFMMCLCMCFFVCCFACFFCFLCCFFACCAFFFFFCCFF,HLA-DRB5*0101,0.02,TRUE
CVFMMCLCMCFFVCCFACFFCFLCCFFACCAFFFFFCCFF,HLA-DQA1*0501/DQB1*0301,0.02,TRUE
CVFMMCLCMCFFVCCFACFFCFLCCFFACCAFFFFFCCFF,HLA-DQA1*0301/DQB1*0302,0.02,TRUE
CVFMMCLCMCFFVCCFACFFCFLCCFFACCAFFFFFCCFF,HLA-DQA1*0101/DQB1*0501,0.02,TRUE
CVFMMCLCMCFFVCCFACFFCFLCCFFACCAFFFFFCCFF,HLA-DQA1*0102/DQB1*0602,0.02,TRUE
CVFMMCLCMCFFVCCFACFFCFLCCFFACCAFFFFFCCFF,HLA-DPB1*0101,0.02,TRUE
CVFMMCLCMCFFVCCFACFFCFLCCFFACCAFFFFFCCFF,HLA-DPB1*0201,0.02,TRUE
CVFMMCLCMCFFVCCFACFFCFLCCFFACCAFFFFFCCFF,HLA-DPB1*0401,0.02,TRUE
CVFMMCLCMCFFVCCFACFFCFLCCFFACCAFFFFFCCFF,HLA-DPB1*0402,0.02,TRUE
CVFMMCLCMCFFVCCFACFFCFLCCFFACCAFFFFFCCFF,HLA-DPB1*0501,0.02,TRUE
CLMFLFAFFVLLFMAFLMIVLVFFCLFLVFCIFLAFCIVF,HLA-A*01:01,0.02,TRUE
CLMFLFAFFVLLFMAFLMIVLVFFCLFLVFCIFLAFCIVF,HLA-A*02:01,0.02,TRUE
CLMFLFAFFVLLFMAFLMIVLVFFCLFLVFCIFLAFCIVF,HLA-A*03:01,0.02,TRUE
CLMFLFAFFVLLFMAFLMIVLVFFCLFLVFCIFLAFCIVF,HLA-A*24:02,0.02,TRUE
CLMFLFAFFVLLFMAFLMIVLVFFCLFLVFCIFLAFCIVF,HLA-A*26:01,0.02,TRUE
CLMFLFAFFVLLFMAFLMIVLVFFCLFLVFCIFLAFCIVF,HLA-B*07:02,0.02,TRUE
CLMFLFAFFVLLFMAFLMIVLVFFCLFLVFCIFLAFCIVF,HLA-B*08:01,0.02,TRUE
CLMFLFAFFVLLFMAFLMIVLVFFCLFLVFCIFLAFCIVF,HLA-B*18:01,0.02,FALSE
CLMFLFAFFVLLFMAFLMIVLVFFCLFLVFCIFLAFCIVF,HLA-B*27:05,0.02,FALSE
CLMFLFAFFVLLFMAFLMIVLVFFCLFLVFCIFLAFCIVF,HLA-B*39:01,0.02,TRUE
CLMFLFAFFVLLFMAFLMIVLVFFCLFLVFCIFLAFCIVF,HLA-B*40:02,0.02,TRUE
CLMFLFAFFVLLFMAFLMIVLVFFCLFLVFCIFLAFCIVF,HLA-B*58:01,0.02,TRUE
CLMFLFAFFVLLFMAFLMIVLVFFCLFLVFCIFLAFCIVF,HLA-B*15:01,0.02,FALSE
CLMFLFAFFVLLFMAFLMIVLVFFCLFLVFCIFLAFCIVF,HLA-DRB3*0101,0.02,FALSE
CLMFLFAFFVLLFMAFLMIVLVFFCLFLVFCIFLAFCIVF,HLA-DRB3*0202,0.02,FALSE
CLMFLFAFFVLLFMAFLMIVLVFFCLFLVFCIFLAFCIVF,HLA-DRB4*0101,0.02,FALSE
CLMFLFAFFVLLFMAFLMIVLVFFCLFLVFCIFLAFCIVF,HLA-DRB5*0101,0.02,TRUE
CLMFLFAFFVLLFMAFLMIVLVFFCLFLVFCIFLAFCIVF,HLA-DQA1*0501/DQB1*0301,0.02,TRUE
CLMFLFAFFVLLFMAFLMIVLVFFCLFLVFCIFLAFCIVF,HLA-DQA1*0301/DQB1*0302,0.02,TRUE
CLMFLFAFFVLLFMAFLMIVLVFFCLFLVFCIFLAFCIVF,HLA-DQA1*0101/DQB1*0501,0.02,TRUE
CLMFLFAFFVLLFMAFLMIVLVFFCLFLVFCIFLAFCIVF,HLA-DQA1*0102/DQB1*0602,0.02,TRUE
CLMFLFAFFVLLFMAFLMIVLVFFCLFLVFCIFLAFCIVF,HLA-DPB1*0101,0.02,TRUE
CLMFLFAFFVLLFMAFLMIVLVFFCLFLVFCIFLAFCIVF,HLA-DPB1*0201,0.02,TRUE
CLMFLFAFFVLLFMAFLMIVLVFFCLFLVFCIFLAFCIVF,HLA-DPB1*0401,0.02,TRUE
CLMFLFAFFVLLFMAFLMIVLVFFCLFLVFCIFLAFCIVF,HLA-DPB1*0402,0.02,FALSE
CLMFLFAFFVLLFMAFLMIVLVFFCLFLVFCIFLAFCIVF,HLA-DPB1*0501,0.02,FALSE
ILLLFFFAVFLIFLFLCFCLLMFFFFCLALCIVVFCFFCC,HLA-A*01:01,0.02,TRUE
ILLLFFFAVFLIFLFLCFCLLMFFFFCLALCIVVFCFFCC,HLA-A*02:01,0.02,TRUE
ILLLFFFAVFLIFLFLCFCLLMFFFFCLALCIVVFCFFCC,HLA-A*03:01,0.02,TRUE
ILLLFFFAVFLIFLFLCFCLLMFFFFCLALCIVVFCFFCC,HLA-A*24:02,0.02,TRUE
ILLLFFFAVFLIFLFLCFCLLMFFFFCLALCIVVFCFFCC,HLA-A*26:01,0.02,TRUE
ILLLFFFAVFLIFLFLCFCLLMFFFFCLALCIVVFCFFCC,HLA-B*07:02,0.02,FALSE
ILLLFFFAVFLIFLFLCFCLLMFFFFCLALCIVVFCFFCC,HLA-B*08:01,0.02,TRUE
ILLLFFFAVFLIFLFLCFCLLMFFFFCLALCIVVFCFFCC,HLA-B*18:01,0.02,FALSE
ILLLFFFAVFLIFLFLCFCLLMFFFFCLALCIVVFCFFCC,HLA-B*27:05,0.02,FALSE
ILLLFFFAVFLIFLFLCFCLLMFFFFCLALCIVVFCFFCC,HLA-B*39:01,0.02,TRUE
ILLLFFFAVFLIFLFLCFCLLMFFFFCLALCIVVFCFFCC,HLA-B*40:02,0.02,TRUE
ILLLFFFAVFLIFLFLCFCLLMFFFFCLALCIVVFCFFCC,HLA-B*58:01,0.02,FALSE
ILLLFFFAVFLIFLFLCFCLLMFFFFCLALCIVVFCFFCC,HLA-B*15:01,0.02,FALSE
ILLLFFFAVFLIFLFLCFCLLMFFFFCLALCIVVFCFFCC,HLA-DRB3*0101,0.02,FALSE
ILLLFFFAVFLIFLFLCFCLLMFFFFCLALCIVVFCFFCC,HLA-DRB3*0202,0.02,FALSE
ILLLFFFAVFLIFLFLCFCLLMFFFFCLALCIVVFCFFCC,HLA-DRB4*0101,0.02,TRUE
ILLLFFFAVFLIFLFLCFCLLMFFFFCLALCIVVFCFFCC,HLA-DRB5*0101,0.02,TRUE
ILLLFFFAVFLIFLFLCFCLLMFFFFCLALCIVVFCFFCC,HLA-DQA1*0501/DQB1*0301,0.02,TRUE
ILLLFFFAVFLIFLFLCFCLLMFFFFCLALCIVVFCFFCC,HLA-DQA1*0301/DQB1*0302,0.02,TRUE
ILLLFFFAVFLIFLFLCFCLLMFFFFCLALCIVVFCFFCC,HLA-DQA1*0101/DQB1*0501,0.02,TRUE
ILLLFFFAVFLIFLFLCFCLLMFFFFCLALCIVVFCFFCC,HLA-DQA1*0102/DQB1*0602,0.02,TRUE
ILLLFFFAVFLIFLFLCFCLLMFFFFCLALCIVVFCFFCC,HLA-DPB1*0101,0.02,TRUE
ILLLFFFAVFLIFLFLCFCLLMFFFFCLALCIVVFCFFCC,HLA-DPB1*0201,0.02,TRUE
ILLLFFFAVFLIFLFLCFCLLMFFFFCLALCIVVFCFFCC,HLA-DPB1*0401,0.02,TRUE
ILLLFFFAVFLIFLFLCFCLLMFFFFCLALCIVVFCFFCC,HLA-DPB1*0402,0.02,TRUE
ILLLFFFAVFLIFLFLCFCLLMFFFFCLALCIVVFCFFCC,HLA-DPB1*0501,0.02,TRUE
ILLLLLVLLLLLLLMFLLLLVLLLVLLVFVLLLVVLVIAL,HLA-A*01:01,0.02,FALSE
ILLLLLVLLLLLLLMFLLLLVLLLVLLVFVLLLVVLVIAL,HLA-A*02:01,0.02,TRUE
ILLLLLVLLLLLLLMFLLLLVLLLVLLVFVLLLVVLVIAL,HLA-A*03:01,0.02,TRUE
ILLLLLVLLLLLLLMFLLLLVLLLVLLVFVLLLVVLVIAL,HLA-A*24:02,0.02,TRUE
ILLLLLVLLLLLLLMFLLLLVLLLVLLVFVLLLVVLVIAL,HLA-A*26:01,0.02,TRUE
ILLLLLVLLLLLLLMFLLLLVLLLVLLVFVLLLVVLVIAL,HLA-B*07:02,0.02,FALSE
ILLLLLVLLLLLLLMFLLLLVLLLVLLVFVLLLVVLVIAL,HLA-B*08:01,0.02,TRUE
ILLLLLVLLLLLLLMFLLLLVLLLVLLVFVLLLVVLVIAL,HLA-B*18:01,0.02,FALSE
ILLLLLVLLLLLLLMFLLLLVLLLVLLVFVLLLVVLVIAL,HLA-B*27:05,0.02,FALSE
ILLLLLVLLLLLLLMFLLLLVLLLVLLVFVLLLVVLVIAL,HLA-B*39:01,0.02,TRUE
ILLLLLVLLLLLLLMFLLLLVLLLVLLVFVLLLVVLVIAL,HLA-B*40:02,0.02,TRUE
ILLLLLVLLLLLLLMFLLLLVLLLVLLVFVLLLVVLVIAL,HLA-B*58:01,0.02,FALSE
ILLLLLVLLLLLLLMFLLLLVLLLVLLVFVLLLVVLVIAL,HLA-B*15:01,0.02,FALSE
ILLLLLVLLLLLLLMFLLLLVLLLVLLVFVLLLVVLVIAL,HLA-DRB3*0101,0.02,FALSE
ILLLLLVLLLLLLLMFLLLLVLLLVLLVFVLLLVVLVIAL,HLA-DRB3*0202,0.02,FALSE
ILLLLLVLLLLLLLMFLLLLVLLLVLLVFVLLLVVLVIAL,HLA-DRB4*0101,0.02,FALSE
ILLLLLVLLLLLLLMFLLLLVLLLVLLVFVLLLVVLVIAL,HLA-DRB5*0101,0.02,FALSE
ILLLLLVLLLLLLLMFLLLLVLLLVLLVFVLLLVVLVIAL,HLA-DQA1*0501/DQB1*0301,0.02,TRUE
ILLLLLVLLLLLLLMFLLLLVLLLVLLVFVLLLVVLVIAL,HLA-DQA1*0301/DQB1*0302,0.02,TRUE
ILLLLLVLLLLLLLMFLLLLVLLLVLLVFVLLLVVLVIAL,HLA-DQA1*0101/DQB1*0501,0.02,TRUE
ILLLLLVLLLLLLLMFLLLLVLLLVLLVFVLLLVVLVIAL,HLA-DQA1*0102/DQB1*0602,0.02,FALSE
ILLLLLVLLLLLLLMFLLLLVLLLVLLVFVLLLVVLVIAL,HLA-DPB1*0101,0.02,TRUE
ILLLLLVLLLLLLLMFLLLLVLLLVLLVFVLLLVVLVIAL,HLA-DPB1*0201,0.02,TRUE
ILLLLLVLLLLLLLMFLLLLVLLLVLLVFVLLLVVLVIAL,HLA-DPB1*0401,0.02,TRUE
ILLLLLVLLLLLLLMFLLLLVLLLVLLVFVLLLVVLVIAL,HLA-DPB1*0402,0.02,FALSE
ILLLLLVLLLLLLLMFLLLLVLLLVLLVFVLLLVVLVIAL,HLA-DPB1*0501,0.02,TRUE
ILLVLLLVILLLLLVLLCLLVVILIVFLIILLLVCVLVVL,HLA-A*01:01,0.02,TRUE
ILLVLLLVILLLLLVLLCLLVVILIVFLIILLLVCVLVVL,HLA-A*02:01,0.02,TRUE
ILLVLLLVILLLLLVLLCLLVVILIVFLIILLLVCVLVVL,HLA-A*03:01,0.02,TRUE
ILLVLLLVILLLLLVLLCLLVVILIVFLIILLLVCVLVVL,HLA-A*24:02,0.02,TRUE
ILLVLLLVILLLLLVLLCLLVVILIVFLIILLLVCVLVVL,HLA-A*26:01,0.02,TRUE
ILLVLLLVILLLLLVLLCLLVVILIVFLIILLLVCVLVVL,HLA-B*07:02,0.02,FALSE
ILLVLLLVILLLLLVLLCLLVVILIVFLIILLLVCVLVVL,HLA-B*08:01,0.02,TRUE
ILLVLLLVILLLLLVLLCLLVVILIVFLIILLLVCVLVVL,HLA-B*18:01,0.02,FALSE
ILLVLLLVILLLLLVLLCLLVVILIVFLIILLLVCVLVVL,HLA-B*27:05,0.02,FALSE
ILLVLLLVILLLLLVLLCLLVVILIVFLIILLLVCVLVVL,HLA-B*39:01,0.02,FALSE
ILLVLLLVILLLLLVLLCLLVVILIVFLIILLLVCVLVVL,HLA-B*40:02,0.02,FALSE
ILLVLLLVILLLLLVLLCLLVVILIVFLIILLLVCVLVVL,HLA-B*58:01,0.02,FALSE
ILLVLLLVILLLLLVLLCLLVVILIVFLIILLLVCVLVVL,HLA-B*15:01,0.02,FALSE
ILLVLLLVILLLLLVLLCLLVVILIVFLIILLLVCVLVVL,HLA-DRB3*0101,0.02,FALSE
ILLVLLLVILLLLLVLLCLLVVILIVFLIILLLVCVLVVL,HLA-DRB3*0202,0.02,FALSE
ILLVLLLVILLLLLVLLCLLVVILIVFLIILLLVCVLVVL,HLA-DRB4*0101,0.02,TRUE
ILLVLLLVILLLLLVLLCLLVVILIVFLIILLLVCVLVVL,HLA-DRB5*0101,0.02,FALSE
ILLVLLLVILLLLLVLLCLLVVILIVFLIILLLVCVLVVL,HLA-DQA1*0501/DQB1*0301,0.02,TRUE
ILLVLLLVILLLLLVLLCLLVVILIVFLIILLLVCVLVVL,HLA-DQA1*0301/DQB1*0302,0.02,TRUE
ILLVLLLVILLLLLVLLCLLVVILIVFLIILLLVCVLVVL,HLA-DQA1*0101/DQB1*0501,0.02,TRUE
ILLVLLLVILLLLLVLLCLLVVILIVFLIILLLVCVLVVL,HLA-DQA1*0102/DQB1*0602,0.02,TRUE
ILLVLLLVILLLLLVLLCLLVVILIVFLIILLLVCVLVVL,HLA-DPB1*0101,0.02,TRUE
ILLVLLLVILLLLLVLLCLLVVILIVFLIILLLVCVLVVL,HLA-DPB1*0201,0.02,TRUE
ILLVLLLVILLLLLVLLCLLVVILIVFLIILLLVCVLVVL,HLA-DPB1*0401,0.02,TRUE
ILLVLLLVILLLLLVLLCLLVVILIVFLIILLLVCVLVVL,HLA-DPB1*0402,0.02,TRUE
ILLVLLLVILLLLLVLLCLLVVILIVFLIILLLVCVLVVL,HLA-DPB1*0501,0.02,TRUE
IVVVILLFFIVIVFLVLVVIVLIFVVVIVVVVIVVVVVLI,HLA-A*01:01,0.02,FALSE
IVVVILLFFIVIVFLVLVVIVLIFVVVIVVVVIVVVVVLI,HLA-A*02:01,0.02,TRUE
IVVVILLFFIVIVFLVLVVIVLIFVVVIVVVVIVVVVVLI,HLA-A*03:01,0.02,TRUE
IVVVILLFFIVIVFLVLVVIVLIFVVVIVVVVIVVVVVLI,HLA-A*24:02,0.02,TRUE
IVVVILLFFIVIVFLVLVVIVLIFVVVIVVVVIVVVVVLI,HLA-A*26:01,0.02,TRUE
IVVVILLFFIVIVFLVLVVIVLIFVVVIVVVVIVVVVVLI,HLA-B*07:02,0.02,FALSE
IVVVILLFFIVIVFLVLVVIVLIFVVVIVVVVIVVVVVLI,HLA-B*08:01,0.02,TRUE
IVVVILLFFIVIVFLVLVVIVLIFVVVIVVVVIVVVVVLI,HLA-B*18:01,0.02,FALSE
IVVVILLFFIVIVFLVLVVIVLIFVVVIVVVVIVVVVVLI,HLA-B*27:05,0.02,FALSE
IVVVILLFFIVIVFLVLVVIVLIFVVVIVVVVIVVVVVLI,HLA-B*39:01,0.02,TRUE
IVVVILLFFIVIVFLVLVVIVLIFVVVIVVVVIVVVVVLI,HLA-B*40:02,0.02,FALSE
IVVVILLFFIVIVFLVLVVIVLIFVVVIVVVVIVVVVVLI,HLA-B*58:01,0.02,FALSE
IVVVILLFFIVIVFLVLVVIVLIFVVVIVVVVIVVVVVLI,HLA-B*15:01,0.02,FALSE
IVVVILLFFIVIVFLVLVVIVLIFVVVIVVVVIVVVVVLI,HLA-DRB3*0101,0.02,FALSE
IVVVILLFFIVIVFLVLVVIVLIFVVVIVVVVIVVVVVLI,HLA-DRB3*0202,0.02,FALSE
IVVVILLFFIVIVFLVLVVIVLIFVVVIVVVVIVVVVVLI,HLA-DRB4*0101,0.02,FALSE
IVVVILLFFIVIVFLVLVVIVLIFVVVIVVVVIVVVVVLI,HLA-DRB5*0101,0.02,FALSE
IVVVILLFFIVIVFLVLVVIVLIFVVVIVVVVIVVVVVLI,HLA-DQA1*0501/DQB1*0301,0.02,TRUE
IVVVILLFFIVIVFLVLVVIVLIFVVVIVVVVIVVVVVLI,HLA-DQA1*0301/DQB1*0302,0.02,TRUE
IVVVILLFFIVIVFLVLVVIVLIFVVVIVVVVIVVVVVLI,HLA-DQA1*0101/DQB1*0501,0.02,TRUE
IVVVILLFFIVIVFLVLVVIVLIFVVVIVVVVIVVVVVLI,HLA-DQA1*0102/DQB1*0602,0.02,FALSE
IVVVILLFFIVIVFLVLVVIVLIFVVVIVVVVIVVVVVLI,HLA-DPB1*0101,0.02,TRUE
IVVVILLFFIVIVFLVLVVIVLIFVVVIVVVVIVVVVVLI,HLA-DPB1*0201,0.02,TRUE
IVVVILLFFIVIVFLVLVVIVLIFVVVIVVVVIVVVVVLI,HLA-DPB1*0401,0.02,TRUE
IVVVILLFFIVIVFLVLVVIVLIFVVVIVVVVIVVVVVLI,HLA-DPB1*0402,0.02,FALSE
IVVVILLFFIVIVFLVLVVIVLIFVVVIVVVVIVVVVVLI,HLA-DPB1*0501,0.02,TRUE
LVLVIIIVLVVIVIIVLLVILVILVIIVVLVIVVLLIVCV,HLA-A*01:01,0.02,FALSE
LVLVIIIVLVVIVIIVLLVILVILVIIVVLVIVVLLIVCV,HLA-A*02:01,0.02,TRUE
LVLVIIIVLVVIVIIVLLVILVILVIIVVLVIVVLLIVCV,HLA-A*03:01,0.02,TRUE
LVLVIIIVLVVIVIIVLLVILVILVIIVVLVIVVLLIVCV,HLA-A*24:02,0.02,FALSE
LVLVIIIVLVVIVIIVLLVILVILVIIVVLVIVVLLIVCV,HLA-A*26:01,0.02,TRUE
LVLVIIIVLVVIVIIVLLVILVILVIIVVLVIVVLLIVCV,HLA-B*07:02,0.02,FALSE
LVLVIIIVLVVIVIIVLLVILVILVIIVVLVIVVLLIVCV,HLA-B*08:01,0.02,TRUE
LVLVIIIVLVVIVIIVLLVILVILVIIVVLVIVVLLIVCV,HLA-B*18:01,0.02,FALSE
LVLVIIIVLVVIVIIVLLVILVILVIIVVLVIVVLLIVCV,HLA-B*27:05,0.02,FALSE
LVLVIIIVLVVIVIIVLLVILVILVIIVVLVIVVLLIVCV,HLA-B*39:01,0.02,TRUE
LVLVIIIVLVVIVIIVLLVILVILVIIVVLVIVVLLIVCV,HLA-B*40:02,0.02,FALSE
LVLVIIIVLVVIVIIVLLVILVILVIIVVLVIVVLLIVCV,HLA-B*58:01,0.02,FALSE
LVLVIIIVLVVIVIIVLLVILVILVIIVVLVIVVLLIVCV,HLA-B*15:01,0.02,FALSE
LVLVIIIVLVVIVIIVLLVILVILVIIVVLVIVVLLIVCV,HLA-DRB3*0101,0.02,FALSE
LVLVIIIVLVVIVIIVLLVILVILVIIVVLVIVVLLIVCV,HLA-DRB3*0202,0.02,FALSE
LVLVIIIVLVVIVIIVLLVILVILVIIVVLVIVVLLIVCV,HLA-DRB4*0101,0.02,FALSE
LVLVIIIVLVVIVIIVLLVILVILVIIVVLVIVVLLIVCV,HLA-DRB5*0101,0.02,FALSE
LVLVIIIVLVVIVIIVLLVILVILVIIVVLVIVVLLIVCV,HLA-DQA1*0501/DQB1*0301,0.02,TRUE
LVLVIIIVLVVIVIIVLLVILVILVIIVVLVIVVLLIVCV,HLA-DQA1*0301/DQB1*0302,0.02,TRUE
LVLVIIIVLVVIVIIVLLVILVILVIIVVLVIVVLLIVCV,HLA-DQA1*0101/DQB1*0501,0.02,TRUE
LVLVIIIVLVVIVIIVLLVILVILVIIVVLVIVVLLIVCV,HLA-DQA1*0102/DQB1*0602,0.02,FALSE
LVLVIIIVLVVIVIIVLLVILVILVIIVVLVIVVLLIVCV,HLA-DPB1*0101,0.02,TRUE
LVLVIIIVLVVIVIIVLLVILVILVIIVVLVIVVLLIVCV,HLA-DPB1*0201,0.02,TRUE
LVLVIIIVLVVIVIIVLLVILVILVIIVVLVIVVLLIVCV,HLA-DPB1*0401,0.02,TRUE
LVLVIIIVLVVIVIIVLLVILVILVIIVVLVIVVLLIVCV,HLA-DPB1*0402,0.02,FALSE
LVLVIIIVLVVIVIIVLLVILVILVIIVVLVIVVLLIVCV,HLA-DPB1*0501,0.02,FALSE
