gene	position	events
E	5	2
E	6	1
E	7	1
E	8	1
E	9	1
E	18	1
E	19	4
E	20	1
E	21	3
E	30	1
E	32	3
E	33	1
E	34	1
E	35	1
E	36	2
E	37	3
E	38	4
E	39	1
E	40	1
E	41	3
E	42	1
E	43	1
E	44	2
E	47	1
E	55	3
E	58	1
E	61	1
E	62	1
E	68	5
E	71	3
E	73	5
M	2	6
M	3	10
M	4	2
M	7	1
M	10	1
M	13	1
M	15	1
M	16	1
M	17	1
M	24	1
M	29	1
M	34	1
M	38	1
M	40	1
M	48	2
M	52	1
M	53	1
M	54	1
M	60	1
M	64	3
M	68	1
M	69	1
M	70	6
M	75	1
M	76	1
M	83	2
M	85	1
M	86	1
M	87	1
M	88	1
M	89	1
M	90	2
M	91	1
M	92	1
M	93	1
M	94	2
M	95	1
M	96	1
M	97	1
M	98	1
M	99	1
M	100	1
M	101	1
M	102	1
M	104	1
M	107	1
M	109	3
M	112	1
M	125	2
M	129	1
M	132	1
M	138	1
M	142	1
M	146	1
M	154	1
M	155	1
M	162	2
M	175	5
M	191	1
M	193	1
M	194	1
M	195	1
M	207	1
M	209	6
M	212	1
M	214	1
M	217	1
N	3	1
N	6	5
N	7	2
N	9	5
N	12	2
N	13	7
N	14	1
N	16	4
N	18	1
N	19	1
N	20	2
N	21	1
N	22	1
N	23	1
N	24	4
N	25	3
N	26	1
N	28	3
N	30	2
N	32	3
N	33	1
N	34	8
N	35	3
N	36	2
N	37	1
N	39	1
N	40	6
N	41	4
N	48	2
N	55	1
N	59	1
N	62	1
N	63	1
N	65	2
N	67	3
N	70	1
N	72	2
N	76	1
N	79	1
N	80	2
N	81	1
N	83	1
N	90	1
N	95	1
N	101	3
N	103	6
N	119	4
N	122	2
N	125	1
N	128	2
N	134	3
N	135	2
N	138	1
N	139	4
N	141	4
N	142	2
N	144	4
N	145	3
N	147	1
N	148	1
N	151	2
N	152	3
N	155	1
N	156	1
N	160	2
N	166	1
N	167	2
N	168	1
N	180	10
N	182	2
N	183	3
N	184	1
N	185	5
N	186	4
N	187	4
N	188	4
N	190	6
N	191	1
N	193	6
N	194	14
N	195	5
N	196	2
N	197	3
N	199	8
N	201	2
N	202	5
N	203	11
N	204	9
N	205	14
N	206	4
N	207	7
N	208	3
N	209	13
N	210	4
N	211	4
N	212	2
N	213	2
N	215	2
N	216	1
N	217	2
N	220	2
N	226	1
N	229	1
N	232	2
N	234	5
N	235	2
N	236	1
N	238	1
N	242	1
N	243	3
N	246	1
N	250	1
N	251	3
N	258	1
N	263	1
N	265	2
N	270	3
N	271	1
N	279	1
N	283	1
N	289	4
N	292	2
N	296	2
N	297	3
N	300	2
N	304	2
N	306	1
N	309	2
N	310	1
N	311	1
N	313	1
N	316	2
N	317	1
N	322	2
N	324	1
N	325	2
N	326	1
N	327	2
N	329	1
N	331	1
N	332	1
N	334	4
N	336	1
N	338	1
N	340	1
N	344	2
N	345	1
N	347	1
N	348	4
N	359	1
N	362	2
N	363	1
N	364	2
N	365	3
N	366	1
N	367	4
N	368	4
N	369	1
N	370	4
N	371	1
N	373	1
N	376	2
N	377	11
N	378	2
N	379	3
N	381	1
N	383	5
N	384	2
N	385	3
N	386	1
N	387	2
N	389	1
N	393	3
N	396	2
N	398	4
N	399	1
N	401	2
N	402	6
N	409	1
N	410	2
N	412	1
N	413	2
N	414	2
N	415	1
N	418	1
ORF10	1	2
ORF10	4	5
ORF10	5	1
ORF10	9	1
ORF10	10	3
ORF10	13	1
ORF10	14	1
ORF10	17	1
ORF10	19	1
ORF10	20	1
ORF10	23	1
ORF10	24	3
ORF10	28	4
ORF10	29	4
ORF10	30	5
ORF10	31	3
ORF10	35	2
ORF10	36	1
ORF10	37	3
ORF10	38	1
ORF14	1	1
ORF14	2	1
ORF14	4	4
ORF14	5	2
ORF14	6	2
ORF14	7	1
ORF14	9	2
ORF14	11	2
ORF14	13	1
ORF14	14	2
ORF14	20	3
ORF14	22	1
ORF14	26	1
ORF14	27	7
ORF14	28	2
ORF14	30	3
ORF14	33	4
ORF14	34	4
ORF14	37	7
ORF14	38	3
ORF14	39	7
ORF14	40	7
ORF14	41	15
ORF14	42	5
ORF14	43	4
ORF14	44	3
ORF14	45	1
ORF14	46	5
ORF14	48	1
ORF14	49	7
ORF14	50	12
ORF14	51	4
ORF14	52	16
ORF14	53	4
ORF14	54	4
ORF14	55	4
ORF14	56	13
ORF14	57	6
ORF14	59	2
ORF14	60	2
ORF14	61	1
ORF14	62	3
ORF14	63	1
ORF14	67	2
ORF14	69	1
ORF14	72	1
ORF14	73	2
ORF1a	1	1
ORF1a	2	1
ORF1a	3	2
ORF1a	4	1
ORF1a	5	1
ORF1a	6	1
ORF1a	7	2
ORF1a	8	1
ORF1a	9	1
ORF1a	10	1
ORF1a	11	1
ORF1a	12	1
ORF1a	13	1
ORF1a	14	1
ORF1a	15	1
ORF1a	16	2
ORF1a	17	2
ORF1a	18	1
ORF1a	19	2
ORF1a	20	1
ORF1a	24	5
ORF1a	26	2
ORF1a	27	2
ORF1a	32	1
ORF1a	33	2
ORF1a	34	2
ORF1a	35	1
ORF1a	36	1
ORF1a	37	3
ORF1a	38	1
ORF1a	39	1
ORF1a	45	5
ORF1a	46	1
ORF1a	47	1
ORF1a	48	1
ORF1a	50	1
ORF1a	52	1
ORF1a	54	2
ORF1a	57	1
ORF1a	60	1
ORF1a	62	2
ORF1a	64	1
ORF1a	69	1
ORF1a	71	1
ORF1a	74	1
ORF1a	75	4
ORF1a	78	1
ORF1a	79	3
ORF1a	80	4
ORF1a	81	3
ORF1a	82	8
ORF1a	83	9
ORF1a	84	13
ORF1a	85	17
ORF1a	86	3
ORF1a	87	4
ORF1a	88	3
ORF1a	89	4
ORF1a	92	1
ORF1a	94	1
ORF1a	102	1
ORF1a	105	1
ORF1a	106	2
ORF1a	110	3
ORF1a	112	2
ORF1a	114	1
ORF1a	116	1
ORF1a	117	2
ORF1a	118	1
ORF1a	119	1
ORF1a	121	1
ORF1a	122	1
ORF1a	124	4
ORF1a	126	1
ORF1a	128	1
ORF1a	131	1
ORF1a	133	1
ORF1a	137	1
ORF1a	138	2
ORF1a	139	1
ORF1a	141	13
ORF1a	142	13
ORF1a	143	13
ORF1a	144	1
ORF1a	147	2
ORF1a	150	2
ORF1a	156	1
ORF1a	157	1
ORF1a	161	1
ORF1a	166	3
ORF1a	173	1
ORF1a	181	1
ORF1a	182	2
ORF1a	183	1
ORF1a	184	1
ORF1a	189	1
ORF1a	190	1
ORF1a	191	1
ORF1a	192	1
ORF1a	193	2
ORF1a	196	1
ORF1a	197	1
ORF1a	199	1
ORF1a	203	1
ORF1a	206	4
ORF1a	207	5
ORF1a	211	1
ORF1a	212	3
ORF1a	217	1
ORF1a	218	1
ORF1a	219	1
ORF1a	224	2
ORF1a	231	1
ORF1a	239	1
ORF1a	246	1
ORF1a	250	1
ORF1a	255	1
ORF1a	265	10
ORF1a	268	1
ORF1a	271	1
ORF1a	273	1
ORF1a	274	1
ORF1a	279	1
ORF1a	281	1
ORF1a	287	2
ORF1a	290	4
ORF1a	292	1
ORF1a	293	2
ORF1a	295	2
ORF1a	298	1
ORF1a	300	11
ORF1a	302	3
ORF1a	305	2
ORF1a	306	1
ORF1a	307	1
ORF1a	309	9
ORF1a	313	1
ORF1a	315	2
ORF1a	316	2
ORF1a	318	6
ORF1a	320	2
ORF1a	321	3
ORF1a	322	1
ORF1a	324	1
ORF1a	326	1
ORF1a	327	1
ORF1a	333	3
ORF1a	334	1
ORF1a	335	2
ORF1a	339	1
ORF1a	342	1
ORF1a	346	3
ORF1a	347	2
ORF1a	348	1
ORF1a	350	1
ORF1a	352	2
ORF1a	357	2
ORF1a	359	1
ORF1a	362	1
ORF1a	364	1
ORF1a	365	1
ORF1a	366	1
ORF1a	368	1
ORF1a	372	4
ORF1a	374	2
ORF1a	376	3
ORF1a	378	1
ORF1a	379	3
ORF1a	380	1
ORF1a	384	3
ORF1a	385	1
ORF1a	388	5
ORF1a	389	1
ORF1a	391	2
ORF1a	392	3
ORF1a	398	4
ORF1a	399	1
ORF1a	400	1
ORF1a	402	3
ORF1a	403	6
ORF1a	404	1
ORF1a	408	1
ORF1a	412	1
ORF1a	417	1
ORF1a	426	1
ORF1a	427	1
ORF1a	428	3
ORF1a	429	1
ORF1a	431	2
ORF1a	433	1
ORF1a	435	1
ORF1a	436	1
ORF1a	437	1
ORF1a	440	1
ORF1a	442	3
ORF1a	443	4
ORF1a	444	1
ORF1a	445	4
ORF1a	446	2
ORF1a	449	1
ORF1a	450	1
ORF1a	453	2
ORF1a	454	2
ORF1a	458	1
ORF1a	461	1
ORF1a	466	1
ORF1a	472	1
ORF1a	476	1
ORF1a	479	1
ORF1a	482	2
ORF1a	485	1
ORF1a	486	2
ORF1a	488	1
ORF1a	489	4
ORF1a	491	1
ORF1a	492	1
ORF1a	493	1
ORF1a	498	7
ORF1a	499	1
ORF1a	500	1
ORF1a	505	1
ORF1a	510	1
ORF1a	519	4
ORF1a	520	1
ORF1a	522	1
ORF1a	524	1
ORF1a	526	1
ORF1a	527	1
ORF1a	535	1
ORF1a	536	1
ORF1a	537	1
ORF1a	538	3
ORF1a	539	1
ORF1a	540	2
ORF1a	544	1
ORF1a	547	1
ORF1a	548	1
ORF1a	550	2
ORF1a	554	1
ORF1a	558	2
ORF1a	560	3
ORF1a	561	1
ORF1a	564	2
ORF1a	568	4
ORF1a	579	1
ORF1a	580	1
ORF1a	582	1
ORF1a	584	1
ORF1a	585	1
ORF1a	587	1
ORF1a	590	3
ORF1a	592	3
ORF1a	596	1
ORF1a	598	1
ORF1a	599	2
ORF1a	604	1
ORF1a	607	2
ORF1a	609	4
ORF1a	610	2
ORF1a	611	1
ORF1a	614	3
ORF1a	615	1
ORF1a	617	1
ORF1a	618	1
ORF1a	624	1
ORF1a	626	2
ORF1a	627	2
ORF1a	628	2
ORF1a	629	1
ORF1a	630	1
ORF1a	632	1
ORF1a	642	3
ORF1a	645	1
ORF1a	647	1
ORF1a	649	1
ORF1a	653	1
ORF1a	655	1
ORF1a	657	3
ORF1a	658	1
ORF1a	661	1
ORF1a	666	1
ORF1a	667	2
ORF1a	668	3
ORF1a	669	1
ORF1a	670	3
ORF1a	671	4
ORF1a	672	1
ORF1a	673	2
ORF1a	676	3
ORF1a	680	1
ORF1a	681	3
ORF1a	682	2
ORF1a	687	1
ORF1a	689	1
ORF1a	690	1
ORF1a	691	1
ORF1a	692	1
ORF1a	693	1
ORF1a	694	1
ORF1a	698	2
ORF1a	700	1
ORF1a	702	3
ORF1a	706	1
ORF1a	707	1
ORF1a	708	4
ORF1a	712	1
ORF1a	715	1
ORF1a	719	1
ORF1a	722	1
ORF1a	723	1
ORF1a	728	4
ORF1a	730	3
ORF1a	731	2
ORF1a	735	1
ORF1a	737	1
ORF1a	739	2
ORF1a	743	1
ORF1a	747	1
ORF1a	748	5
ORF1a	749	1
ORF1a	753	4
ORF1a	754	1
ORF1a	755	3
ORF1a	756	1
ORF1a	757	1
ORF1a	758	1
ORF1a	762	1
ORF1a	765	3
ORF1a	768	1
ORF1a	769	2
ORF1a	770	1
ORF1a	771	1
ORF1a	774	1
ORF1a	781	1
ORF1a	789	1
ORF1a	792	1
ORF1a	793	1
ORF1a	794	1
ORF1a	795	1
ORF1a	796	2
ORF1a	797	2
ORF1a	798	2
ORF1a	801	1
ORF1a	802	1
ORF1a	803	1
ORF1a	804	1
ORF1a	805	1
ORF1a	806	1
ORF1a	807	1
ORF1a	808	1
ORF1a	809	1
ORF1a	810	1
ORF1a	811	1
ORF1a	812	1
ORF1a	813	2
ORF1a	814	5
ORF1a	815	1
ORF1a	816	1
ORF1a	817	1
ORF1a	818	3
ORF1a	819	3
ORF1a	820	2
ORF1a	821	1
ORF1a	822	1
ORF1a	823	1
ORF1a	824	1
ORF1a	825	1
ORF1a	826	1
ORF1a	827	1
ORF1a	828	3
ORF1a	829	1
ORF1a	830	1
ORF1a	831	1
ORF1a	832	1
ORF1a	833	1
ORF1a	834	1
ORF1a	845	1
ORF1a	848	4
ORF1a	849	1
ORF1a	851	1
ORF1a	852	1
ORF1a	854	1
ORF1a	855	1
ORF1a	856	3
ORF1a	857	1
ORF1a	858	1
ORF1a	859	2
ORF1a	866	1
ORF1a	868	2
ORF1a	869	1
ORF1a	872	1
ORF1a	874	2
ORF1a	876	2
ORF1a	878	1
ORF1a	879	1
ORF1a	882	4
ORF1a	884	1
ORF1a	885	1
ORF1a	887	1
ORF1a	889	1
ORF1a	890	2
ORF1a	891	3
ORF1a	892	7
ORF1a	893	1
ORF1a	894	1
ORF1a	896	1
ORF1a	897	1
ORF1a	901	1
ORF1a	903	4
ORF1a	908	1
ORF1a	913	1
ORF1a	916	1
ORF1a	917	1
ORF1a	925	1
ORF1a	926	2
ORF1a	927	5
ORF1a	928	1
ORF1a	929	3
ORF1a	931	1
ORF1a	933	1
ORF1a	934	1
ORF1a	937	1
ORF1a	942	1
ORF1a	943	3
ORF1a	944	2
ORF1a	945	3
ORF1a	946	1
ORF1a	950	1
ORF1a	951	2
ORF1a	952	1
ORF1a	953	2
ORF1a	956	1
ORF1a	959	4
ORF1a	964	2
ORF1a	967	1
ORF1a	970	1
ORF1a	971	6
ORF1a	972	1
ORF1a	974	1
ORF1a	979	1
ORF1a	981	1
ORF1a	984	1
ORF1a	987	2
ORF1a	988	1
ORF1a	989	3
ORF1a	992	1
ORF1a	993	2
ORF1a	994	1
ORF1a	995	1
ORF1a	996	1
ORF1a	997	1
ORF1a	998	3
ORF1a	999	2
ORF1a	1000	1
ORF1a	1001	3
ORF1a	1002	1
ORF1a	1006	1
ORF1a	1011	2
ORF1a	1019	1
ORF1a	1020	2
ORF1a	1021	2
ORF1a	1029	1
ORF1a	1036	6
ORF1a	1043	1
ORF1a	1044	1
ORF1a	1047	1
ORF1a	1048	1
ORF1a	1049	1
ORF1a	1050	1
ORF1a	1051	1
ORF1a	1052	1
ORF1a	1054	1
ORF1a	1056	3
ORF1a	1064	1
ORF1a	1071	1
ORF1a	1073	2
ORF1a	1083	1
ORF1a	1085	2
ORF1a	1086	1
ORF1a	1092	1
ORF1a	1094	1
ORF1a	1096	3
ORF1a	1098	1
ORF1a	1100	2
ORF1a	1101	3
ORF1a	1102	2
ORF1a	1105	1
ORF1a	1108	1
ORF1a	1113	3
ORF1a	1114	3
ORF1a	1119	1
ORF1a	1120	1
ORF1a	1123	1
ORF1a	1125	2
ORF1a	1128	1
ORF1a	1130	3
ORF1a	1133	1
ORF1a	1134	1
ORF1a	1140	1
ORF1a	1141	3
ORF1a	1142	3
ORF1a	1143	2
ORF1a	1145	1
ORF1a	1151	1
ORF1a	1152	1
ORF1a	1154	1
ORF1a	1155	1
ORF1a	1157	2
ORF1a	1158	5
ORF1a	1159	1
ORF1a	1160	3
ORF1a	1161	1
ORF1a	1164	1
ORF1a	1166	1
ORF1a	1168	6
ORF1a	1170	3
ORF1a	1172	1
ORF1a	1176	3
ORF1a	1181	1
ORF1a	1182	1
ORF1a	1187	1
ORF1a	1188	2
ORF1a	1189	1
ORF1a	1190	1
ORF1a	1192	1
ORF1a	1193	1
ORF1a	1195	1
ORF1a	1201	1
ORF1a	1202	3
ORF1a	1203	2
ORF1a	1204	1
ORF1a	1207	4
ORF1a	1210	2
ORF1a	1211	2
ORF1a	1212	1
ORF1a	1213	3
ORF1a	1214	1
ORF1a	1218	1
ORF1a	1219	2
ORF1a	1220	2
ORF1a	1221	1
ORF1a	1229	1
ORF1a	1230	2
ORF1a	1232	1
ORF1a	1234	3
ORF1a	1236	2
ORF1a	1240	1
ORF1a	1241	2
ORF1a	1242	2
ORF1a	1245	3
ORF1a	1246	4
ORF1a	1248	1
ORF1a	1249	3
ORF1a	1259	1
ORF1a	1260	1
ORF1a	1262	1
ORF1a	1263	1
ORF1a	1265	1
ORF1a	1268	3
ORF1a	1270	1
ORF1a	1271	2
ORF1a	1276	2
ORF1a	1280	1
ORF1a	1283	2
ORF1a	1284	1
ORF1a	1287	3
ORF1a	1288	1
ORF1a	1292	1
ORF1a	1293	1
ORF1a	1294	1
ORF1a	1295	3
ORF1a	1298	2
ORF1a	1299	1
ORF1a	1305	3
ORF1a	1306	2
ORF1a	1312	2
ORF1a	1321	1
ORF1a	1322	3
ORF1a	1324	1
ORF1a	1340	1
ORF1a	1341	1
ORF1a	1344	2
ORF1a	1352	3
ORF1a	1358	1
ORF1a	1375	1
ORF1a	1378	2
ORF1a	1381	1
ORF1a	1386	1
ORF1a	1397	5
ORF1a	1398	1
ORF1a	1400	3
ORF1a	1401	1
ORF1a	1403	1
ORF1a	1404	1
ORF1a	1410	1
ORF1a	1413	1
ORF1a	1418	1
ORF1a	1419	1
ORF1a	1428	1
ORF1a	1429	1
ORF1a	1441	1
ORF1a	1444	2
ORF1a	1446	1
ORF1a	1448	1
ORF1a	1459	1
ORF1a	1462	1
ORF1a	1464	3
ORF1a	1468	2
ORF1a	1472	1
ORF1a	1483	1
ORF1a	1485	1
ORF1a	1490	1
ORF1a	1496	2
ORF1a	1497	2
ORF1a	1499	1
ORF1a	1506	1
ORF1a	1508	1
ORF1a	1510	1
ORF1a	1513	1
ORF1a	1514	1
ORF1a	1520	1
ORF1a	1522	1
ORF1a	1525	1
ORF1a	1527	1
ORF1a	1528	1
ORF1a	1532	1
ORF1a	1534	3
ORF1a	1541	2
ORF1a	1542	3
ORF1a	1543	2
ORF1a	1548	1
ORF1a	1549	1
ORF1a	1553	1
ORF1a	1554	1
ORF1a	1559	1
ORF1a	1561	1
ORF1a	1567	3
ORF1a	1568	1
ORF1a	1583	1
ORF1a	1584	2
ORF1a	1585	2
ORF1a	1586	1
ORF1a	1587	1
ORF1a	1588	1
ORF1a	1589	1
ORF1a	1591	1
ORF1a	1592	1
ORF1a	1597	1
ORF1a	1599	1
ORF1a	1605	1
ORF1a	1607	1
ORF1a	1610	1
ORF1a	1620	1
ORF1a	1624	1
ORF1a	1625	1
ORF1a	1626	1
ORF1a	1631	2
ORF1a	1633	1
ORF1a	1636	1
ORF1a	1637	2
ORF1a	1638	3
ORF1a	1639	1
ORF1a	1640	7
ORF1a	1647	2
ORF1a	1649	2
ORF1a	1652	1
ORF1a	1655	3
ORF1a	1661	1
ORF1a	1670	1
ORF1a	1671	3
ORF1a	1678	2
ORF1a	1679	3
ORF1a	1682	1
ORF1a	1692	4
ORF1a	1700	4
ORF1a	1701	1
ORF1a	1707	1
ORF1a	1714	1
ORF1a	1720	1
ORF1a	1734	1
ORF1a	1738	1
ORF1a	1748	2
ORF1a	1754	1
ORF1a	1760	5
ORF1a	1761	2
ORF1a	1763	3
ORF1a	1765	2
ORF1a	1766	1
ORF1a	1768	1
ORF1a	1769	5
ORF1a	1770	1
ORF1a	1774	1
ORF1a	1786	6
ORF1a	1790	1
ORF1a	1794	1
ORF1a	1798	1
ORF1a	1801	1
ORF1a	1803	3
ORF1a	1811	1
ORF1a	1812	4
ORF1a	1814	1
ORF1a	1818	1
ORF1a	1819	1
ORF1a	1822	4
ORF1a	1824	3
ORF1a	1826	1
ORF1a	1827	1
ORF1a	1828	1
ORF1a	1840	4
ORF1a	1841	1
ORF1a	1844	3
ORF1a	1851	1
ORF1a	1853	2
ORF1a	1854	3
ORF1a	1856	1
ORF1a	1862	3
ORF1a	1864	2
ORF1a	1866	1
ORF1a	1868	1
ORF1a	1870	2
ORF1a	1881	3
ORF1a	1887	1
ORF1a	1888	1
ORF1a	1890	2
ORF1a	1895	2
ORF1a	1908	1
ORF1a	1910	1
ORF1a	1911	1
ORF1a	1919	1
ORF1a	1921	10
ORF1a	1922	1
ORF1a	1923	2
ORF1a	1926	1
ORF1a	1931	1
ORF1a	1933	1
ORF1a	1935	2
ORF1a	1938	3
ORF1a	1949	1
ORF1a	1951	2
ORF1a	1955	2
ORF1a	1965	1
ORF1a	1966	1
ORF1a	1968	1
ORF1a	1977	2
ORF1a	1978	1
ORF1a	1991	1
ORF1a	1995	1
ORF1a	1997	1
ORF1a	2001	1
ORF1a	2002	1
ORF1a	2006	1
ORF1a	2007	4
ORF1a	2010	2
ORF1a	2015	3
ORF1a	2016	3
ORF1a	2017	1
ORF1a	2018	4
ORF1a	2022	1
ORF1a	2024	5
ORF1a	2025	1
ORF1a	2029	2
ORF1a	2030	2
ORF1a	2031	1
ORF1a	2033	2
ORF1a	2036	2
ORF1a	2037	1
ORF1a	2039	1
ORF1a	2041	1
ORF1a	2046	7
ORF1a	2047	2
ORF1a	2049	2
ORF1a	2050	1
ORF1a	2061	2
ORF1a	2062	5
ORF1a	2071	1
ORF1a	2079	2
ORF1a	2080	1
ORF1a	2081	2
ORF1a	2085	1
ORF1a	2087	2
ORF1a	2089	3
ORF1a	2092	4
ORF1a	2093	2
ORF1a	2096	2
ORF1a	2097	1
ORF1a	2098	2
ORF1a	2101	1
ORF1a	2103	7
ORF1a	2104	1
ORF1a	2105	2
ORF1a	2106	1
ORF1a	2108	1
ORF1a	2110	3
ORF1a	2114	1
ORF1a	2115	1
ORF1a	2116	3
ORF1a	2120	1
ORF1a	2123	2
ORF1a	2124	1
ORF1a	2125	2
ORF1a	2128	1
ORF1a	2129	3
ORF1a	2130	1
ORF1a	2132	4
ORF1a	2133	1
ORF1a	2143	1
ORF1a	2144	4
ORF1a	2146	2
ORF1a	2148	1
ORF1a	2149	1
ORF1a	2151	2
ORF1a	2152	2
ORF1a	2153	1
ORF1a	2158	1
ORF1a	2159	2
ORF1a	2164	1
ORF1a	2166	3
ORF1a	2178	1
ORF1a	2181	1
ORF1a	2183	1
ORF1a	2193	3
ORF1a	2199	1
ORF1a	2200	3
ORF1a	2201	1
ORF1a	2202	4
ORF1a	2203	2
ORF1a	2204	2
ORF1a	2207	2
ORF1a	2209	1
ORF1a	2210	1
ORF1a	2214	2
ORF1a	2215	1
ORF1a	2221	2
ORF1a	2232	1
ORF1a	2235	1
ORF1a	2241	1
ORF1a	2242	6
ORF1a	2244	1
ORF1a	2246	1
ORF1a	2249	4
ORF1a	2251	1
ORF1a	2252	1
ORF1a	2254	1
ORF1a	2257	1
ORF1a	2259	2
ORF1a	2267	4
ORF1a	2268	1
ORF1a	2269	2
ORF1a	2271	1
ORF1a	2274	1
ORF1a	2278	1
ORF1a	2280	1
ORF1a	2283	2
ORF1a	2285	2
ORF1a	2287	1
ORF1a	2293	1
ORF1a	2294	1
ORF1a	2296	1
ORF1a	2300	1
ORF1a	2320	2
ORF1a	2325	1
ORF1a	2328	1
ORF1a	2337	2
ORF1a	2344	3
ORF1a	2345	1
ORF1a	2349	1
ORF1a	2357	1
ORF1a	2365	1
ORF1a	2368	1
ORF1a	2374	1
ORF1a	2375	1
ORF1a	2389	2
ORF1a	2396	1
ORF1a	2403	2
ORF1a	2405	2
ORF1a	2406	2
ORF1a	2408	2
ORF1a	2410	1
ORF1a	2419	1
ORF1a	2452	1
ORF1a	2457	2
ORF1a	2459	1
ORF1a	2471	1
ORF1a	2483	1
ORF1a	2488	1
ORF1a	2489	1
ORF1a	2490	1
ORF1a	2493	1
ORF1a	2495	3
ORF1a	2497	4
ORF1a	2498	1
ORF1a	2500	1
ORF1a	2501	4
ORF1a	2503	1
ORF1a	2509	1
ORF1a	2511	7
ORF1a	2520	1
ORF1a	2524	1
ORF1a	2529	3
ORF1a	2532	1
ORF1a	2535	1
ORF1a	2537	1
ORF1a	2538	1
ORF1a	2553	1
ORF1a	2554	2
ORF1a	2563	2
ORF1a	2564	1
ORF1a	2569	1
ORF1a	2574	1
ORF1a	2579	1
ORF1a	2580	1
ORF1a	2581	1
ORF1a	2584	4
ORF1a	2586	2
ORF1a	2587	4
ORF1a	2589	2
ORF1a	2596	3
ORF1a	2600	1
ORF1a	2603	2
ORF1a	2604	1
ORF1a	2605	1
ORF1a	2606	3
ORF1a	2607	1
ORF1a	2609	1
ORF1a	2613	2
ORF1a	2619	2
ORF1a	2622	1
ORF1a	2624	1
ORF1a	2625	1
ORF1a	2636	1
ORF1a	2637	3
ORF1a	2648	2
ORF1a	2659	2
ORF1a	2661	2
ORF1a	2665	1
ORF1a	2685	3
ORF1a	2688	2
ORF1a	2690	1
ORF1a	2696	1
ORF1a	2699	1
ORF1a	2702	4
ORF1a	2708	1
ORF1a	2710	2
ORF1a	2717	1
ORF1a	2719	1
ORF1a	2721	1
ORF1a	2722	1
ORF1a	2723	1
ORF1a	2724	1
ORF1a	2725	1
ORF1a	2726	1
ORF1a	2727	2
ORF1a	2728	2
ORF1a	2729	1
ORF1a	2730	1
ORF1a	2731	3
ORF1a	2732	2
ORF1a	2733	1
ORF1a	2734	1
ORF1a	2735	2
ORF1a	2736	2
ORF1a	2737	1
ORF1a	2738	1
ORF1a	2739	3
ORF1a	2740	1
ORF1a	2745	2
ORF1a	2750	1
ORF1a	2751	1
ORF1a	2761	1
ORF1a	2769	3
ORF1a	2774	1
ORF1a	2780	1
ORF1a	2783	1
ORF1a	2785	1
ORF1a	2788	1
ORF1a	2793	1
ORF1a	2794	3
ORF1a	2796	9
ORF1a	2797	4
ORF1a	2798	9
ORF1a	2799	1
ORF1a	2800	1
ORF1a	2801	1
ORF1a	2802	1
ORF1a	2803	1
ORF1a	2804	1
ORF1a	2805	1
ORF1a	2806	2
ORF1a	2807	1
ORF1a	2808	1
ORF1a	2809	1
ORF1a	2822	1
ORF1a	2823	1
ORF1a	2825	1
ORF1a	2832	1
ORF1a	2833	2
ORF1a	2839	1
ORF1a	2846	1
ORF1a	2848	1
ORF1a	2850	2
ORF1a	2854	1
ORF1a	2856	1
ORF1a	2857	1
ORF1a	2864	1
ORF1a	2869	1
ORF1a	2873	2
ORF1a	2874	1
ORF1a	2876	1
ORF1a	2878	1
ORF1a	2884	1
ORF1a	2890	1
ORF1a	2891	2
ORF1a	2895	1
ORF1a	2900	1
ORF1a	2906	2
ORF1a	2908	2
ORF1a	2911	1
ORF1a	2928	1
ORF1a	2929	1
ORF1a	2941	1
ORF1a	2946	1
ORF1a	2949	1
ORF1a	2950	1
ORF1a	2952	3
ORF1a	2959	1
ORF1a	2965	1
ORF1a	2967	1
ORF1a	2969	1
ORF1a	2971	1
ORF1a	2976	2
ORF1a	2977	1
ORF1a	2980	2
ORF1a	2981	1
ORF1a	2987	1
ORF1a	2993	1
ORF1a	2994	4
ORF1a	3001	1
ORF1a	3017	1
ORF1a	3023	1
ORF1a	3027	2
ORF1a	3038	1
ORF1a	3042	1
ORF1a	3052	1
ORF1a	3055	1
ORF1a	3057	1
ORF1a	3058	7
ORF1a	3070	5
ORF1a	3071	1
ORF1a	3072	5
ORF1a	3073	1
ORF1a	3076	2
ORF1a	3079	1
ORF1a	3085	1
ORF1a	3086	2
ORF1a	3087	2
ORF1a	3090	3
ORF1a	3095	1
ORF1a	3097	1
ORF1a	3099	2
ORF1a	3111	1
ORF1a	3122	2
ORF1a	3123	1
ORF1a	3126	1
ORF1a	3127	1
ORF1a	3129	1
ORF1a	3131	2
ORF1a	3134	1
ORF1a	3143	4
ORF1a	3147	1
ORF1a	3149	2
ORF1a	3158	2
ORF1a	3160	1
ORF1a	3166	1
ORF1a	3173	1
ORF1a	3182	1
ORF1a	3188	1
ORF1a	3195	2
ORF1a	3199	1
ORF1a	3201	1
ORF1a	3203	2
ORF1a	3205	1
ORF1a	3209	7
ORF1a	3212	1
ORF1a	3220	4
ORF1a	3221	1
ORF1a	3222	1
ORF1a	3229	1
ORF1a	3233	2
ORF1a	3235	1
ORF1a	3236	1
ORF1a	3240	1
ORF1a	3243	1
ORF1a	3244	2
ORF1a	3251	1
ORF1a	3255	4
ORF1a	3258	3
ORF1a	3261	1
ORF1a	3264	1
ORF1a	3276	1
ORF1a	3278	7
ORF1a	3280	1
ORF1a	3284	1
ORF1a	3298	2
ORF1a	3305	1
ORF1a	3306	2
ORF1a	3308	2
ORF1a	3312	1
ORF1a	3313	2
ORF1a	3315	1
ORF1a	3323	2
ORF1a	3324	1
ORF1a	3334	3
ORF1a	3338	1
ORF1a	3344	2
ORF1a	3346	2
ORF1a	3351	2
ORF1a	3352	3
ORF1a	3353	13
ORF1a	3356	1
ORF1a	3359	2
ORF1a	3360	1
ORF1a	3362	1
ORF1a	3371	3
ORF1a	3388	2
ORF1a	3392	1
ORF1a	3395	3
ORF1a	3405	2
ORF1a	3411	1
ORF1a	3416	1
ORF1a	3418	1
ORF1a	3420	2
ORF1a	3424	1
ORF1a	3432	1
ORF1a	3440	1
ORF1a	3447	4
ORF1a	3454	7
ORF1a	3456	3
ORF1a	3459	2
ORF1a	3461	1
ORF1a	3469	1
ORF1a	3475	1
ORF1a	3487	1
ORF1a	3488	2
ORF1a	3491	1
ORF1a	3497	3
ORF1a	3499	1
ORF1a	3500	1
ORF1a	3502	1
ORF1a	3504	3
ORF1a	3510	2
ORF1a	3512	1
ORF1a	3517	1
ORF1a	3518	2
ORF1a	3523	7
ORF1a	3527	2
ORF1a	3529	1
ORF1a	3530	1
ORF1a	3537	3
ORF1a	3539	4
ORF1a	3543	1
ORF1a	3544	1
ORF1a	3567	1
ORF1a	3571	1
ORF1a	3572	1
ORF1a	3574	1
ORF1a	3576	1
ORF1a	3577	1
ORF1a	3579	1
ORF1a	3580	2
ORF1a	3586	1
ORF1a	3587	1
ORF1a	3599	1
ORF1a	3601	1
ORF1a	3602	1
ORF1a	3604	2
ORF1a	3606	71
ORF1a	3609	1
ORF1a	3610	2
ORF1a	3615	3
ORF1a	3618	2
ORF1a	3620	1
ORF1a	3621	1
ORF1a	3626	1
ORF1a	3633	1
ORF1a	3644	4
ORF1a	3652	1
ORF1a	3653	2
ORF1a	3655	2
ORF1a	3657	1
ORF1a	3660	1
ORF1a	3665	1
ORF1a	3667	1
ORF1a	3668	1
ORF1a	3669	4
ORF1a	3670	2
ORF1a	3671	1
ORF1a	3675	1
ORF1a	3676	2
ORF1a	3682	1
ORF1a	3685	1
ORF1a	3686	1
ORF1a	3705	3
ORF1a	3711	1
ORF1a	3714	2
ORF1a	3715	1
ORF1a	3718	6
ORF1a	3725	2
ORF1a	3728	1
ORF1a	3729	1
ORF1a	3736	2
ORF1a	3741	1
ORF1a	3749	2
ORF1a	3750	1
ORF1a	3751	1
ORF1a	3752	3
ORF1a	3763	1
ORF1a	3764	3
ORF1a	3766	1
ORF1a	3773	1
ORF1a	3777	4
ORF1a	3779	1
ORF1a	3802	2
ORF1a	3804	1
ORF1a	3808	1
ORF1a	3826	1
ORF1a	3827	1
ORF1a	3829	3
ORF1a	3832	2
ORF1a	3833	1
ORF1a	3839	1
ORF1a	3844	1
ORF1a	3845	1
ORF1a	3846	2
ORF1a	3855	1
ORF1a	3858	1
ORF1a	3862	5
ORF1a	3863	1
ORF1a	3865	1
ORF1a	3877	1
ORF1a	3882	1
ORF1a	3884	2
ORF1a	3885	1
ORF1a	3886	1
ORF1a	3890	1
ORF1a	3892	1
ORF1a	3899	1
ORF1a	3902	1
ORF1a	3904	1
ORF1a	3909	1
ORF1a	3913	1
ORF1a	3915	1
ORF1a	3925	1
ORF1a	3929	1
ORF1a	3930	2
ORF1a	3934	2
ORF1a	3935	1
ORF1a	3939	1
ORF1a	3940	1
ORF1a	3946	1
ORF1a	3947	1
ORF1a	3949	2
ORF1a	3952	1
ORF1a	3969	2
ORF1a	3971	1
ORF1a	3972	2
ORF1a	3976	1
ORF1a	3977	1
ORF1a	3978	1
ORF1a	3979	1
ORF1a	3980	1
ORF1a	3983	3
ORF1a	3984	1
ORF1a	3989	1
ORF1a	3993	3
ORF1a	4003	1
ORF1a	4011	1
ORF1a	4015	1
ORF1a	4016	3
ORF1a	4019	1
ORF1a	4024	1
ORF1a	4030	1
ORF1a	4031	5
ORF1a	4035	2
ORF1a	4037	1
ORF1a	4049	1
ORF1a	4065	3
ORF1a	4067	1
ORF1a	4071	1
ORF1a	4072	1
ORF1a	4073	1
ORF1a	4075	1
ORF1a	4076	1
ORF1a	4079	1
ORF1a	4080	3
ORF1a	4083	3
ORF1a	4085	1
ORF1a	4087	3
ORF1a	4090	5
ORF1a	4094	1
ORF1a	4097	2
ORF1a	4120	1
ORF1a	4127	1
ORF1a	4135	1
ORF1a	4136	4
ORF1a	4140	1
ORF1a	4148	1
ORF1a	4152	1
ORF1a	4156	1
ORF1a	4159	2
ORF1a	4161	2
ORF1a	4164	1
ORF1a	4165	2
ORF1a	4166	1
ORF1a	4170	1
ORF1a	4175	4
ORF1a	4176	3
ORF1a	4177	2
ORF1a	4178	1
ORF1a	4182	3
ORF1a	4187	1
ORF1a	4189	1
ORF1a	4197	2
ORF1a	4201	1
ORF1a	4202	1
ORF1a	4204	2
ORF1a	4207	2
ORF1a	4211	1
ORF1a	4217	1
ORF1a	4220	3
ORF1a	4223	1
ORF1a	4235	1
ORF1a	4241	5
ORF1a	4249	3
ORF1a	4257	1
ORF1a	4265	3
ORF1a	4295	1
ORF1a	4302	1
ORF1a	4304	1
ORF1a	4308	1
ORF1a	4315	2
ORF1a	4316	2
ORF1a	4317	1
ORF1a	4321	1
ORF1a	4324	1
ORF1a	4326	1
ORF1a	4337	2
ORF1a	4347	1
ORF1a	4352	1
ORF1a	4354	1
ORF1a	4355	1
ORF1a	4357	3
ORF1a	4364	1
ORF1a	4375	1
ORF1a	4378	1
ORF1a	4379	1
ORF1a	4387	3
ORF1a	4389	2
ORF1a	4390	2
ORF1a	4393	1
ORF1a	4394	1
ORF1a	4395	1
ORF1a	4398	3
ORF1b	2	1
ORF1b	7	5
ORF1b	8	1
ORF1b	10	1
ORF1b	12	1
ORF1b	16	1
ORF1b	17	4
ORF1b	29	1
ORF1b	34	2
ORF1b	35	2
ORF1b	37	1
ORF1b	39	1
ORF1b	50	1
ORF1b	53	3
ORF1b	54	2
ORF1b	55	2
ORF1b	58	1
ORF1b	67	3
ORF1b	71	1
ORF1b	76	7
ORF1b	82	4
ORF1b	83	1
ORF1b	85	1
ORF1b	86	1
ORF1b	88	7
ORF1b	91	1
ORF1b	99	1
ORF1b	102	1
ORF1b	109	2
ORF1b	113	1
ORF1b	115	2
ORF1b	130	1
ORF1b	132	1
ORF1b	142	1
ORF1b	144	1
ORF1b	145	1
ORF1b	152	2
ORF1b	160	1
ORF1b	162	1
ORF1b	164	2
ORF1b	170	3
ORF1b	176	5
ORF1b	185	1
ORF1b	187	4
ORF1b	189	2
ORF1b	190	1
ORF1b	203	1
ORF1b	205	1
ORF1b	218	2
ORF1b	219	6
ORF1b	222	1
ORF1b	223	1
ORF1b	231	1
ORF1b	233	1
ORF1b	235	1
ORF1b	237	2
ORF1b	241	1
ORF1b	243	1
ORF1b	245	1
ORF1b	248	4
ORF1b	252	5
ORF1b	255	1
ORF1b	260	1
ORF1b	261	1
ORF1b	263	1
ORF1b	267	2
ORF1b	270	3
ORF1b	276	1
ORF1b	281	1
ORF1b	283	1
ORF1b	286	1
ORF1b	295	2
ORF1b	301	1
ORF1b	302	1
ORF1b	310	2
ORF1b	314	15
ORF1b	316	1
ORF1b	320	1
ORF1b	326	1
ORF1b	327	1
ORF1b	329	1
ORF1b	339	1
ORF1b	345	6
ORF1b	348	1
ORF1b	369	1
ORF1b	370	1
ORF1b	371	2
ORF1b	373	2
ORF1b	374	1
ORF1b	376	1
ORF1b	389	1
ORF1b	390	2
ORF1b	391	1
ORF1b	393	1
ORF1b	395	1
ORF1b	396	4
ORF1b	397	1
ORF1b	404	1
ORF1b	406	1
ORF1b	417	1
ORF1b	427	1
ORF1b	434	1
ORF1b	435	1
ORF1b	436	1
ORF1b	440	8
ORF1b	448	1
ORF1b	454	7
ORF1b	461	2
ORF1b	463	1
ORF1b	464	1
ORF1b	466	1
ORF1b	468	1
ORF1b	469	2
ORF1b	479	2
ORF1b	505	2
ORF1b	511	1
ORF1b	513	2
ORF1b	514	3
ORF1b	517	1
ORF1b	520	5
ORF1b	524	1
ORF1b	535	1
ORF1b	540	1
ORF1b	549	1
ORF1b	563	1
ORF1b	564	1
ORF1b	567	1
ORF1b	569	1
ORF1b	570	1
ORF1b	582	1
ORF1b	587	1
ORF1b	590	1
ORF1b	597	2
ORF1b	601	1
ORF1b	604	2
ORF1b	606	1
ORF1b	610	1
ORF1b	616	1
ORF1b	620	2
ORF1b	627	1
ORF1b	631	1
ORF1b	634	1
ORF1b	638	3
ORF1b	640	1
ORF1b	642	1
ORF1b	647	3
ORF1b	657	4
ORF1b	659	5
ORF1b	662	1
ORF1b	663	1
ORF1b	669	1
ORF1b	673	2
ORF1b	684	1
ORF1b	689	1
ORF1b	690	2
ORF1b	696	1
ORF1b	697	1
ORF1b	703	2
ORF1b	709	2
ORF1b	711	1
ORF1b	713	1
ORF1b	716	1
ORF1b	728	1
ORF1b	729	1
ORF1b	730	3
ORF1b	735	3
ORF1b	741	1
ORF1b	743	1
ORF1b	746	2
ORF1b	747	1
ORF1b	759	4
ORF1b	760	1
ORF1b	762	2
ORF1b	764	1
ORF1b	765	2
ORF1b	767	1
ORF1b	792	1
ORF1b	793	1
ORF1b	794	3
ORF1b	797	2
ORF1b	798	1
ORF1b	813	2
ORF1b	814	2
ORF1b	816	1
ORF1b	818	1
ORF1b	820	1
ORF1b	821	1
ORF1b	831	1
ORF1b	839	3
ORF1b	861	4
ORF1b	862	1
ORF1b	870	3
ORF1b	871	1
ORF1b	873	3
ORF1b	884	1
ORF1b	896	1
ORF1b	897	1
ORF1b	902	1
ORF1b	904	2
ORF1b	907	1
ORF1b	909	1
ORF1b	913	2
ORF1b	921	1
ORF1b	927	2
ORF1b	932	1
ORF1b	941	6
ORF1b	945	1
ORF1b	953	1
ORF1b	955	1
ORF1b	961	2
ORF1b	966	3
ORF1b	969	1
ORF1b	970	4
ORF1b	972	1
ORF1b	976	4
ORF1b	977	1
ORF1b	980	1
ORF1b	983	1
ORF1b	991	2
ORF1b	997	6
ORF1b	1000	3
ORF1b	1003	2
ORF1b	1004	1
ORF1b	1008	1
ORF1b	1019	2
ORF1b	1031	2
ORF1b	1034	1
ORF1b	1047	1
ORF1b	1050	2
ORF1b	1052	1
ORF1b	1064	3
ORF1b	1068	1
ORF1b	1074	1
ORF1b	1076	1
ORF1b	1078	1
ORF1b	1087	3
ORF1b	1089	1
ORF1b	1091	1
ORF1b	1092	2
ORF1b	1093	1
ORF1b	1095	2
ORF1b	1099	3
ORF1b	1103	1
ORF1b	1109	1
ORF1b	1114	1
ORF1b	1116	2
ORF1b	1117	1
ORF1b	1120	1
ORF1b	1125	2
ORF1b	1127	3
ORF1b	1129	5
ORF1b	1130	1
ORF1b	1131	1
ORF1b	1137	2
ORF1b	1141	1
ORF1b	1145	1
ORF1b	1149	2
ORF1b	1156	3
ORF1b	1157	1
ORF1b	1160	3
ORF1b	1161	2
ORF1b	1167	3
ORF1b	1168	1
ORF1b	1171	1
ORF1b	1173	3
ORF1b	1176	1
ORF1b	1178	1
ORF1b	1179	1
ORF1b	1181	1
ORF1b	1182	2
ORF1b	1183	3
ORF1b	1184	3
ORF1b	1187	1
ORF1b	1197	2
ORF1b	1199	2
ORF1b	1203	1
ORF1b	1213	6
ORF1b	1218	1
ORF1b	1219	4
ORF1b	1220	4
ORF1b	1223	1
ORF1b	1224	1
ORF1b	1225	2
ORF1b	1233	2
ORF1b	1234	1
ORF1b	1237	1
ORF1b	1242	3
ORF1b	1257	1
ORF1b	1264	3
ORF1b	1267	2
ORF1b	1268	1
ORF1b	1271	3
ORF1b	1273	3
ORF1b	1274	4
ORF1b	1278	1
ORF1b	1279	6
ORF1b	1287	1
ORF1b	1288	1
ORF1b	1289	2
ORF1b	1290	1
ORF1b	1291	4
ORF1b	1295	1
ORF1b	1302	3
ORF1b	1312	1
ORF1b	1315	4
ORF1b	1317	2
ORF1b	1319	1
ORF1b	1321	1
ORF1b	1326	1
ORF1b	1336	2
ORF1b	1342	1
ORF1b	1351	2
ORF1b	1352	2
ORF1b	1354	1
ORF1b	1355	1
ORF1b	1358	1
ORF1b	1364	1
ORF1b	1369	2
ORF1b	1375	1
ORF1b	1377	1
ORF1b	1378	1
ORF1b	1383	1
ORF1b	1389	3
ORF1b	1391	3
ORF1b	1392	2
ORF1b	1395	1
ORF1b	1397	2
ORF1b	1404	6
ORF1b	1407	1
ORF1b	1408	2
ORF1b	1427	5
ORF1b	1428	3
ORF1b	1441	1
ORF1b	1443	1
ORF1b	1446	1
ORF1b	1447	1
ORF1b	1449	2
ORF1b	1450	1
ORF1b	1454	1
ORF1b	1464	1
ORF1b	1466	1
ORF1b	1488	1
ORF1b	1491	1
ORF1b	1493	1
ORF1b	1495	1
ORF1b	1499	5
ORF1b	1511	2
ORF1b	1512	2
ORF1b	1518	2
ORF1b	1520	1
ORF1b	1521	3
ORF1b	1522	2
ORF1b	1527	1
ORF1b	1528	1
ORF1b	1538	1
ORF1b	1539	2
ORF1b	1540	3
ORF1b	1541	1
ORF1b	1547	3
ORF1b	1550	2
ORF1b	1551	1
ORF1b	1552	1
ORF1b	1555	2
ORF1b	1561	1
ORF1b	1566	1
ORF1b	1567	1
ORF1b	1568	1
ORF1b	1569	1
ORF1b	1570	2
ORF1b	1572	1
ORF1b	1573	4
ORF1b	1580	1
ORF1b	1582	1
ORF1b	1583	1
ORF1b	1586	1
ORF1b	1587	1
ORF1b	1596	3
ORF1b	1598	1
ORF1b	1599	1
ORF1b	1605	1
ORF1b	1609	2
ORF1b	1615	1
ORF1b	1621	2
ORF1b	1622	1
ORF1b	1625	2
ORF1b	1637	2
ORF1b	1643	4
ORF1b	1644	2
ORF1b	1645	1
ORF1b	1649	2
ORF1b	1653	1
ORF1b	1656	1
ORF1b	1657	1
ORF1b	1662	2
ORF1b	1664	1
ORF1b	1666	1
ORF1b	1668	1
ORF1b	1674	3
ORF1b	1675	1
ORF1b	1677	1
ORF1b	1681	2
ORF1b	1682	1
ORF1b	1687	2
ORF1b	1689	1
ORF1b	1690	1
ORF1b	1691	1
ORF1b	1701	6
ORF1b	1719	1
ORF1b	1727	4
ORF1b	1728	2
ORF1b	1730	1
ORF1b	1734	1
ORF1b	1735	2
ORF1b	1736	1
ORF1b	1739	1
ORF1b	1740	1
ORF1b	1748	1
ORF1b	1757	2
ORF1b	1763	1
ORF1b	1771	1
ORF1b	1772	2
ORF1b	1774	5
ORF1b	1779	2
ORF1b	1782	1
ORF1b	1798	1
ORF1b	1800	1
ORF1b	1805	2
ORF1b	1807	1
ORF1b	1812	1
ORF1b	1813	1
ORF1b	1814	1
ORF1b	1821	2
ORF1b	1826	1
ORF1b	1830	1
ORF1b	1836	2
ORF1b	1838	1
ORF1b	1839	3
ORF1b	1840	2
ORF1b	1843	1
ORF1b	1844	3
ORF1b	1847	2
ORF1b	1848	4
ORF1b	1850	1
ORF1b	1851	1
ORF1b	1856	1
ORF1b	1869	5
ORF1b	1872	1
ORF1b	1873	5
ORF1b	1878	1
ORF1b	1879	1
ORF1b	1881	1
ORF1b	1887	1
ORF1b	1893	2
ORF1b	1895	1
ORF1b	1896	1
ORF1b	1898	2
ORF1b	1901	1
ORF1b	1917	1
ORF1b	1929	1
ORF1b	1936	3
ORF1b	1939	1
ORF1b	1942	3
ORF1b	1943	5
ORF1b	1944	7
ORF1b	1945	3
ORF1b	1946	2
ORF1b	1947	2
ORF1b	1948	2
ORF1b	1949	2
ORF1b	1950	2
ORF1b	1951	2
ORF1b	1952	1
ORF1b	1953	1
ORF1b	1954	1
ORF1b	1955	2
ORF1b	1956	2
ORF1b	1957	1
ORF1b	1958	2
ORF1b	1959	2
ORF1b	1960	2
ORF1b	1961	3
ORF1b	1962	2
ORF1b	1963	3
ORF1b	1964	2
ORF1b	1965	2
ORF1b	1966	2
ORF1b	1967	5
ORF1b	1968	2
ORF1b	1969	2
ORF1b	1970	2
ORF1b	1971	2
ORF1b	1972	2
ORF1b	1973	2
ORF1b	1974	2
ORF1b	1975	2
ORF1b	1976	2
ORF1b	1977	4
ORF1b	1978	2
ORF1b	1979	3
ORF1b	1980	3
ORF1b	1981	3
ORF1b	1982	3
ORF1b	1983	2
ORF1b	1984	2
ORF1b	1985	2
ORF1b	1986	2
ORF1b	1987	2
ORF1b	1988	3
ORF1b	1989	2
ORF1b	1990	2
ORF1b	1991	2
ORF1b	1992	2
ORF1b	1993	3
ORF1b	1994	2
ORF1b	1995	2
ORF1b	1996	2
ORF1b	1997	3
ORF1b	1998	3
ORF1b	1999	3
ORF1b	2000	2
ORF1b	2001	2
ORF1b	2002	2
ORF1b	2003	2
ORF1b	2004	1
ORF1b	2005	3
ORF1b	2006	2
ORF1b	2010	3
ORF1b	2011	2
ORF1b	2015	1
ORF1b	2016	1
ORF1b	2017	4
ORF1b	2018	1
ORF1b	2019	1
ORF1b	2020	4
ORF1b	2021	1
ORF1b	2022	1
ORF1b	2023	1
ORF1b	2024	4
ORF1b	2025	4
ORF1b	2026	1
ORF1b	2027	3
ORF1b	2028	2
ORF1b	2031	1
ORF1b	2033	1
ORF1b	2040	1
ORF1b	2044	1
ORF1b	2052	1
ORF1b	2055	1
ORF1b	2057	2
ORF1b	2061	2
ORF1b	2063	2
ORF1b	2066	1
ORF1b	2069	1
ORF1b	2070	2
ORF1b	2071	1
ORF1b	2073	4
ORF1b	2074	1
ORF1b	2076	1
ORF1b	2079	2
ORF1b	2084	5
ORF1b	2086	1
ORF1b	2089	1
ORF1b	2090	5
ORF1b	2099	3
ORF1b	2108	1
ORF1b	2111	1
ORF1b	2113	1
ORF1b	2116	2
ORF1b	2117	6
ORF1b	2119	1
ORF1b	2120	1
ORF1b	2123	1
ORF1b	2124	1
ORF1b	2128	1
ORF1b	2131	2
ORF1b	2132	7
ORF1b	2133	1
ORF1b	2134	2
ORF1b	2142	1
ORF1b	2143	1
ORF1b	2145	1
ORF1b	2155	1
ORF1b	2160	1
ORF1b	2162	1
ORF1b	2163	1
ORF1b	2165	2
ORF1b	2168	1
ORF1b	2173	1
ORF1b	2178	4
ORF1b	2179	2
ORF1b	2180	1
ORF1b	2181	2
ORF1b	2183	1
ORF1b	2191	1
ORF1b	2197	1
ORF1b	2198	1
ORF1b	2201	1
ORF1b	2205	1
ORF1b	2207	1
ORF1b	2212	2
ORF1b	2217	1
ORF1b	2220	3
ORF1b	2222	3
ORF1b	2223	5
ORF1b	2226	1
ORF1b	2227	1
ORF1b	2228	1
ORF1b	2233	1
ORF1b	2236	1
ORF1b	2256	6
ORF1b	2257	5
ORF1b	2262	1
ORF1b	2263	1
ORF1b	2264	1
ORF1b	2266	1
ORF1b	2268	4
ORF1b	2269	3
ORF1b	2270	2
ORF1b	2273	3
ORF1b	2274	1
ORF1b	2276	2
ORF1b	2282	2
ORF1b	2284	1
ORF1b	2285	1
ORF1b	2295	1
ORF1b	2297	1
ORF1b	2302	1
ORF1b	2303	1
ORF1b	2306	1
ORF1b	2308	3
ORF1b	2311	1
ORF1b	2312	3
ORF1b	2314	2
ORF1b	2315	2
ORF1b	2318	1
ORF1b	2321	5
ORF1b	2322	2
ORF1b	2324	4
ORF1b	2328	1
ORF1b	2329	2
ORF1b	2333	1
ORF1b	2334	2
ORF1b	2336	2
ORF1b	2337	1
ORF1b	2338	3
ORF1b	2339	2
ORF1b	2341	2
ORF1b	2344	1
ORF1b	2349	1
ORF1b	2351	1
ORF1b	2352	2
ORF1b	2354	2
ORF1b	2359	1
ORF1b	2361	2
ORF1b	2363	2
ORF1b	2364	1
ORF1b	2371	6
ORF1b	2376	3
ORF1b	2383	1
ORF1b	2385	2
ORF1b	2386	3
ORF1b	2387	1
ORF1b	2388	2
ORF1b	2394	2
ORF1b	2401	1
ORF1b	2403	2
ORF1b	2407	1
ORF1b	2409	1
ORF1b	2411	1
ORF1b	2414	1
ORF1b	2415	1
ORF1b	2417	1
ORF1b	2421	1
ORF1b	2423	1
ORF1b	2425	4
ORF1b	2429	1
ORF1b	2430	2
ORF1b	2431	4
ORF1b	2432	2
ORF1b	2442	1
ORF1b	2445	1
ORF1b	2453	1
ORF1b	2462	1
ORF1b	2474	1
ORF1b	2475	1
ORF1b	2476	1
ORF1b	2484	1
ORF1b	2485	1
ORF1b	2488	1
ORF1b	2490	1
ORF1b	2500	1
ORF1b	2508	1
ORF1b	2510	3
ORF1b	2513	1
ORF1b	2514	1
ORF1b	2517	2
ORF1b	2523	2
ORF1b	2524	1
ORF1b	2525	1
ORF1b	2531	1
ORF1b	2535	1
ORF1b	2537	3
ORF1b	2538	1
ORF1b	2548	1
ORF1b	2555	1
ORF1b	2556	1
ORF1b	2557	11
ORF1b	2559	2
ORF1b	2560	3
ORF1b	2562	1
ORF1b	2563	1
ORF1b	2564	1
ORF1b	2566	3
ORF1b	2567	3
ORF1b	2568	3
ORF1b	2576	3
ORF1b	2579	1
ORF1b	2585	1
ORF1b	2586	1
ORF1b	2591	1
ORF1b	2592	1
ORF1b	2596	1
ORF1b	2599	2
ORF1b	2605	1
ORF1b	2610	1
ORF1b	2613	5
ORF1b	2617	1
ORF1b	2618	1
ORF1b	2619	1
ORF1b	2622	1
ORF1b	2623	2
ORF1b	2633	3
ORF1b	2644	1
ORF1b	2649	1
ORF1b	2650	1
ORF1b	2651	1
ORF1b	2652	2
ORF1b	2653	1
ORF1b	2654	1
ORF1b	2655	1
ORF1b	2656	1
ORF1b	2657	1
ORF1b	2658	1
ORF1b	2659	1
ORF1b	2660	2
ORF1b	2661	1
ORF1b	2662	1
ORF1b	2663	1
ORF1b	2666	1
ORF1b	2667	3
ORF1b	2674	3
ORF1b	2681	1
ORF1b	2690	2
ORF1b	2691	2
ORF1b	2692	1
ORF1b	2695	8
ORF3a	2	2
ORF3a	4	1
ORF3a	5	1
ORF3a	6	2
ORF3a	7	1
ORF3a	9	1
ORF3a	11	2
ORF3a	12	2
ORF3a	13	5
ORF3a	14	4
ORF3a	15	3
ORF3a	16	3
ORF3a	18	3
ORF3a	19	1
ORF3a	20	1
ORF3a	21	5
ORF3a	22	3
ORF3a	23	4
ORF3a	25	2
ORF3a	26	4
ORF3a	27	5
ORF3a	30	1
ORF3a	31	1
ORF3a	32	2
ORF3a	33	1
ORF3a	34	1
ORF3a	35	2
ORF3a	36	2
ORF3a	37	1
ORF3a	38	3
ORF3a	40	2
ORF3a	41	2
ORF3a	42	1
ORF3a	43	1
ORF3a	44	2
ORF3a	45	1
ORF3a	46	1
ORF3a	48	1
ORF3a	49	2
ORF3a	50	1
ORF3a	51	1
ORF3a	52	2
ORF3a	53	5
ORF3a	54	6
ORF3a	55	2
ORF3a	57	16
ORF3a	58	1
ORF3a	61	2
ORF3a	62	2
ORF3a	65	2
ORF3a	66	1
ORF3a	67	6
ORF3a	68	2
ORF3a	69	1
ORF3a	72	4
ORF3a	73	2
ORF3a	74	5
ORF3a	75	1
ORF3a	76	1
ORF3a	77	1
ORF3a	78	3
ORF3a	80	1
ORF3a	81	1
ORF3a	83	3
ORF3a	86	3
ORF3a	88	2
ORF3a	89	8
ORF3a	90	3
ORF3a	93	1
ORF3a	95	1
ORF3a	96	1
ORF3a	98	2
ORF3a	99	5
ORF3a	100	5
ORF3a	101	2
ORF3a	103	2
ORF3a	104	6
ORF3a	105	1
ORF3a	106	6
ORF3a	107	1
ORF3a	108	2
ORF3a	109	1
ORF3a	110	5
ORF3a	112	3
ORF3a	116	1
ORF3a	118	1
ORF3a	119	2
ORF3a	121	3
ORF3a	122	1
ORF3a	123	1
ORF3a	125	1
ORF3a	126	5
ORF3a	128	3
ORF3a	129	2
ORF3a	131	6
ORF3a	134	2
ORF3a	136	1
ORF3a	137	1
ORF3a	140	3
ORF3a	142	1
ORF3a	143	1
ORF3a	144	1
ORF3a	147	3
ORF3a	148	1
ORF3a	151	3
ORF3a	155	8
ORF3a	156	2
ORF3a	165	5
ORF3a	166	2
ORF3a	168	1
ORF3a	171	11
ORF3a	172	7
ORF3a	173	1
ORF3a	174	3
ORF3a	175	3
ORF3a	177	2
ORF3a	178	1
ORF3a	182	4
ORF3a	183	1
ORF3a	185	5
ORF3a	186	1
ORF3a	189	1
ORF3a	191	2
ORF3a	192	1
ORF3a	193	1
ORF3a	196	2
ORF3a	198	1
ORF3a	199	1
ORF3a	200	1
ORF3a	202	2
ORF3a	204	1
ORF3a	213	2
ORF3a	216	1
ORF3a	217	3
ORF3a	218	1
ORF3a	219	3
ORF3a	222	4
ORF3a	223	3
ORF3a	224	5
ORF3a	225	2
ORF3a	227	2
ORF3a	229	1
ORF3a	234	1
ORF3a	235	1
ORF3a	239	3
ORF3a	240	4
ORF3a	251	7
ORF3a	253	1
ORF3a	254	3
ORF3a	255	4
ORF3a	256	4
ORF3a	258	1
ORF3a	259	1
ORF3a	260	4
ORF3a	263	1
ORF3a	267	1
ORF3a	269	2
ORF3a	271	1
ORF3a	273	1
ORF3a	274	1
ORF3a	275	1
ORF6	1	2
ORF6	2	1
ORF6	4	1
ORF6	5	1
ORF6	8	1
ORF6	9	2
ORF6	10	1
ORF6	11	1
ORF6	12	1
ORF6	13	2
ORF6	14	1
ORF6	16	1
ORF6	20	3
ORF6	21	2
ORF6	23	1
ORF6	24	2
ORF6	25	1
ORF6	26	1
ORF6	27	3
ORF6	28	1
ORF6	29	1
ORF6	30	1
ORF6	31	1
ORF6	32	1
ORF6	33	5
ORF6	35	1
ORF6	36	1
ORF6	41	1
ORF6	42	1
ORF6	45	1
ORF6	47	1
ORF6	50	1
ORF6	53	1
ORF6	56	2
ORF6	57	1
ORF6	58	3
ORF6	59	1
ORF6	60	5
ORF6	61	5
ORF7a	3	1
ORF7a	5	1
ORF7a	6	1
ORF7a	7	1
ORF7a	8	3
ORF7a	9	2
ORF7a	10	2
ORF7a	11	1
ORF7a	12	1
ORF7a	13	3
ORF7a	14	3
ORF7a	15	1
ORF7a	16	3
ORF7a	17	2
ORF7a	18	1
ORF7a	22	1
ORF7a	23	1
ORF7a	24	2
ORF7a	25	1
ORF7a	26	1
ORF7a	27	1
ORF7a	28	2
ORF7a	29	2
ORF7a	30	1
ORF7a	31	2
ORF7a	32	1
ORF7a	33	2
ORF7a	34	1
ORF7a	35	2
ORF7a	36	3
ORF7a	37	1
ORF7a	38	4
ORF7a	39	2
ORF7a	40	2
ORF7a	41	1
ORF7a	42	1
ORF7a	43	3
ORF7a	44	2
ORF7a	45	2
ORF7a	46	1
ORF7a	47	2
ORF7a	48	2
ORF7a	49	1
ORF7a	50	1
ORF7a	51	1
ORF7a	52	1
ORF7a	53	1
ORF7a	54	2
ORF7a	55	1
ORF7a	56	1
ORF7a	57	1
ORF7a	58	1
ORF7a	59	3
ORF7a	60	3
ORF7a	61	3
ORF7a	62	6
ORF7a	63	5
ORF7a	64	3
ORF7a	65	3
ORF7a	66	1
ORF7a	67	1
ORF7a	68	1
ORF7a	69	1
ORF7a	70	1
ORF7a	71	1
ORF7a	72	1
ORF7a	73	4
ORF7a	74	2
ORF7a	75	1
ORF7a	76	1
ORF7a	77	1
ORF7a	78	2
ORF7a	79	1
ORF7a	80	4
ORF7a	81	2
ORF7a	82	1
ORF7a	83	2
ORF7a	84	2
ORF7a	85	1
ORF7a	86	1
ORF7a	87	2
ORF7a	88	1
ORF7a	89	4
ORF7a	90	2
ORF7a	91	2
ORF7a	92	2
ORF7a	93	4
ORF7a	94	3
ORF7a	96	3
ORF7a	97	1
ORF7a	99	3
ORF7a	101	1
ORF7a	102	1
ORF7a	104	6
ORF7a	105	5
ORF7a	106	3
ORF7a	112	1
ORF7a	113	1
ORF7a	116	1
ORF7a	118	2
ORF7a	120	3
ORF7a	121	3
ORF7a	122	1
ORF7b	1	2
ORF7b	2	2
ORF7b	3	3
ORF7b	4	2
ORF7b	10	2
ORF7b	11	1
ORF7b	12	1
ORF7b	13	2
ORF7b	15	1
ORF7b	16	2
ORF7b	24	1
ORF7b	29	2
ORF7b	32	5
ORF7b	33	4
ORF7b	34	4
ORF7b	35	4
ORF7b	36	5
ORF7b	37	4
ORF7b	38	4
ORF7b	39	9
ORF7b	40	7
ORF7b	41	9
ORF7b	42	7
ORF7b	43	4
ORF7b	44	4
ORF8	1	4
ORF8	2	4
ORF8	3	4
ORF8	4	5
ORF8	5	4
ORF8	6	4
ORF8	7	6
ORF8	8	7
ORF8	9	6
ORF8	10	7
ORF8	11	7
ORF8	12	6
ORF8	13	5
ORF8	14	5
ORF8	15	5
ORF8	16	5
ORF8	17	7
ORF8	18	7
ORF8	19	6
ORF8	20	5
ORF8	21	5
ORF8	22	5
ORF8	23	5
ORF8	24	8
ORF8	25	5
ORF8	26	6
ORF8	27	7
ORF8	28	6
ORF8	29	5
ORF8	30	6
ORF8	31	7
ORF8	32	7
ORF8	33	5
ORF8	34	5
ORF8	35	6
ORF8	36	7
ORF8	37	6
ORF8	38	8
ORF8	39	7
ORF8	40	5
ORF8	41	5
ORF8	42	5
ORF8	43	5
ORF8	44	5
ORF8	45	6
ORF8	46	5
ORF8	47	5
ORF8	48	5
ORF8	49	5
ORF8	50	5
ORF8	51	7
ORF8	52	6
ORF8	53	5
ORF8	54	5
ORF8	55	9
ORF8	56	5
ORF8	57	5
ORF8	58	5
ORF8	59	6
ORF8	60	5
ORF8	61	5
ORF8	62	12
ORF8	63	5
ORF8	64	10
ORF8	65	14
ORF8	66	6
ORF8	67	12
ORF8	68	5
ORF8	69	6
ORF8	70	6
ORF8	71	5
ORF8	72	5
ORF8	73	6
ORF8	74	6
ORF8	75	6
ORF8	76	6
ORF8	77	6
ORF8	78	5
ORF8	79	5
ORF8	80	5
ORF8	81	7
ORF8	82	5
ORF8	83	6
ORF8	84	5
ORF8	85	4
ORF8	86	4
ORF8	87	7
ORF8	88	4
ORF8	89	4
ORF8	90	4
ORF8	91	7
ORF8	92	6
ORF8	93	6
ORF8	94	5
ORF8	95	8
ORF8	96	7
ORF8	97	5
ORF8	98	5
ORF8	99	5
ORF8	100	5
ORF8	101	7
ORF8	102	5
ORF8	103	5
ORF8	104	5
ORF8	105	6
ORF8	106	11
ORF8	107	6
ORF8	108	5
ORF8	109	5
ORF8	110	6
ORF8	111	5
ORF8	112	5
ORF8	113	2
ORF8	114	1
ORF8	115	4
ORF8	116	1
ORF8	117	1
ORF8	118	2
ORF8	119	4
ORF8	120	2
ORF8	121	3
ORF9b	2	1
ORF9b	3	3
ORF9b	4	1
ORF9b	5	2
ORF9b	6	5
ORF9b	8	1
ORF9b	9	1
ORF9b	10	9
ORF9b	11	1
ORF9b	13	8
ORF9b	15	1
ORF9b	16	1
ORF9b	17	4
ORF9b	18	1
ORF9b	19	1
ORF9b	21	2
ORF9b	24	2
ORF9b	25	2
ORF9b	26	2
ORF9b	27	1
ORF9b	29	2
ORF9b	30	1
ORF9b	31	2
ORF9b	32	5
ORF9b	33	3
ORF9b	36	2
ORF9b	37	1
ORF9b	38	5
ORF9b	45	2
ORF9b	47	1
ORF9b	50	2
ORF9b	56	1
ORF9b	57	3
ORF9b	59	1
ORF9b	61	1
ORF9b	62	2
ORF9b	63	1
ORF9b	67	1
ORF9b	69	1
ORF9b	72	1
ORF9b	73	1
ORF9b	76	1
ORF9b	77	3
ORF9b	80	1
ORF9b	83	2
ORF9b	86	1
ORF9b	88	1
ORF9b	92	1
ORF9b	97	2
ORF9b	98	1
S	3	1
S	5	19
S	6	3
S	8	2
S	11	1
S	12	3
S	13	2
S	14	1
S	15	1
S	18	5
S	19	1
S	20	2
S	21	2
S	22	5
S	23	1
S	25	1
S	26	4
S	27	3
S	28	1
S	29	2
S	32	2
S	35	1
S	49	11
S	51	1
S	54	3
S	62	1
S	64	1
S	67	4
S	68	4
S	69	4
S	70	8
S	71	4
S	72	3
S	73	3
S	74	4
S	75	6
S	76	4
S	77	1
S	78	2
S	79	1
S	80	5
S	82	1
S	83	1
S	88	1
S	90	2
S	93	1
S	95	10
S	96	1
S	97	1
S	98	7
S	107	1
S	111	1
S	112	1
S	116	1
S	119	2
S	120	1
S	127	1
S	133	1
S	138	7
S	141	2
S	142	3
S	143	3
S	144	1
S	146	2
S	151	2
S	152	2
S	153	8
S	154	1
S	155	1
S	156	2
S	158	1
S	159	1
S	170	1
S	174	1
S	176	4
S	177	3
S	181	2
S	183	1
S	184	1
S	185	1
S	186	1
S	197	2
S	198	2
S	202	1
S	206	1
S	213	2
S	214	3
S	215	4
S	216	2
S	220	1
S	222	4
S	224	1
S	226	1
S	237	1
S	238	1
S	239	2
S	240	2
S	241	2
S	242	3
S	243	1
S	245	1
S	246	1
S	247	1
S	249	1
S	251	1
S	253	3
S	254	4
S	255	4
S	256	1
S	257	1
S	258	4
S	259	1
S	261	2
S	262	3
S	263	2
S	265	1
S	271	1
S	274	1
S	279	1
S	281	1
S	288	1
S	297	1
S	299	1
S	302	1
S	304	1
S	307	1
S	308	2
S	310	1
S	311	1
S	314	1
S	320	2
S	323	3
S	330	1
S	336	1
S	339	1
S	340	1
S	344	2
S	345	1
S	348	2
S	352	4
S	356	1
S	367	4
S	370	1
S	372	1
S	373	1
S	382	1
S	384	2
S	390	1
S	407	1
S	408	1
S	411	1
S	413	1
S	414	1
S	417	2
S	435	1
S	437	1
S	439	2
S	440	1
S	444	1
S	445	1
S	446	3
S	452	1
S	453	1
S	455	1
S	459	2
S	463	1
S	468	4
S	475	1
S	476	2
S	477	7
S	478	1
S	483	2
S	484	2
S	485	1
S	486	1
S	491	1
S	494	2
S	495	1
S	501	1
S	509	1
S	510	1
S	514	1
S	519	1
S	520	2
S	521	1
S	522	4
S	554	1
S	558	2
S	560	1
S	561	1
S	565	1
S	570	1
S	571	1
S	572	3
S	573	1
S	575	2
S	576	1
S	583	4
S	611	1
S	613	4
S	614	15
S	616	1
S	621	3
S	622	6
S	623	2
S	625	2
S	626	1
S	631	2
S	634	1
S	638	1
S	640	4
S	642	1
S	643	1
S	647	3
S	654	3
S	655	2
S	659	1
S	672	2
S	674	1
S	675	6
S	676	1
S	677	10
S	678	2
S	680	1
S	681	4
S	682	2
S	686	1
S	687	2
S	688	5
S	690	1
S	691	1
S	692	1
S	698	1
S	701	1
S	702	1
S	704	3
S	706	2
S	711	1
S	716	1
S	717	1
S	719	1
S	723	1
S	730	1
S	731	1
S	732	2
S	740	1
S	744	1
S	747	1
S	748	1
S	754	1
S	763	1
S	765	2
S	769	7
S	770	1
S	771	3
S	773	1
S	779	1
S	780	2
S	783	1
S	791	3
S	793	1
S	794	1
S	797	2
S	799	1
S	801	1
S	805	1
S	807	1
S	808	1
S	809	1
S	812	2
S	813	2
S	814	1
S	822	1
S	829	2
S	830	3
S	831	1
S	839	2
S	842	1
S	845	3
S	846	2
S	847	2
S	850	2
S	852	2
S	854	1
S	859	1
S	865	1
S	870	1
S	871	1
S	879	5
S	883	1
S	884	2
S	892	1
S	899	1
S	900	1
S	925	1
S	929	1
S	930	1
S	932	1
S	936	9
S	937	1
S	938	1
S	939	4
S	940	4
S	942	1
S	946	1
S	950	2
S	953	1
S	961	1
S	980	1
S	992	1
S	994	1
S	1006	1
S	1018	1
S	1020	5
S	1027	1
S	1032	1
S	1043	1
S	1045	1
S	1055	1
S	1063	3
S	1067	1
S	1068	1
S	1071	1
S	1072	1
S	1073	1
S	1074	1
S	1076	2
S	1078	6
S	1079	1
S	1083	2
S	1084	3
S	1086	1
S	1087	2
S	1091	3
S	1099	1
S	1101	1
S	1104	2
S	1107	1
S	1109	1
S	1111	1
S	1117	3
S	1118	1
S	1122	2
S	1124	2
S	1139	2
S	1143	1
S	1144	2
S	1146	1
S	1153	1
S	1161	1
S	1162	7
S	1163	1
S	1165	1
S	1167	1
S	1169	1
S	1171	2
S	1176	3
S	1177	1
S	1178	1
S	1183	1
S	1185	1
S	1191	1
S	1192	1
S	1195	1
S	1200	2
S	1202	2
S	1207	1
S	1208	2
S	1210	1
S	1211	1
S	1216	2
S	1219	7
S	1221	1
S	1228	3
S	1229	3
S	1230	1
S	1235	2
S	1236	1
S	1237	2
S	1238	1
S	1240	1
S	1243	2
S	1246	1
S	1249	1
S	1250	1
S	1251	1
S	1252	1
S	1254	1
S	1258	1
S	1259	1
S	1260	2
S	1261	1
S	1263	1
S	1264	1
S	1266	1
S	1268	1
S	1274	1