protein_sequence,mhc_haplotype,percentile,p
IVMIVLVFVTSYVMTQMLYAVIFVSVMTLA,HLA-A*01:01,0.02,0.13752945367575778
IVMIVLVFVTSYVMTQMLYAVIFVSVMTLA,HLA-B*39:01,0.02,0
WVIAILGYAMSFLAIFVCCVDACAIIMGVD,HLA-DQA1*0401/DQB1*0402,0.02,0.023420839314149736
WVIAILGYAMSFLAIFVCCVDACAIIMGVD,HLA-DQA1*0101/DQB1*0501,0.02,0
WVIAILGYAMSFLAIFVCCVDACAIIMGVD,HLA-DQA1*0102/DQB1*0602,0.02,0
VCLLGACFFMLIAVMVPPMIGWLLMHISLF,HLA-A*01:01,0.02,0.16789827343005892
VCLLGACFFMLIAVMVPPMIGWLLMHISLF,HLA-A*02:01,0.02,0
VCLLGACFFMLIAVMVPPMIGWLLMHISLF,HLA-A*03:01,0.02,0
VCLLGACFFMLIAVMVPPMIGWLLMHISLF,HLA-A*24:02,0.02,0.04189548477689881
VCLLGACFFMLIAVMVPPMIGWLLMHISLF,HLA-A*26:01,0.02,0
VCLLGACFFMLIAVMVPPMIGWLLMHISLF,HLA-B*07:02,0.02,0
VCLLGACFFMLIAVMVPPMIGWLLMHISLF,HLA-B*08:01,0.02,0
IVMIVLVFVTSYVMTQMLYAVIFVSVMTLA,HLA-B*40:02,0.02,0
VCLLGACFFMLIAVMVPPMIGWLLMHISLF,HLA-B*18:01,0.02,0.05094166597495047
VCLLGACFFMLIAVMVPPMIGWLLMHISLF,HLA-B*27:05,0.02,0
VCLLGACFFMLIAVMVPPMIGWLLMHISLF,HLA-B*39:01,0.02,0
VCLLGACFFMLIAVMVPPMIGWLLMHISLF,HLA-B*40:02,0.02,0
VCLLGACFFMLIAVMVPPMIGWLLMHISLF,HLA-B*58:01,0.02,0
VCLLGACFFMLIAVMVPPMIGWLLMHISLF,HLA-B*15:01,0.02,0
VCLLGACFFMLIAVMVPPMIGWLLMHISLF,HLA-DRB1*0101,0.02,0.2034570771124789
VCLLGACFFMLIAVMVPPMIGWLLMHISLF,HLA-DRB1*0301,0.02,7.851239490614999e-5
VCLLGACFFMLIAVMVPPMIGWLLMHISLF,HLA-DRB1*0401,0.02,0.18113338719468416
VCLLGACFFMLIAVMVPPMIGWLLMHISLF,HLA-DRB1*0405,0.02,0.03705718340274289
IVMIVLVFVTSYVMTQMLYAVIFVSVMTLA,HLA-B*58:01,0.02,0
VCLLGACFFMLIAVMVPPMIGWLLMHISLF,HLA-DRB1*0701,0.02,0.026120696451647163
VCLLGACFFMLIAVMVPPMIGWLLMHISLF,HLA-DRB1*0802,0.02,0.01841722380171551
VCLLGACFFMLIAVMVPPMIGWLLMHISLF,HLA-DRB1*0901,0.02,7.171060848277788e-4
VCLLGACFFMLIAVMVPPMIGWLLMHISLF,HLA-DRB1*1101,0.02,0.060852737853274386
VCLLGACFFMLIAVMVPPMIGWLLMHISLF,HLA-DRB1*1201,0.02,0.003458850520943857
VCLLGACFFMLIAVMVPPMIGWLLMHISLF,HLA-DRB1*1302,0.02,0.12584411322501418
VCLLGACFFMLIAVMVPPMIGWLLMHISLF,HLA-DRB1*1501,0.02,0.12920398511615494
VCLLGACFFMLIAVMVPPMIGWLLMHISLF,HLA-DRB3*0101,0.02,0.03028379435527472
VCLLGACFFMLIAVMVPPMIGWLLMHISLF,HLA-DRB3*0202,0.02,0.178559298863473
VCLLGACFFMLIAVMVPPMIGWLLMHISLF,HLA-DRB4*0101,0.02,0.14225431584856296
IVMIVLVFVTSYVMTQMLYAVIFVSVMTLA,HLA-B*15:01,0.02,0
VCLLGACFFMLIAVMVPPMIGWLLMHISLF,HLA-DRB5*0101,0.02,0.2425183449351308
VCLLGACFFMLIAVMVPPMIGWLLMHISLF,HLA-DQA1*0501/DQB1*0201,0.02,0.1464414528611675
VCLLGACFFMLIAVMVPPMIGWLLMHISLF,HLA-DQA1*0501/DQB1*0301,0.02,0
VCLLGACFFMLIAVMVPPMIGWLLMHISLF,HLA-DQA1*0301/DQB1*0302,0.02,0
VCLLGACFFMLIAVMVPPMIGWLLMHISLF,HLA-DQA1*0401/DQB1*0402,0.02,0.06333858088334957
VCLLGACFFMLIAVMVPPMIGWLLMHISLF,HLA-DQA1*0101/DQB1*0501,0.02,0.1523461776509062
VCLLGACFFMLIAVMVPPMIGWLLMHISLF,HLA-DQA1*0102/DQB1*0602,0.02,0.14399114224728093
TCLMVLVVVCVCFCMIVLMVALSMIMVMVV,HLA-A*01:01,0.02,0.13512934904074703
TCLMVLVVVCVCFCMIVLMVALSMIMVMVV,HLA-A*02:01,0.02,0
TCLMVLVVVCVCFCMIVLMVALSMIMVMVV,HLA-A*03:01,0.02,0
IVMIVLVFVTSYVMTQMLYAVIFVSVMTLA,HLA-DRB1*0101,0.02,5.516353544048336e-4
TCLMVLVVVCVCFCMIVLMVALSMIMVMVV,HLA-A*24:02,0.02,8.125653259987059e-4
TCLMVLVVVCVCFCMIVLMVALSMIMVMVV,HLA-A*26:01,0.02,0
TCLMVLVVVCVCFCMIVLMVALSMIMVMVV,HLA-B*07:02,0.02,0
TCLMVLVVVCVCFCMIVLMVALSMIMVMVV,HLA-B*08:01,0.02,0.027009126698688712
TCLMVLVVVCVCFCMIVLMVALSMIMVMVV,HLA-B*18:01,0.02,0.02676898642605589
TCLMVLVVVCVCFCMIVLMVALSMIMVMVV,HLA-B*27:05,0.02,0.010877889180533928
TCLMVLVVVCVCFCMIVLMVALSMIMVMVV,HLA-B*39:01,0.02,0.0016625483540817498
TCLMVLVVVCVCFCMIVLMVALSMIMVMVV,HLA-B*40:02,0.02,0
TCLMVLVVVCVCFCMIVLMVALSMIMVMVV,HLA-B*58:01,0.02,0.0017024693026274074
TCLMVLVVVCVCFCMIVLMVALSMIMVMVV,HLA-B*15:01,0.02,0
IVMIVLVFVTSYVMTQMLYAVIFVSVMTLA,HLA-DRB1*0301,0.02,0.058429900559360023
TCLMVLVVVCVCFCMIVLMVALSMIMVMVV,HLA-DRB1*0101,0.02,0.1832131885668199
TCLMVLVVVCVCFCMIVLMVALSMIMVMVV,HLA-DRB1*0301,0.02,0.0040147559540582205
TCLMVLVVVCVCFCMIVLMVALSMIMVMVV,HLA-DRB1*0401,0.02,0.12851999996411123
TCLMVLVVVCVCFCMIVLMVALSMIMVMVV,HLA-DRB1*0405,0.02,0.1472860900101397
TCLMVLVVVCVCFCMIVLMVALSMIMVMVV,HLA-DRB1*0701,0.02,0.11203065380760246
TCLMVLVVVCVCFCMIVLMVALSMIMVMVV,HLA-DRB1*0802,0.02,0.13108109962480308
TCLMVLVVVCVCFCMIVLMVALSMIMVMVV,HLA-DRB1*0901,0.02,0.04811403457485514
TCLMVLVVVCVCFCMIVLMVALSMIMVMVV,HLA-DRB1*1101,0.02,0.20607369956523403
TCLMVLVVVCVCFCMIVLMVALSMIMVMVV,HLA-DRB1*1201,0.02,0
TCLMVLVVVCVCFCMIVLMVALSMIMVMVV,HLA-DRB1*1302,0.02,0.08391364496747576
IVMIVLVFVTSYVMTQMLYAVIFVSVMTLA,HLA-DRB1*0401,0.02,0
TCLMVLVVVCVCFCMIVLMVALSMIMVMVV,HLA-DRB1*1501,0.02,0.04704201284069424
TCLMVLVVVCVCFCMIVLMVALSMIMVMVV,HLA-DRB3*0101,0.02,0.02189752274118395
TCLMVLVVVCVCFCMIVLMVALSMIMVMVV,HLA-DRB3*0202,0.02,0.05358436455677001
TCLMVLVVVCVCFCMIVLMVALSMIMVMVV,HLA-DRB4*0101,0.02,0.12129349351064578
TCLMVLVVVCVCFCMIVLMVALSMIMVMVV,HLA-DRB5*0101,0.02,0.07915452550320907
TCLMVLVVVCVCFCMIVLMVALSMIMVMVV,HLA-DQA1*0501/DQB1*0201,0.02,0.006182253466533449
TCLMVLVVVCVCFCMIVLMVALSMIMVMVV,HLA-DQA1*0501/DQB1*0301,0.02,0
TCLMVLVVVCVCFCMIVLMVALSMIMVMVV,HLA-DQA1*0301/DQB1*0302,0.02,0
TCLMVLVVVCVCFCMIVLMVALSMIMVMVV,HLA-DQA1*0401/DQB1*0402,0.02,0.018189381182567993
TCLMVLVVVCVCFCMIVLMVALSMIMVMVV,HLA-DQA1*0101/DQB1*0501,0.02,0.006252035002880851
IVMIVLVFVTSYVMTQMLYAVIFVSVMTLA,HLA-DRB1*0405,0.02,0
TCLMVLVVVCVCFCMIVLMVALSMIMVMVV,HLA-DQA1*0102/DQB1*0602,0.02,0.011267829981996713
CCMWIYVCADAFAFIGYYFGLILLVVCAGV,HLA-A*01:01,0.02,0.0012971261559695524
CCMWIYVCADAFAFIGYYFGLILLVVCAGV,HLA-A*02:01,0.02,1.4499421314817518e-5
CCMWIYVCADAFAFIGYYFGLILLVVCAGV,HLA-A*03:01,0.02,0
CCMWIYVCADAFAFIGYYFGLILLVVCAGV,HLA-A*24:02,0.02,0.026460984560184864
CCMWIYVCADAFAFIGYYFGLILLVVCAGV,HLA-A*26:01,0.02,0
CCMWIYVCADAFAFIGYYFGLILLVVCAGV,HLA-B*07:02,0.02,0
CCMWIYVCADAFAFIGYYFGLILLVVCAGV,HLA-B*08:01,0.02,2.3975859618774464e-6
CCMWIYVCADAFAFIGYYFGLILLVVCAGV,HLA-B*18:01,0.02,0.09338230048870755
CCMWIYVCADAFAFIGYYFGLILLVVCAGV,HLA-B*27:05,0.02,0.018414785890141908
IVMIVLVFVTSYVMTQMLYAVIFVSVMTLA,HLA-DRB1*0701,0.02,0.3606770595051474
CCMWIYVCADAFAFIGYYFGLILLVVCAGV,HLA-B*39:01,0.02,0.19562573893435903
CCMWIYVCADAFAFIGYYFGLILLVVCAGV,HLA-B*40:02,0.02,0
CCMWIYVCADAFAFIGYYFGLILLVVCAGV,HLA-B*58:01,0.02,0.11216075603268327
CCMWIYVCADAFAFIGYYFGLILLVVCAGV,HLA-B*15:01,0.02,0
CCMWIYVCADAFAFIGYYFGLILLVVCAGV,HLA-DRB1*0101,0.02,0.16882169611314835
CCMWIYVCADAFAFIGYYFGLILLVVCAGV,HLA-DRB1*0301,0.02,0.1256223934874401
CCMWIYVCADAFAFIGYYFGLILLVVCAGV,HLA-DRB1*0401,0.02,0.060711785743973824
CCMWIYVCADAFAFIGYYFGLILLVVCAGV,HLA-DRB1*0405,0.02,0.007228733437517287
CCMWIYVCADAFAFIGYYFGLILLVVCAGV,HLA-DRB1*0701,0.02,0.23095610210948736
CCMWIYVCADAFAFIGYYFGLILLVVCAGV,HLA-DRB1*0802,0.02,0.07247121822520457
IVMIVLVFVTSYVMTQMLYAVIFVSVMTLA,HLA-DRB1*0802,0.02,0.16514130623282325
CCMWIYVCADAFAFIGYYFGLILLVVCAGV,HLA-DRB1*0901,0.02,2.2903204856561388e-4
CCMWIYVCADAFAFIGYYFGLILLVVCAGV,HLA-DRB1*1101,0.02,0.16844521096617437
CCMWIYVCADAFAFIGYYFGLILLVVCAGV,HLA-DRB1*1201,0.02,0.010923430625935149
CCMWIYVCADAFAFIGYYFGLILLVVCAGV,HLA-DRB1*1302,0.02,0.017847961182001233
CCMWIYVCADAFAFIGYYFGLILLVVCAGV,HLA-DRB1*1501,0.02,0.038098263019953636
CCMWIYVCADAFAFIGYYFGLILLVVCAGV,HLA-DRB3*0101,0.02,0
CCMWIYVCADAFAFIGYYFGLILLVVCAGV,HLA-DRB3*0202,0.02,0.16815182428560238
CCMWIYVCADAFAFIGYYFGLILLVVCAGV,HLA-DRB4*0101,0.02,0.1073602531036203
CCMWIYVCADAFAFIGYYFGLILLVVCAGV,HLA-DRB5*0101,0.02,0.03180133281871367
CCMWIYVCADAFAFIGYYFGLILLVVCAGV,HLA-DQA1*0501/DQB1*0201,0.02,6.93494504462322e-4
IVMIVLVFVTSYVMTQMLYAVIFVSVMTLA,HLA-A*02:01,0.02,0
IVMIVLVFVTSYVMTQMLYAVIFVSVMTLA,HLA-DRB1*0901,0.02,0
CCMWIYVCADAFAFIGYYFGLILLVVCAGV,HLA-DQA1*0501/DQB1*0301,0.02,0.010924808335168734
CCMWIYVCADAFAFIGYYFGLILLVVCAGV,HLA-DQA1*0301/DQB1*0302,0.02,0
CCMWIYVCADAFAFIGYYFGLILLVVCAGV,HLA-DQA1*0401/DQB1*0402,0.02,0.07569114828892318
CCMWIYVCADAFAFIGYYFGLILLVVCAGV,HLA-DQA1*0101/DQB1*0501,0.02,0.026510697106141845
CCMWIYVCADAFAFIGYYFGLILLVVCAGV,HLA-DQA1*0102/DQB1*0602,0.02,0.0017762315471735457
FACLYCCIYCMLVFAVIVACIVTVVMWAEM,HLA-A*01:01,0.02,0.05420055378229749
FACLYCCIYCMLVFAVIVACIVTVVMWAEM,HLA-A*02:01,0.02,0
FACLYCCIYCMLVFAVIVACIVTVVMWAEM,HLA-A*03:01,0.02,0
FACLYCCIYCMLVFAVIVACIVTVVMWAEM,HLA-A*24:02,0.02,0.015344461962157932
FACLYCCIYCMLVFAVIVACIVTVVMWAEM,HLA-A*26:01,0.02,0
IVMIVLVFVTSYVMTQMLYAVIFVSVMTLA,HLA-DRB1*1101,0.02,0.03638643432234767
FACLYCCIYCMLVFAVIVACIVTVVMWAEM,HLA-B*07:02,0.02,0.004355868662119788
FACLYCCIYCMLVFAVIVACIVTVVMWAEM,HLA-B*08:01,0.02,0
FACLYCCIYCMLVFAVIVACIVTVVMWAEM,HLA-B*18:01,0.02,0.049010708956234855
FACLYCCIYCMLVFAVIVACIVTVVMWAEM,HLA-B*27:05,0.02,0.015123285986012055
FACLYCCIYCMLVFAVIVACIVTVVMWAEM,HLA-B*39:01,0.02,0
FACLYCCIYCMLVFAVIVACIVTVVMWAEM,HLA-B*40:02,0.02,0
FACLYCCIYCMLVFAVIVACIVTVVMWAEM,HLA-B*58:01,0.02,0.08667937851933938
FACLYCCIYCMLVFAVIVACIVTVVMWAEM,HLA-B*15:01,0.02,3.5194960483242443e-4
FACLYCCIYCMLVFAVIVACIVTVVMWAEM,HLA-DRB1*0101,0.02,0.0749928040100416
FACLYCCIYCMLVFAVIVACIVTVVMWAEM,HLA-DRB1*0301,0.02,0.007695854959608867
IVMIVLVFVTSYVMTQMLYAVIFVSVMTLA,HLA-DRB1*1201,0.02,0
FACLYCCIYCMLVFAVIVACIVTVVMWAEM,HLA-DRB1*0401,0.02,0.05969819882632944
FACLYCCIYCMLVFAVIVACIVTVVMWAEM,HLA-DRB1*0405,0.02,0
FACLYCCIYCMLVFAVIVACIVTVVMWAEM,HLA-DRB1*0701,0.02,0
FACLYCCIYCMLVFAVIVACIVTVVMWAEM,HLA-DRB1*0802,0.02,0.16793714266070703
FACLYCCIYCMLVFAVIVACIVTVVMWAEM,HLA-DRB1*0901,0.02,0.011276991488566979
FACLYCCIYCMLVFAVIVACIVTVVMWAEM,HLA-DRB1*1101,0.02,0.028707367770754666
FACLYCCIYCMLVFAVIVACIVTVVMWAEM,HLA-DRB1*1201,0.02,0
FACLYCCIYCMLVFAVIVACIVTVVMWAEM,HLA-DRB1*1302,0.02,0.10158491859141322
FACLYCCIYCMLVFAVIVACIVTVVMWAEM,HLA-DRB1*1501,0.02,0.019754948189268928
FACLYCCIYCMLVFAVIVACIVTVVMWAEM,HLA-DRB3*0101,0.02,0.13980970778909607
IVMIVLVFVTSYVMTQMLYAVIFVSVMTLA,HLA-DRB1*1302,0.02,0.021274416070002206
FACLYCCIYCMLVFAVIVACIVTVVMWAEM,HLA-DRB3*0202,0.02,0
FACLYCCIYCMLVFAVIVACIVTVVMWAEM,HLA-DRB4*0101,0.02,0.01428883473579594
FACLYCCIYCMLVFAVIVACIVTVVMWAEM,HLA-DRB5*0101,0.02,0.15198943659598274
FACLYCCIYCMLVFAVIVACIVTVVMWAEM,HLA-DQA1*0501/DQB1*0201,0.02,0.09974562693277078
FACLYCCIYCMLVFAVIVACIVTVVMWAEM,HLA-DQA1*0501/DQB1*0301,0.02,0
FACLYCCIYCMLVFAVIVACIVTVVMWAEM,HLA-DQA1*0301/DQB1*0302,0.02,0
FACLYCCIYCMLVFAVIVACIVTVVMWAEM,HLA-DQA1*0401/DQB1*0402,0.02,0.13872762158078267
FACLYCCIYCMLVFAVIVACIVTVVMWAEM,HLA-DQA1*0101/DQB1*0501,0.02,0.03609921694037932
FACLYCCIYCMLVFAVIVACIVTVVMWAEM,HLA-DQA1*0102/DQB1*0602,0.02,0
LCVSPIAIAVFIFVVVIAICLFFSNFVCMV,HLA-A*01:01,0.02,0.25543725073573764
IVMIVLVFVTSYVMTQMLYAVIFVSVMTLA,HLA-DRB1*1501,0.02,0.06322606469624414
LCVSPIAIAVFIFVVVIAICLFFSNFVCMV,HLA-A*02:01,0.02,0
LCVSPIAIAVFIFVVVIAICLFFSNFVCMV,HLA-A*03:01,0.02,0
LCVSPIAIAVFIFVVVIAICLFFSNFVCMV,HLA-A*24:02,0.02,0.01177140630464262
LCVSPIAIAVFIFVVVIAICLFFSNFVCMV,HLA-A*26:01,0.02,0
LCVSPIAIAVFIFVVVIAICLFFSNFVCMV,HLA-B*07:02,0.02,0
LCVSPIAIAVFIFVVVIAICLFFSNFVCMV,HLA-B*08:01,0.02,0
LCVSPIAIAVFIFVVVIAICLFFSNFVCMV,HLA-B*18:01,0.02,0.05466572523975466
LCVSPIAIAVFIFVVVIAICLFFSNFVCMV,HLA-B*27:05,0.02,0.026438338150513125
LCVSPIAIAVFIFVVVIAICLFFSNFVCMV,HLA-B*39:01,0.02,2.3241165323484303e-5
LCVSPIAIAVFIFVVVIAICLFFSNFVCMV,HLA-B*40:02,0.02,0
IVMIVLVFVTSYVMTQMLYAVIFVSVMTLA,HLA-DRB3*0101,0.02,0.21476489616909292
LCVSPIAIAVFIFVVVIAICLFFSNFVCMV,HLA-B*58:01,0.02,0.10467930695995242
LCVSPIAIAVFIFVVVIAICLFFSNFVCMV,HLA-B*15:01,0.02,0
LCVSPIAIAVFIFVVVIAICLFFSNFVCMV,HLA-DRB1*0101,0.02,0.13142760665820757
LCVSPIAIAVFIFVVVIAICLFFSNFVCMV,HLA-DRB1*0301,0.02,0.009041309959410148
LCVSPIAIAVFIFVVVIAICLFFSNFVCMV,HLA-DRB1*0401,0.02,0.02353871759791249
LCVSPIAIAVFIFVVVIAICLFFSNFVCMV,HLA-DRB1*0405,0.02,0.3299826687745927
LCVSPIAIAVFIFVVVIAICLFFSNFVCMV,HLA-DRB1*0701,0.02,0.015864872560404475
LCVSPIAIAVFIFVVVIAICLFFSNFVCMV,HLA-DRB1*0802,0.02,0.07954569518315002
LCVSPIAIAVFIFVVVIAICLFFSNFVCMV,HLA-DRB1*0901,0.02,0.2592198936466591
LCVSPIAIAVFIFVVVIAICLFFSNFVCMV,HLA-DRB1*1101,0.02,0.11625298520733951
IVMIVLVFVTSYVMTQMLYAVIFVSVMTLA,HLA-DRB3*0202,0.02,0.21077831213175274
LCVSPIAIAVFIFVVVIAICLFFSNFVCMV,HLA-DRB1*1201,0.02,0.024678173147368865
LCVSPIAIAVFIFVVVIAICLFFSNFVCMV,HLA-DRB1*1302,0.02,0.04882340694333171
LCVSPIAIAVFIFVVVIAICLFFSNFVCMV,HLA-DRB1*1501,0.02,0.02177743288596574
LCVSPIAIAVFIFVVVIAICLFFSNFVCMV,HLA-DRB3*0101,0.02,0.07505250664784062
LCVSPIAIAVFIFVVVIAICLFFSNFVCMV,HLA-DRB3*0202,0.02,0.08749677938679679
LCVSPIAIAVFIFVVVIAICLFFSNFVCMV,HLA-DRB4*0101,0.02,0.007956799139429566
LCVSPIAIAVFIFVVVIAICLFFSNFVCMV,HLA-DRB5*0101,0.02,0.05413041569696997
LCVSPIAIAVFIFVVVIAICLFFSNFVCMV,HLA-DQA1*0501/DQB1*0201,0.02,0.05356513275022112
LCVSPIAIAVFIFVVVIAICLFFSNFVCMV,HLA-DQA1*0501/DQB1*0301,0.02,0
LCVSPIAIAVFIFVVVIAICLFFSNFVCMV,HLA-DQA1*0301/DQB1*0302,0.02,0
IVMIVLVFVTSYVMTQMLYAVIFVSVMTLA,HLA-DRB4*0101,0.02,0.23575086510616727
LCVSPIAIAVFIFVVVIAICLFFSNFVCMV,HLA-DQA1*0401/DQB1*0402,0.02,0.19144291837543026
LCVSPIAIAVFIFVVVIAICLFFSNFVCMV,HLA-DQA1*0101/DQB1*0501,0.02,0.10967476129373158
LCVSPIAIAVFIFVVVIAICLFFSNFVCMV,HLA-DQA1*0102/DQB1*0602,0.02,0.014829552665292135
IVCMFGVFAVVVITLPMVFVFCMPITFYIL,HLA-A*01:01,0.02,0.12857958154564653
IVCMFGVFAVVVITLPMVFVFCMPITFYIL,HLA-A*02:01,0.02,0
IVCMFGVFAVVVITLPMVFVFCMPITFYIL,HLA-A*03:01,0.02,0
IVCMFGVFAVVVITLPMVFVFCMPITFYIL,HLA-A*24:02,0.02,0.12791040344216534
IVCMFGVFAVVVITLPMVFVFCMPITFYIL,HLA-A*26:01,0.02,0
IVCMFGVFAVVVITLPMVFVFCMPITFYIL,HLA-B*07:02,0.02,0
IVCMFGVFAVVVITLPMVFVFCMPITFYIL,HLA-B*08:01,0.02,0
IVMIVLVFVTSYVMTQMLYAVIFVSVMTLA,HLA-DRB5*0101,0.02,0.12770643233449305
IVCMFGVFAVVVITLPMVFVFCMPITFYIL,HLA-B*18:01,0.02,0.027668454173571333
IVCMFGVFAVVVITLPMVFVFCMPITFYIL,HLA-B*27:05,0.02,0.011359875689053455
IVCMFGVFAVVVITLPMVFVFCMPITFYIL,HLA-B*39:01,0.02,0
IVCMFGVFAVVVITLPMVFVFCMPITFYIL,HLA-B*40:02,0.02,0
IVCMFGVFAVVVITLPMVFVFCMPITFYIL,HLA-B*58:01,0.02,0
IVCMFGVFAVVVITLPMVFVFCMPITFYIL,HLA-B*15:01,0.02,0
IVCMFGVFAVVVITLPMVFVFCMPITFYIL,HLA-DRB1*0101,0.02,0.11378300981455858
IVCMFGVFAVVVITLPMVFVFCMPITFYIL,HLA-DRB1*0301,0.02,7.272314744725273e-4
IVCMFGVFAVVVITLPMVFVFCMPITFYIL,HLA-DRB1*0401,0.02,0.07104348786362624
IVCMFGVFAVVVITLPMVFVFCMPITFYIL,HLA-DRB1*0405,0.02,0
IVMIVLVFVTSYVMTQMLYAVIFVSVMTLA,HLA-DQA1*0501/DQB1*0201,0.02,0
IVCMFGVFAVVVITLPMVFVFCMPITFYIL,HLA-DRB1*0701,0.02,0.01921662753563258
IVCMFGVFAVVVITLPMVFVFCMPITFYIL,HLA-DRB1*0802,0.02,0.23877138840663065
IVCMFGVFAVVVITLPMVFVFCMPITFYIL,HLA-DRB1*0901,0.02,0.2828573170967058
IVCMFGVFAVVVITLPMVFVFCMPITFYIL,HLA-DRB1*1101,0.02,0.05053793140250723
IVCMFGVFAVVVITLPMVFVFCMPITFYIL,HLA-DRB1*1201,0.02,0
IVCMFGVFAVVVITLPMVFVFCMPITFYIL,HLA-DRB1*1302,0.02,9.616722295728223e-4
IVCMFGVFAVVVITLPMVFVFCMPITFYIL,HLA-DRB1*1501,0.02,0.011046355176620093
IVCMFGVFAVVVITLPMVFVFCMPITFYIL,HLA-DRB3*0101,0.02,0.1387340343782332
IVCMFGVFAVVVITLPMVFVFCMPITFYIL,HLA-DRB3*0202,0.02,0.12692662291546916
IVCMFGVFAVVVITLPMVFVFCMPITFYIL,HLA-DRB4*0101,0.02,0.007727883754746939
IVMIVLVFVTSYVMTQMLYAVIFVSVMTLA,HLA-A*03:01,0.02,0
IVMIVLVFVTSYVMTQMLYAVIFVSVMTLA,HLA-DQA1*0501/DQB1*0301,0.02,0.17409283483371354
IVCMFGVFAVVVITLPMVFVFCMPITFYIL,HLA-DRB5*0101,0.02,0
IVCMFGVFAVVVITLPMVFVFCMPITFYIL,HLA-DQA1*0501/DQB1*0201,0.02,0
IVCMFGVFAVVVITLPMVFVFCMPITFYIL,HLA-DQA1*0501/DQB1*0301,0.02,0.1797537231699392
IVCMFGVFAVVVITLPMVFVFCMPITFYIL,HLA-DQA1*0301/DQB1*0302,0.02,0
IVCMFGVFAVVVITLPMVFVFCMPITFYIL,HLA-DQA1*0401/DQB1*0402,0.02,0.029224621697934522
IVCMFGVFAVVVITLPMVFVFCMPITFYIL,HLA-DQA1*0101/DQB1*0501,0.02,0.21649730184437654
IVCMFGVFAVVVITLPMVFVFCMPITFYIL,HLA-DQA1*0102/DQB1*0602,0.02,0.13721109681094856
IMCFIVVLAIMVLMVDILCVALMCVCTFLV,HLA-A*01:01,0.02,0.006279681621518485
IMCFIVVLAIMVLMVDILCVALMCVCTFLV,HLA-A*02:01,0.02,0
IMCFIVVLAIMVLMVDILCVALMCVCTFLV,HLA-A*03:01,0.02,0
IVMIVLVFVTSYVMTQMLYAVIFVSVMTLA,HLA-DQA1*0301/DQB1*0302,0.02,0
IMCFIVVLAIMVLMVDILCVALMCVCTFLV,HLA-A*24:02,0.02,0.0034325493432972357
IMCFIVVLAIMVLMVDILCVALMCVCTFLV,HLA-A*26:01,0.02,0
IMCFIVVLAIMVLMVDILCVALMCVCTFLV,HLA-B*07:02,0.02,0
IMCFIVVLAIMVLMVDILCVALMCVCTFLV,HLA-B*08:01,0.02,0.013545017056093789
IMCFIVVLAIMVLMVDILCVALMCVCTFLV,HLA-B*18:01,0.02,0.029778440957876365
IMCFIVVLAIMVLMVDILCVALMCVCTFLV,HLA-B*27:05,0.02,0.012260329451746304
IMCFIVVLAIMVLMVDILCVALMCVCTFLV,HLA-B*39:01,0.02,9.503563742958576e-4
IMCFIVVLAIMVLMVDILCVALMCVCTFLV,HLA-B*40:02,0.02,0
IMCFIVVLAIMVLMVDILCVALMCVCTFLV,HLA-B*58:01,0.02,0
IMCFIVVLAIMVLMVDILCVALMCVCTFLV,HLA-B*15:01,0.02,0
IVMIVLVFVTSYVMTQMLYAVIFVSVMTLA,HLA-DQA1*0401/DQB1*0402,0.02,0.10938042868850247
IMCFIVVLAIMVLMVDILCVALMCVCTFLV,HLA-DRB1*0101,0.02,0.21932404001643888
IMCFIVVLAIMVLMVDILCVALMCVCTFLV,HLA-DRB1*0301,0.02,0.12697491000010863
IMCFIVVLAIMVLMVDILCVALMCVCTFLV,HLA-DRB1*0401,0.02,0.009315333390948678
IMCFIVVLAIMVLMVDILCVALMCVCTFLV,HLA-DRB1*0405,0.02,0.0011894301134733887
IMCFIVVLAIMVLMVDILCVALMCVCTFLV,HLA-DRB1*0701,0.02,0.11809753873405415
IMCFIVVLAIMVLMVDILCVALMCVCTFLV,HLA-DRB1*0802,0.02,0.09183836149614881
IMCFIVVLAIMVLMVDILCVALMCVCTFLV,HLA-DRB1*0901,0.02,0
IMCFIVVLAIMVLMVDILCVALMCVCTFLV,HLA-DRB1*1101,0.02,0.1979287786621693
IMCFIVVLAIMVLMVDILCVALMCVCTFLV,HLA-DRB1*1201,0.02,0
IMCFIVVLAIMVLMVDILCVALMCVCTFLV,HLA-DRB1*1302,0.02,0.13336349690344523
IVMIVLVFVTSYVMTQMLYAVIFVSVMTLA,HLA-DQA1*0101/DQB1*0501,0.02,0
IMCFIVVLAIMVLMVDILCVALMCVCTFLV,HLA-DRB1*1501,0.02,0.026744738313883885
IMCFIVVLAIMVLMVDILCVALMCVCTFLV,HLA-DRB3*0101,0.02,0.05056224077099669
IMCFIVVLAIMVLMVDILCVALMCVCTFLV,HLA-DRB3*0202,0.02,0.1269855940722714
IMCFIVVLAIMVLMVDILCVALMCVCTFLV,HLA-DRB4*0101,0.02,0.21864182814835575
IMCFIVVLAIMVLMVDILCVALMCVCTFLV,HLA-DRB5*0101,0.02,0.12263655801049977
IMCFIVVLAIMVLMVDILCVALMCVCTFLV,HLA-DQA1*0501/DQB1*0201,0.02,0.03256148594901764
IMCFIVVLAIMVLMVDILCVALMCVCTFLV,HLA-DQA1*0501/DQB1*0301,0.02,0
IMCFIVVLAIMVLMVDILCVALMCVCTFLV,HLA-DQA1*0301/DQB1*0302,0.02,0
IMCFIVVLAIMVLMVDILCVALMCVCTFLV,HLA-DQA1*0401/DQB1*0402,0.02,0.10326664299329208
IMCFIVVLAIMVLMVDILCVALMCVCTFLV,HLA-DQA1*0101/DQB1*0501,0.02,6.346713144603777e-4
IVMIVLVFVTSYVMTQMLYAVIFVSVMTLA,HLA-DQA1*0102/DQB1*0602,0.02,0.01638498223760983
IMCFIVVLAIMVLMVDILCVALMCVCTFLV,HLA-DQA1*0102/DQB1*0602,0.02,0.11388035916979633
CLYTAIFVCLMIMVLVMACFCVLYCVVVIL,HLA-A*01:01,0.02,0.09340096622818271
CLYTAIFVCLMIMVLVMACFCVLYCVVVIL,HLA-A*02:01,0.02,0
CLYTAIFVCLMIMVLVMACFCVLYCVVVIL,HLA-A*03:01,0.02,0
CLYTAIFVCLMIMVLVMACFCVLYCVVVIL,HLA-A*24:02,0.02,0.124789412375786
CLYTAIFVCLMIMVLVMACFCVLYCVVVIL,HLA-A*26:01,0.02,0
CLYTAIFVCLMIMVLVMACFCVLYCVVVIL,HLA-B*07:02,0.02,0
CLYTAIFVCLMIMVLVMACFCVLYCVVVIL,HLA-B*08:01,0.02,0.004097894328953244
CLYTAIFVCLMIMVLVMACFCVLYCVVVIL,HLA-B*18:01,0.02,0.04251298528352629
CLYTAIFVCLMIMVLVMACFCVLYCVVVIL,HLA-B*27:05,0.02,0.015901070327593376
VWCIVIVWICIFLFFVAFIIVIILLIAVIV,HLA-A*01:01,0.02,0
CLYTAIFVCLMIMVLVMACFCVLYCVVVIL,HLA-B*39:01,0.02,0
CLYTAIFVCLMIMVLVMACFCVLYCVVVIL,HLA-B*40:02,0.02,0
CLYTAIFVCLMIMVLVMACFCVLYCVVVIL,HLA-B*58:01,0.02,0
CLYTAIFVCLMIMVLVMACFCVLYCVVVIL,HLA-B*15:01,0.02,0
CLYTAIFVCLMIMVLVMACFCVLYCVVVIL,HLA-DRB1*0101,0.02,0
CLYTAIFVCLMIMVLVMACFCVLYCVVVIL,HLA-DRB1*0301,0.02,0.05602368360010515
CLYTAIFVCLMIMVLVMACFCVLYCVVVIL,HLA-DRB1*0401,0.02,0.003548782774209041
CLYTAIFVCLMIMVLVMACFCVLYCVVVIL,HLA-DRB1*0405,0.02,0.12396314142642573
CLYTAIFVCLMIMVLVMACFCVLYCVVVIL,HLA-DRB1*0701,0.02,0.01766065886735335
CLYTAIFVCLMIMVLVMACFCVLYCVVVIL,HLA-DRB1*0802,0.02,0.04412774757069486
VWCIVIVWICIFLFFVAFIIVIILLIAVIV,HLA-A*02:01,0.02,0
CLYTAIFVCLMIMVLVMACFCVLYCVVVIL,HLA-DRB1*0901,0.02,0.12021239302743458
CLYTAIFVCLMIMVLVMACFCVLYCVVVIL,HLA-DRB1*1101,0.02,0.08848383155643678
CLYTAIFVCLMIMVLVMACFCVLYCVVVIL,HLA-DRB1*1201,0.02,0
CLYTAIFVCLMIMVLVMACFCVLYCVVVIL,HLA-DRB1*1302,0.02,2.2358381167238413e-8
CLYTAIFVCLMIMVLVMACFCVLYCVVVIL,HLA-DRB1*1501,0.02,0.004145249073971524
CLYTAIFVCLMIMVLVMACFCVLYCVVVIL,HLA-DRB3*0101,0.02,0.08568972999725452
CLYTAIFVCLMIMVLVMACFCVLYCVVVIL,HLA-DRB3*0202,0.02,0.1770688395865424
CLYTAIFVCLMIMVLVMACFCVLYCVVVIL,HLA-DRB4*0101,0.02,0.047542913496814145
CLYTAIFVCLMIMVLVMACFCVLYCVVVIL,HLA-DRB5*0101,0.02,0.2373134993818257
CLYTAIFVCLMIMVLVMACFCVLYCVVVIL,HLA-DQA1*0501/DQB1*0201,0.02,0
VWCIVIVWICIFLFFVAFIIVIILLIAVIV,HLA-A*03:01,0.02,0
CLYTAIFVCLMIMVLVMACFCVLYCVVVIL,HLA-DQA1*0501/DQB1*0301,0.02,0
CLYTAIFVCLMIMVLVMACFCVLYCVVVIL,HLA-DQA1*0301/DQB1*0302,0.02,0
CLYTAIFVCLMIMVLVMACFCVLYCVVVIL,HLA-DQA1*0401/DQB1*0402,0.02,0.02117257500519723
CLYTAIFVCLMIMVLVMACFCVLYCVVVIL,HLA-DQA1*0101/DQB1*0501,0.02,0
CLYTAIFVCLMIMVLVMACFCVLYCVVVIL,HLA-DQA1*0102/DQB1*0602,0.02,7.93364613596248e-4
ILACIAGWLVCAACCCLFHLIVLIVALIWF,HLA-A*01:01,0.02,0.020744923153091954
ILACIAGWLVCAACCCLFHLIVLIVALIWF,HLA-A*02:01,0.02,1.3053741565016708e-5
ILACIAGWLVCAACCCLFHLIVLIVALIWF,HLA-A*03:01,0.02,0
ILACIAGWLVCAACCCLFHLIVLIVALIWF,HLA-A*24:02,0.02,0.009627223034210692
ILACIAGWLVCAACCCLFHLIVLIVALIWF,HLA-A*26:01,0.02,0
VWCIVIVWICIFLFFVAFIIVIILLIAVIV,HLA-A*24:02,0.02,0.14298870728432822
ILACIAGWLVCAACCCLFHLIVLIVALIWF,HLA-B*07:02,0.02,0
ILACIAGWLVCAACCCLFHLIVLIVALIWF,HLA-B*08:01,0.02,0.041802473962858744
ILACIAGWLVCAACCCLFHLIVLIVALIWF,HLA-B*18:01,0.02,0.03420912113992032
ILACIAGWLVCAACCCLFHLIVLIVALIWF,HLA-B*27:05,0.02,0.06694143054717237
ILACIAGWLVCAACCCLFHLIVLIVALIWF,HLA-B*39:01,0.02,0
ILACIAGWLVCAACCCLFHLIVLIVALIWF,HLA-B*40:02,0.02,0
ILACIAGWLVCAACCCLFHLIVLIVALIWF,HLA-B*58:01,0.02,0
ILACIAGWLVCAACCCLFHLIVLIVALIWF,HLA-B*15:01,0.02,0
ILACIAGWLVCAACCCLFHLIVLIVALIWF,HLA-DRB1*0101,0.02,0.22867304455414206
ILACIAGWLVCAACCCLFHLIVLIVALIWF,HLA-DRB1*0301,0.02,0.01300592821171856
VWCIVIVWICIFLFFVAFIIVIILLIAVIV,HLA-A*26:01,0.02,0
ILACIAGWLVCAACCCLFHLIVLIVALIWF,HLA-DRB1*0401,0.02,0.0020907400773915222
ILACIAGWLVCAACCCLFHLIVLIVALIWF,HLA-DRB1*0405,0.02,0.008287617353090915
ILACIAGWLVCAACCCLFHLIVLIVALIWF,HLA-DRB1*0701,0.02,0.16990860255698248
ILACIAGWLVCAACCCLFHLIVLIVALIWF,HLA-DRB1*0802,0.02,0.10817556278248708
ILACIAGWLVCAACCCLFHLIVLIVALIWF,HLA-DRB1*0901,0.02,0.23583929163680745
ILACIAGWLVCAACCCLFHLIVLIVALIWF,HLA-DRB1*1101,0.02,0.04982297149888848
ILACIAGWLVCAACCCLFHLIVLIVALIWF,HLA-DRB1*1201,0.02,0
ILACIAGWLVCAACCCLFHLIVLIVALIWF,HLA-DRB1*1302,0.02,0.010604208315394832
ILACIAGWLVCAACCCLFHLIVLIVALIWF,HLA-DRB1*1501,0.02,0.006829040567193989
ILACIAGWLVCAACCCLFHLIVLIVALIWF,HLA-DRB3*0101,0.02,0.06743024641192774
IVMIVLVFVTSYVMTQMLYAVIFVSVMTLA,HLA-A*24:02,0.02,0.07561720973963126
VWCIVIVWICIFLFFVAFIIVIILLIAVIV,HLA-B*07:02,0.02,0
ILACIAGWLVCAACCCLFHLIVLIVALIWF,HLA-DRB3*0202,0.02,0.0645540133528954
ILACIAGWLVCAACCCLFHLIVLIVALIWF,HLA-DRB4*0101,0.02,0.06098273110493447
ILACIAGWLVCAACCCLFHLIVLIVALIWF,HLA-DRB5*0101,0.02,0.2843133744129049
ILACIAGWLVCAACCCLFHLIVLIVALIWF,HLA-DQA1*0501/DQB1*0201,0.02,0.005050324076093515
ILACIAGWLVCAACCCLFHLIVLIVALIWF,HLA-DQA1*0501/DQB1*0301,0.02,0
ILACIAGWLVCAACCCLFHLIVLIVALIWF,HLA-DQA1*0301/DQB1*0302,0.02,0
ILACIAGWLVCAACCCLFHLIVLIVALIWF,HLA-DQA1*0401/DQB1*0402,0.02,0.2560747382401931
ILACIAGWLVCAACCCLFHLIVLIVALIWF,HLA-DQA1*0101/DQB1*0501,0.02,0.10458432046941457
ILACIAGWLVCAACCCLFHLIVLIVALIWF,HLA-DQA1*0102/DQB1*0602,0.02,0.00353734567678754
AFAILLVIFPLFILLAVAGICMMCLACILW,HLA-A*01:01,0.02,0.05044454486067418
VWCIVIVWICIFLFFVAFIIVIILLIAVIV,HLA-B*08:01,0.02,2.9847516078085334e-4
AFAILLVIFPLFILLAVAGICMMCLACILW,HLA-A*02:01,0.02,0
AFAILLVIFPLFILLAVAGICMMCLACILW,HLA-A*03:01,0.02,0
AFAILLVIFPLFILLAVAGICMMCLACILW,HLA-A*24:02,0.02,0.14137537123777022
AFAILLVIFPLFILLAVAGICMMCLACILW,HLA-A*26:01,0.02,0
AFAILLVIFPLFILLAVAGICMMCLACILW,HLA-B*07:02,0.02,0
AFAILLVIFPLFILLAVAGICMMCLACILW,HLA-B*08:01,0.02,0
AFAILLVIFPLFILLAVAGICMMCLACILW,HLA-B*18:01,0.02,0.031138407680713017
AFAILLVIFPLFILLAVAGICMMCLACILW,HLA-B*27:05,0.02,0.0294394277178018
AFAILLVIFPLFILLAVAGICMMCLACILW,HLA-B*39:01,0.02,0
AFAILLVIFPLFILLAVAGICMMCLACILW,HLA-B*40:02,0.02,0
VWCIVIVWICIFLFFVAFIIVIILLIAVIV,HLA-B*18:01,0.02,0.03570159001959937
AFAILLVIFPLFILLAVAGICMMCLACILW,HLA-B*58:01,0.02,2.0994015167941082e-4
AFAILLVIFPLFILLAVAGICMMCLACILW,HLA-B*15:01,0.02,0
AFAILLVIFPLFILLAVAGICMMCLACILW,HLA-DRB1*0101,0.02,0.15598544437814998
AFAILLVIFPLFILLAVAGICMMCLACILW,HLA-DRB1*0301,0.02,2.661904675850836e-5
AFAILLVIFPLFILLAVAGICMMCLACILW,HLA-DRB1*0401,0.02,0.038311312665775914
AFAILLVIFPLFILLAVAGICMMCLACILW,HLA-DRB1*0405,0.02,0
AFAILLVIFPLFILLAVAGICMMCLACILW,HLA-DRB1*0701,0.02,0.12776996471430282
AFAILLVIFPLFILLAVAGICMMCLACILW,HLA-DRB1*0802,0.02,0.05168112430888039
AFAILLVIFPLFILLAVAGICMMCLACILW,HLA-DRB1*0901,0.02,0.15958485800505773
AFAILLVIFPLFILLAVAGICMMCLACILW,HLA-DRB1*1101,0.02,0.08651765877582562
VWCIVIVWICIFLFFVAFIIVIILLIAVIV,HLA-B*27:05,0.02,0.03762296010648573
AFAILLVIFPLFILLAVAGICMMCLACILW,HLA-DRB1*1201,0.02,0
AFAILLVIFPLFILLAVAGICMMCLACILW,HLA-DRB1*1302,0.02,0.0837111812034691
AFAILLVIFPLFILLAVAGICMMCLACILW,HLA-DRB1*1501,0.02,0.005059742720842364
AFAILLVIFPLFILLAVAGICMMCLACILW,HLA-DRB3*0101,0.02,0.1612517088274985
AFAILLVIFPLFILLAVAGICMMCLACILW,HLA-DRB3*0202,0.02,0.19274105655935703
AFAILLVIFPLFILLAVAGICMMCLACILW,HLA-DRB4*0101,0.02,0
AFAILLVIFPLFILLAVAGICMMCLACILW,HLA-DRB5*0101,0.02,0.06048121389011507
AFAILLVIFPLFILLAVAGICMMCLACILW,HLA-DQA1*0501/DQB1*0201,0.02,0
AFAILLVIFPLFILLAVAGICMMCLACILW,HLA-DQA1*0501/DQB1*0301,0.02,0.19722161856185538
AFAILLVIFPLFILLAVAGICMMCLACILW,HLA-DQA1*0301/DQB1*0302,0.02,0
VWCIVIVWICIFLFFVAFIIVIILLIAVIV,HLA-B*39:01,0.02,0
AFAILLVIFPLFILLAVAGICMMCLACILW,HLA-DQA1*0401/DQB1*0402,0.02,0.08532194225731965
AFAILLVIFPLFILLAVAGICMMCLACILW,HLA-DQA1*0101/DQB1*0501,0.02,0.009927221031462263
AFAILLVIFPLFILLAVAGICMMCLACILW,HLA-DQA1*0102/DQB1*0602,0.02,0.021340812127904285
FIVIGVVCLVLLAVVTVGPVLLFLLVECAG,HLA-A*01:01,0.02,0
FIVIGVVCLVLLAVVTVGPVLLFLLVECAG,HLA-A*02:01,0.02,0
FIVIGVVCLVLLAVVTVGPVLLFLLVECAG,HLA-A*03:01,0.02,0
FIVIGVVCLVLLAVVTVGPVLLFLLVECAG,HLA-A*24:02,0.02,0.011642599957073646
FIVIGVVCLVLLAVVTVGPVLLFLLVECAG,HLA-A*26:01,0.02,0
FIVIGVVCLVLLAVVTVGPVLLFLLVECAG,HLA-B*07:02,0.02,0
FIVIGVVCLVLLAVVTVGPVLLFLLVECAG,HLA-B*08:01,0.02,0.10519663167581139
VWCIVIVWICIFLFFVAFIIVIILLIAVIV,HLA-B*40:02,0.02,0
FIVIGVVCLVLLAVVTVGPVLLFLLVECAG,HLA-B*18:01,0.02,0.009735214439354893
FIVIGVVCLVLLAVVTVGPVLLFLLVECAG,HLA-B*27:05,0.02,0.010781737904680098
FIVIGVVCLVLLAVVTVGPVLLFLLVECAG,HLA-B*39:01,0.02,9.97327087989719e-4
FIVIGVVCLVLLAVVTVGPVLLFLLVECAG,HLA-B*40:02,0.02,0
FIVIGVVCLVLLAVVTVGPVLLFLLVECAG,HLA-B*58:01,0.02,4.8368621182981464e-4
FIVIGVVCLVLLAVVTVGPVLLFLLVECAG,HLA-B*15:01,0.02,0
FIVIGVVCLVLLAVVTVGPVLLFLLVECAG,HLA-DRB1*0101,0.02,0.01561057625828477
FIVIGVVCLVLLAVVTVGPVLLFLLVECAG,HLA-DRB1*0301,0.02,0.01795826507292409
FIVIGVVCLVLLAVVTVGPVLLFLLVECAG,HLA-DRB1*0401,0.02,0
FIVIGVVCLVLLAVVTVGPVLLFLLVECAG,HLA-DRB1*0405,0.02,0.258497170466102
VWCIVIVWICIFLFFVAFIIVIILLIAVIV,HLA-B*58:01,0.02,0.032998105741436155
FIVIGVVCLVLLAVVTVGPVLLFLLVECAG,HLA-DRB1*0701,0.02,0.13931810329661232
FIVIGVVCLVLLAVVTVGPVLLFLLVECAG,HLA-DRB1*0802,0.02,0.011766828385344041
FIVIGVVCLVLLAVVTVGPVLLFLLVECAG,HLA-DRB1*0901,0.02,0.008560145906549188
FIVIGVVCLVLLAVVTVGPVLLFLLVECAG,HLA-DRB1*1101,0.02,0.024311813082925182
FIVIGVVCLVLLAVVTVGPVLLFLLVECAG,HLA-DRB1*1201,0.02,0.19253040405496857
FIVIGVVCLVLLAVVTVGPVLLFLLVECAG,HLA-DRB1*1302,0.02,2.0053470255568275e-4
FIVIGVVCLVLLAVVTVGPVLLFLLVECAG,HLA-DRB1*1501,0.02,0.013851235504265121
FIVIGVVCLVLLAVVTVGPVLLFLLVECAG,HLA-DRB3*0101,0.02,0.0675541973606856
FIVIGVVCLVLLAVVTVGPVLLFLLVECAG,HLA-DRB3*0202,0.02,0.010948946746279638
FIVIGVVCLVLLAVVTVGPVLLFLLVECAG,HLA-DRB4*0101,0.02,0.04548962343164118
VWCIVIVWICIFLFFVAFIIVIILLIAVIV,HLA-B*15:01,0.02,0
FIVIGVVCLVLLAVVTVGPVLLFLLVECAG,HLA-DRB5*0101,0.02,0.020440266661490236
FIVIGVVCLVLLAVVTVGPVLLFLLVECAG,HLA-DQA1*0501/DQB1*0201,0.02,0
FIVIGVVCLVLLAVVTVGPVLLFLLVECAG,HLA-DQA1*0501/DQB1*0301,0.02,0
FIVIGVVCLVLLAVVTVGPVLLFLLVECAG,HLA-DQA1*0301/DQB1*0302,0.02,0
FIVIGVVCLVLLAVVTVGPVLLFLLVECAG,HLA-DQA1*0401/DQB1*0402,0.02,0.05736523891119921
FIVIGVVCLVLLAVVTVGPVLLFLLVECAG,HLA-DQA1*0101/DQB1*0501,0.02,0.2471768366431247
FIVIGVVCLVLLAVVTVGPVLLFLLVECAG,HLA-DQA1*0102/DQB1*0602,0.02,0.05766243490453449
FCIGLVYYCTLGMWMLFIILILADLMWFVI,HLA-A*01:01,0.02,0.18556371456632093
FCIGLVYYCTLGMWMLFIILILADLMWFVI,HLA-A*02:01,0.02,0
FCIGLVYYCTLGMWMLFIILILADLMWFVI,HLA-A*03:01,0.02,0
VWCIVIVWICIFLFFVAFIIVIILLIAVIV,HLA-DRB1*0101,0.02,0.12620912728155964
FCIGLVYYCTLGMWMLFIILILADLMWFVI,HLA-A*24:02,0.02,0.060119349275941876
FCIGLVYYCTLGMWMLFIILILADLMWFVI,HLA-A*26:01,0.02,0
FCIGLVYYCTLGMWMLFIILILADLMWFVI,HLA-B*07:02,0.02,0
FCIGLVYYCTLGMWMLFIILILADLMWFVI,HLA-B*08:01,0.02,0
FCIGLVYYCTLGMWMLFIILILADLMWFVI,HLA-B*18:01,0.02,0.057092174754169334
FCIGLVYYCTLGMWMLFIILILADLMWFVI,HLA-B*27:05,0.02,0.15954485709592936
FCIGLVYYCTLGMWMLFIILILADLMWFVI,HLA-B*39:01,0.02,0
FCIGLVYYCTLGMWMLFIILILADLMWFVI,HLA-B*40:02,0.02,0
FCIGLVYYCTLGMWMLFIILILADLMWFVI,HLA-B*58:01,0.02,0
FCIGLVYYCTLGMWMLFIILILADLMWFVI,HLA-B*15:01,0.02,0
VWCIVIVWICIFLFFVAFIIVIILLIAVIV,HLA-DRB1*0301,0.02,0.02709435567710397
FCIGLVYYCTLGMWMLFIILILADLMWFVI,HLA-DRB1*0101,0.02,0.06363998588085129
FCIGLVYYCTLGMWMLFIILILADLMWFVI,HLA-DRB1*0301,0.02,0.1487186583640976
FCIGLVYYCTLGMWMLFIILILADLMWFVI,HLA-DRB1*0401,0.02,0.1524920919908631
FCIGLVYYCTLGMWMLFIILILADLMWFVI,HLA-DRB1*0405,0.02,0
FCIGLVYYCTLGMWMLFIILILADLMWFVI,HLA-DRB1*0701,0.02,0.05053915643692109
FCIGLVYYCTLGMWMLFIILILADLMWFVI,HLA-DRB1*0802,0.02,0.09385572000354339
IVMIVLVFVTSYVMTQMLYAVIFVSVMTLA,HLA-A*26:01,0.02,0
VWCIVIVWICIFLFFVAFIIVIILLIAVIV,HLA-DRB1*0401,0.02,9.89706102232629e-4
VWCIVIVWICIFLFFVAFIIVIILLIAVIV,HLA-DRB1*0405,0.02,0.14219095328288867
VWCIVIVWICIFLFFVAFIIVIILLIAVIV,HLA-DRB1*0701,0.02,0.011702318928480282
VWCIVIVWICIFLFFVAFIIVIILLIAVIV,HLA-DRB1*0802,0.02,0.012653173880538384
VWCIVIVWICIFLFFVAFIIVIILLIAVIV,HLA-DRB1*0901,0.02,0.16645511712858457
VWCIVIVWICIFLFFVAFIIVIILLIAVIV,HLA-DRB1*1101,0.02,0.017268332245970238
VWCIVIVWICIFLFFVAFIIVIILLIAVIV,HLA-DRB1*1201,0.02,0.1801033316958227
VWCIVIVWICIFLFFVAFIIVIILLIAVIV,HLA-DRB1*1302,0.02,0.11774549422596929
VWCIVIVWICIFLFFVAFIIVIILLIAVIV,HLA-DRB1*1501,0.02,0.005687633986067278
VWCIVIVWICIFLFFVAFIIVIILLIAVIV,HLA-DRB3*0101,0.02,0.011576834494006816
IVMIVLVFVTSYVMTQMLYAVIFVSVMTLA,HLA-B*07:02,0.02,0
VWCIVIVWICIFLFFVAFIIVIILLIAVIV,HLA-DRB3*0202,0.02,0.1590381692128099
VWCIVIVWICIFLFFVAFIIVIILLIAVIV,HLA-DRB4*0101,0.02,6.514207155199453e-5
VWCIVIVWICIFLFFVAFIIVIILLIAVIV,HLA-DRB5*0101,0.02,0.013167111745716165
VWCIVIVWICIFLFFVAFIIVIILLIAVIV,HLA-DQA1*0501/DQB1*0201,0.02,0.0917454736630976
VWCIVIVWICIFLFFVAFIIVIILLIAVIV,HLA-DQA1*0501/DQB1*0301,0.02,0.1586612297500819
VWCIVIVWICIFLFFVAFIIVIILLIAVIV,HLA-DQA1*0301/DQB1*0302,0.02,0
VWCIVIVWICIFLFFVAFIIVIILLIAVIV,HLA-DQA1*0401/DQB1*0402,0.02,0.005138615147584513
VWCIVIVWICIFLFFVAFIIVIILLIAVIV,HLA-DQA1*0101/DQB1*0501,0.02,0
VWCIVIVWICIFLFFVAFIIVIILLIAVIV,HLA-DQA1*0102/DQB1*0602,0.02,0.1066295769895722
WVIAILGYAMSFLAIFVCCVDACAIIMGVD,HLA-A*01:01,0.02,0.1723268148009052
IVMIVLVFVTSYVMTQMLYAVIFVSVMTLA,HLA-B*08:01,0.02,0.002194457246178172
WVIAILGYAMSFLAIFVCCVDACAIIMGVD,HLA-A*02:01,0.02,0
WVIAILGYAMSFLAIFVCCVDACAIIMGVD,HLA-A*03:01,0.02,0
WVIAILGYAMSFLAIFVCCVDACAIIMGVD,HLA-A*24:02,0.02,0.11645327391556815
WVIAILGYAMSFLAIFVCCVDACAIIMGVD,HLA-A*26:01,0.02,0
WVIAILGYAMSFLAIFVCCVDACAIIMGVD,HLA-B*07:02,0.02,0
WVIAILGYAMSFLAIFVCCVDACAIIMGVD,HLA-B*08:01,0.02,0
WVIAILGYAMSFLAIFVCCVDACAIIMGVD,HLA-B*18:01,0.02,0.03570700002874053
WVIAILGYAMSFLAIFVCCVDACAIIMGVD,HLA-B*27:05,0.02,0.031157753570939094
WVIAILGYAMSFLAIFVCCVDACAIIMGVD,HLA-B*39:01,0.02,0.002450904975516921
WVIAILGYAMSFLAIFVCCVDACAIIMGVD,HLA-B*40:02,0.02,0
IVMIVLVFVTSYVMTQMLYAVIFVSVMTLA,HLA-B*18:01,0.02,0.028239043099771544
WVIAILGYAMSFLAIFVCCVDACAIIMGVD,HLA-B*58:01,0.02,0.010224677865512843
WVIAILGYAMSFLAIFVCCVDACAIIMGVD,HLA-B*15:01,0.02,0
WVIAILGYAMSFLAIFVCCVDACAIIMGVD,HLA-DRB1*0101,0.02,0.011066104596692328
WVIAILGYAMSFLAIFVCCVDACAIIMGVD,HLA-DRB1*0301,0.02,0.014909389230345595
WVIAILGYAMSFLAIFVCCVDACAIIMGVD,HLA-DRB1*0401,0.02,0.03475846236137362
WVIAILGYAMSFLAIFVCCVDACAIIMGVD,HLA-DRB1*0405,0.02,0.014768880729874811
WVIAILGYAMSFLAIFVCCVDACAIIMGVD,HLA-DRB1*0701,0.02,0.01151008098739792
WVIAILGYAMSFLAIFVCCVDACAIIMGVD,HLA-DRB1*0802,0.02,0.01983277152401285
WVIAILGYAMSFLAIFVCCVDACAIIMGVD,HLA-DRB1*0901,0.02,0
WVIAILGYAMSFLAIFVCCVDACAIIMGVD,HLA-DRB1*1101,0.02,0.004062704931357193
IVMIVLVFVTSYVMTQMLYAVIFVSVMTLA,HLA-B*27:05,0.02,0.09439616613826171
WVIAILGYAMSFLAIFVCCVDACAIIMGVD,HLA-DRB1*1201,0.02,0
WVIAILGYAMSFLAIFVCCVDACAIIMGVD,HLA-DRB1*1302,0.02,0.030701165072013627
WVIAILGYAMSFLAIFVCCVDACAIIMGVD,HLA-DRB1*1501,0.02,0.08590362805109919
WVIAILGYAMSFLAIFVCCVDACAIIMGVD,HLA-DRB3*0101,0.02,0.015366063826670495
WVIAILGYAMSFLAIFVCCVDACAIIMGVD,HLA-DRB3*0202,0.02,0.04570678198229838
WVIAILGYAMSFLAIFVCCVDACAIIMGVD,HLA-DRB4*0101,0.02,0.20753621100095454
WVIAILGYAMSFLAIFVCCVDACAIIMGVD,HLA-DRB5*0101,0.02,0.0397120833994653
WVIAILGYAMSFLAIFVCCVDACAIIMGVD,HLA-DQA1*0501/DQB1*0201,0.02,0.04568485758744356
WVIAILGYAMSFLAIFVCCVDACAIIMGVD,HLA-DQA1*0501/DQB1*0301,0.02,0
WVIAILGYAMSFLAIFVCCVDACAIIMGVD,HLA-DQA1*0301/DQB1*0302,0.02,0
