from_peptide,from_ic50,to_peptide,to_ic50,haplotype,mhc_class
ANLVKVDNI,5430.7,AHLVKVDNI,5431.04,HLA-A*01:01,I
ANLVKVDNI,5430.7,DGILSWLIA,5460.79,HLA-A*01:01,I
ANLVKVDNI,5430.7,FDQCKCIFT,5431.61,HLA-A*01:01,I
ANLVKVDNI,5430.7,ANYVKVDNI,5431.39,HLA-A*01:01,I
ANLVKVDNI,5430.7,ANLVKVDKI,5427.41,HLA-A*01:01,I
ANLVKVDNI,5430.7,ANCVKVDNI,5431.96,HLA-A*01:01,I
ANLVKVDNI,5430.7,ANLIKVDNI,5431.31,HLA-A*01:01,I
ANLVKVDNI,5430.7,ANLNKVDNI,5431.53,HLA-A*01:01,I
ANLVKVDNI,5430.7,ARLVKVDNI,5429.83,HLA-A*01:01,I
ANLVKVDNI,5430.7,ANLVKVDNS,5424.24,HLA-A*01:01,I
ANLVKVDNI,5430.7,ANLVKVDVI,5434.97,HLA-A*01:01,I
ANLVKVDNI,5430.7,CNLVKVDNI,5429.25,HLA-A*01:01,I
ANLVKVDNI,5603.38,FDQCKCIFT,5622.57,HLA-A*02:01,I
ANLVKVDNI,5603.38,ANLNKVDNI,5593.89,HLA-A*02:01,I
ANLVKVDNI,5603.38,DGILSWLIA,5564.9,HLA-A*02:01,I
ANLVKVDNI,5603.38,ANLIKVDNI,5605.39,HLA-A*02:01,I
ANLVKVDNI,5603.38,ANYVKVDNI,5598.14,HLA-A*02:01,I
ANLVKVDNI,5603.38,AHLVKVDNI,5609.62,HLA-A*02:01,I
ANLVKVDNI,5603.38,ANCVKVDNI,5595.07,HLA-A*02:01,I
ANLVKVDNI,5603.38,ANLVKVDVI,5608.33,HLA-A*02:01,I
ANLVKVDNI,5603.38,ANLVKVDKI,5591.95,HLA-A*02:01,I
ANLVKVDNI,5603.38,ANLVKVDNS,5596.09,HLA-A*02:01,I
ANLVKVDNI,5603.38,ARLVKVDNI,5606.5,HLA-A*02:01,I
ANLVKVDNI,5603.38,CNLVKVDNI,5602.79,HLA-A*02:01,I
ANLVKVDNI,5620.81,ANLIKVDNI,5620.51,HLA-A*03:01,I
ANLVKVDNI,5620.81,ANCVKVDNI,5624.75,HLA-A*03:01,I
ANLVKVDNI,5620.81,FDQCKCIFT,5628.64,HLA-A*03:01,I
ANLVKVDNI,5620.81,DGILSWLIA,5646.58,HLA-A*03:01,I
ANLVKVDNI,5620.81,ANLVKVDVI,5626.12,HLA-A*03:01,I
ANLVKVDNI,5620.81,ANLNKVDNI,5633.38,HLA-A*03:01,I
ANLVKVDNI,5620.81,AHLVKVDNI,5632.1,HLA-A*03:01,I
ANLVKVDNI,5620.81,ANLVKVDNS,5622.45,HLA-A*03:01,I
ANLVKVDNI,5620.81,ANYVKVDNI,5640.11,HLA-A*03:01,I
ANLVKVDNI,5620.81,ANLVKVDKI,5623.75,HLA-A*03:01,I
ANLVKVDNI,5620.81,CNLVKVDNI,5625.94,HLA-A*03:01,I
ANLVKVDNI,5620.81,ARLVKVDNI,5616.11,HLA-A*03:01,I
ANLVKVDNI,5384.26,ANCVKVDNI,5392.29,HLA-A*24:02,I
ANLVKVDNI,5384.26,ANLVKVDNS,5418.26,HLA-A*24:02,I
ANLVKVDNI,5384.26,ANLIKVDNI,5384.49,HLA-A*24:02,I
ANLVKVDNI,5384.26,AHLVKVDNI,5372.28,HLA-A*24:02,I
ANLVKVDNI,5384.26,DGILSWLIA,5400.41,HLA-A*24:02,I
ANLVKVDNI,5384.26,ANLVKVDVI,5387.86,HLA-A*24:02,I
ANLVKVDNI,5384.26,ANLNKVDNI,5388.33,HLA-A*24:02,I
ANLVKVDNI,5384.26,ANLVKVDKI,5387.82,HLA-A*24:02,I
ANLVKVDNI,5384.26,CNLVKVDNI,5383.57,HLA-A*24:02,I
ANLVKVDNI,5384.26,FDQCKCIFT,5368.87,HLA-A*24:02,I
ANLVKVDNI,5384.26,ANYVKVDNI,5363.49,HLA-A*24:02,I
ANLVKVDNI,5384.26,ARLVKVDNI,5386.08,HLA-A*24:02,I
ANLVKVDNI,11703.86,AHLVKVDNI,11724.34,HLA-A*26:01,I
ANLVKVDNI,11703.86,ANCVKVDNI,12515.26,HLA-A*26:01,I
ANLVKVDNI,11703.86,ANLIKVDNI,11124.58,HLA-A*26:01,I
ANLVKVDNI,11703.86,ANLNKVDNI,12073.03,HLA-A*26:01,I
ANLVKVDNI,11703.86,ANLVKVDKI,11432.82,HLA-A*26:01,I
ANLVKVDNI,11703.86,ANLVKVDNS,10199.95,HLA-A*26:01,I
ANLVKVDNI,11703.86,ANLVKVDVI,11335.46,HLA-A*26:01,I
ANLVKVDNI,11703.86,ANYVKVDNI,13086.21,HLA-A*26:01,I
ANLVKVDNI,11703.86,ARLVKVDNI,12402.9,HLA-A*26:01,I
ANLVKVDNI,11703.86,CNLVKVDNI,11199.57,HLA-A*26:01,I
ANLVKVDNI,11703.86,DGILSWLIA,6130.03,HLA-A*26:01,I
ANLVKVDNI,11703.86,FDQCKCIFT,8710.44,HLA-A*26:01,I
ANLVKVDNI,30052.77,ANLNKVDNI,32116.32,HLA-B*07:02,I
ANLVKVDNI,30052.77,AHLVKVDNI,31442.45,HLA-B*07:02,I
ANLVKVDNI,30052.77,ANCVKVDNI,30530.63,HLA-B*07:02,I
ANLVKVDNI,30052.77,ANLIKVDNI,30738.5,HLA-B*07:02,I
ANLVKVDNI,30052.77,ANYVKVDNI,30250.63,HLA-B*07:02,I
ANLVKVDNI,30052.77,ANLVKVDKI,32489.41,HLA-B*07:02,I
ANLVKVDNI,30052.77,ANLVKVDNS,35056.85,HLA-B*07:02,I
ANLVKVDNI,30052.77,ANLVKVDVI,29589.93,HLA-B*07:02,I
ANLVKVDNI,30052.77,FDQCKCIFT,34396.68,HLA-B*07:02,I
ANLVKVDNI,30052.77,ARLVKVDNI,27881.55,HLA-B*07:02,I
ANLVKVDNI,30052.77,CNLVKVDNI,27456.03,HLA-B*07:02,I
ANLVKVDNI,30052.77,DGILSWLIA,31357.75,HLA-B*07:02,I
ANLVKVDNI,24925.47,ANLIKVDNI,23007.84,HLA-B*08:01,I
ANLVKVDNI,24925.47,ANLNKVDNI,21108.87,HLA-B*08:01,I
ANLVKVDNI,24925.47,AHLVKVDNI,31186.01,HLA-B*08:01,I
ANLVKVDNI,24925.47,ANCVKVDNI,29651.76,HLA-B*08:01,I
ANLVKVDNI,24925.47,ANLVKVDVI,10727.63,HLA-B*08:01,I
ANLVKVDNI,24925.47,ANYVKVDNI,18315.22,HLA-B*08:01,I
ANLVKVDNI,24925.47,ANLVKVDKI,26879.96,HLA-B*08:01,I
ANLVKVDNI,24925.47,ANLVKVDNS,31089.99,HLA-B*08:01,I
ANLVKVDNI,24925.47,DGILSWLIA,23881.38,HLA-B*08:01,I
ANLVKVDNI,24925.47,FDQCKCIFT,26075.48,HLA-B*08:01,I
ANLVKVDNI,24925.47,ARLVKVDNI,27355.06,HLA-B*08:01,I
ANLVKVDNI,24925.47,CNLVKVDNI,18935.93,HLA-B*08:01,I
ANLVKVDNI,28738.66,ANCVKVDNI,28954.15,HLA-B*15:01,I
ANLVKVDNI,28738.66,ANLIKVDNI,28082.83,HLA-B*15:01,I
ANLVKVDNI,28738.66,ANLNKVDNI,29599.36,HLA-B*15:01,I
ANLVKVDNI,28738.66,AHLVKVDNI,30631.64,HLA-B*15:01,I
ANLVKVDNI,28738.66,ANLVKVDNS,30659.97,HLA-B*15:01,I
ANLVKVDNI,28738.66,ANLVKVDVI,23009.86,HLA-B*15:01,I
ANLVKVDNI,28738.66,ANYVKVDNI,26480.36,HLA-B*15:01,I
ANLVKVDNI,28738.66,ANLVKVDKI,29787.5,HLA-B*15:01,I
ANLVKVDNI,28738.66,CNLVKVDNI,29552.98,HLA-B*15:01,I
ANLVKVDNI,28738.66,DGILSWLIA,27651.19,HLA-B*15:01,I
ANLVKVDNI,28738.66,FDQCKCIFT,26745.87,HLA-B*15:01,I
ANLVKVDNI,28738.66,ARLVKVDNI,31151.83,HLA-B*15:01,I
ANLVKVDNI,29138.64,AHLVKVDNI,28333.26,HLA-B*18:01,I
ANLVKVDNI,29138.64,ANCVKVDNI,29665.42,HLA-B*18:01,I
ANLVKVDNI,29138.64,ANLIKVDNI,28804.44,HLA-B*18:01,I
ANLVKVDNI,29138.64,ANLNKVDNI,29555.74,HLA-B*18:01,I
ANLVKVDNI,29138.64,ANLVKVDKI,31387.77,HLA-B*18:01,I
ANLVKVDNI,29138.64,ANLVKVDNS,30911.24,HLA-B*18:01,I
ANLVKVDNI,29138.64,ANLVKVDVI,27147,HLA-B*18:01,I
ANLVKVDNI,29138.64,ANYVKVDNI,30446.5,HLA-B*18:01,I
ANLVKVDNI,29138.64,ARLVKVDNI,28832.85,HLA-B*18:01,I
ANLVKVDNI,29138.64,CNLVKVDNI,23164.31,HLA-B*18:01,I
ANLVKVDNI,29138.64,DGILSWLIA,10587.25,HLA-B*18:01,I
ANLVKVDNI,29138.64,FDQCKCIFT,30680.12,HLA-B*18:01,I
ANLVKVDNI,32497.3,ANLNKVDNI,32821.04,HLA-B*27:05,I
ANLVKVDNI,32497.3,ANLVKVDKI,33596.62,HLA-B*27:05,I
ANLVKVDNI,32497.3,AHLVKVDNI,32472.46,HLA-B*27:05,I
ANLVKVDNI,32497.3,ANLIKVDNI,31339.43,HLA-B*27:05,I
ANLVKVDNI,32497.3,ANYVKVDNI,33887.03,HLA-B*27:05,I
ANLVKVDNI,32497.3,ARLVKVDNI,3774.52,HLA-B*27:05,I
ANLVKVDNI,32497.3,ANLVKVDNS,36785.46,HLA-B*27:05,I
ANLVKVDNI,32497.3,ANCVKVDNI,34873.14,HLA-B*27:05,I
ANLVKVDNI,32497.3,FDQCKCIFT,35772.97,HLA-B*27:05,I
ANLVKVDNI,32497.3,CNLVKVDNI,31116.6,HLA-B*27:05,I
ANLVKVDNI,32497.3,ANLVKVDVI,32863.66,HLA-B*27:05,I
ANLVKVDNI,32497.3,DGILSWLIA,25274.52,HLA-B*27:05,I
ANLVKVDNI,28403.09,ANLNKVDNI,29124.06,HLA-B*39:01,I
ANLVKVDNI,28403.09,ANLIKVDNI,28179.35,HLA-B*39:01,I
ANLVKVDNI,28403.09,ANYVKVDNI,28841.99,HLA-B*39:01,I
ANLVKVDNI,28403.09,ANLVKVDKI,30272.32,HLA-B*39:01,I
ANLVKVDNI,28403.09,ANLVKVDVI,26772,HLA-B*39:01,I
ANLVKVDNI,28403.09,FDQCKCIFT,31338.91,HLA-B*39:01,I
ANLVKVDNI,28403.09,ARLVKVDNI,21688.8,HLA-B*39:01,I
ANLVKVDNI,28403.09,ANLVKVDNS,29545.33,HLA-B*39:01,I
ANLVKVDNI,28403.09,ANCVKVDNI,29162.2,HLA-B*39:01,I
ANLVKVDNI,28403.09,AHLVKVDNI,20060.8,HLA-B*39:01,I
ANLVKVDNI,28403.09,DGILSWLIA,22994.32,HLA-B*39:01,I
ANLVKVDNI,28403.09,CNLVKVDNI,28168.96,HLA-B*39:01,I
ANLVKVDNI,21337.04,ANLIKVDNI,22892.61,HLA-B*40:02,I
ANLVKVDNI,21337.04,ANLNKVDNI,30335.92,HLA-B*40:02,I
ANLVKVDNI,21337.04,ANLVKVDVI,12512.92,HLA-B*40:02,I
ANLVKVDNI,21337.04,ANYVKVDNI,34005.1,HLA-B*40:02,I
ANLVKVDNI,21337.04,ANLVKVDNS,18727.94,HLA-B*40:02,I
ANLVKVDNI,21337.04,DGILSWLIA,21165.54,HLA-B*40:02,I
ANLVKVDNI,21337.04,FDQCKCIFT,25902.19,HLA-B*40:02,I
ANLVKVDNI,21337.04,ANLVKVDKI,30279.67,HLA-B*40:02,I
ANLVKVDNI,21337.04,CNLVKVDNI,33329.64,HLA-B*40:02,I
ANLVKVDNI,21337.04,ANCVKVDNI,29563.25,HLA-B*40:02,I
ANLVKVDNI,21337.04,ARLVKVDNI,18665.72,HLA-B*40:02,I
ANLVKVDNI,21337.04,AHLVKVDNI,17035.74,HLA-B*40:02,I
ANLVKVDNI,31941.89,ANLIKVDNI,31733.83,HLA-B*58:01,I
ANLVKVDNI,31941.89,ANLVKVDNS,37015.81,HLA-B*58:01,I
ANLVKVDNI,31941.89,ANLVKVDVI,30638.9,HLA-B*58:01,I
ANLVKVDNI,31941.89,ANLNKVDNI,32607.04,HLA-B*58:01,I
ANLVKVDNI,31941.89,ARLVKVDNI,34372.84,HLA-B*58:01,I
ANLVKVDNI,31941.89,CNLVKVDNI,32170.94,HLA-B*58:01,I
ANLVKVDNI,31941.89,DGILSWLIA,24781.47,HLA-B*58:01,I
ANLVKVDNI,31941.89,ANYVKVDNI,32757.59,HLA-B*58:01,I
ANLVKVDNI,31941.89,ANLVKVDKI,29942.83,HLA-B*58:01,I
ANLVKVDNI,31941.89,AHLVKVDNI,34051.08,HLA-B*58:01,I
ANLVKVDNI,31941.89,ANCVKVDNI,32093.85,HLA-B*58:01,I
ANLVKVDNI,31941.89,FDQCKCIFT,30885.51,HLA-B*58:01,I
GWFKPLLYS,5412.05,FNLVKVDNI,5431.29,HLA-A*01:01,I
GWFKPLLYS,5412.05,GWFKPLLYY,5429.16,HLA-A*01:01,I
GWFKPLLYS,5412.05,GWFKPWLYS,5414.43,HLA-A*01:01,I
GWFKPLLYS,5412.05,GWFKPLLPS,5426.98,HLA-A*01:01,I
GWFKPLLYS,5412.05,GWFKMLLYS,5406.4,HLA-A*01:01,I
GWFKPLLYS,5412.05,GDFKPLLYS,5413.64,HLA-A*01:01,I
GWFKPLLYS,5412.05,GKFKPLLYS,5414.68,HLA-A*01:01,I
GWFKPLLYS,5412.05,GWFGPLLYS,5412.16,HLA-A*01:01,I
GWFKPLLYS,5412.05,GWFKPLLYC,5449.3,HLA-A*01:01,I
GWFKPLLYS,5412.05,GWFKPLLCS,5423.71,HLA-A*01:01,I
GWFKPLLYS,5412.05,GWFKPLLES,5419.15,HLA-A*01:01,I
GWFKPLLYS,5412.05,GWFKPLLYD,5441.01,HLA-A*01:01,I
GWFKPLLYS,5627.39,GWFKPWLYS,5629.23,HLA-A*02:01,I
GWFKPLLYS,5627.39,GWFGPLLYS,5634.46,HLA-A*02:01,I
GWFKPLLYS,5627.39,GWFKPLLYY,5622.09,HLA-A*02:01,I
GWFKPLLYS,5627.39,GKFKPLLYS,5610.86,HLA-A*02:01,I
GWFKPLLYS,5627.39,GWFKPLLPS,5624.36,HLA-A*02:01,I
GWFKPLLYS,5627.39,FNLVKVDNI,5600.99,HLA-A*02:01,I
GWFKPLLYS,5627.39,GDFKPLLYS,5604.88,HLA-A*02:01,I
GWFKPLLYS,5627.39,GWFKPLLES,5624.73,HLA-A*02:01,I
GWFKPLLYS,5627.39,GWFKMLLYS,5633.39,HLA-A*02:01,I
GWFKPLLYS,5627.39,GWFKPLLCS,5599.15,HLA-A*02:01,I
GWFKPLLYS,5627.39,GWFKPLLYC,5648.11,HLA-A*02:01,I
GWFKPLLYS,5627.39,GWFKPLLYD,5581.83,HLA-A*02:01,I
GWFKPLLYS,5641.1,GKFKPLLYS,5635.64,HLA-A*03:01,I
GWFKPLLYS,5641.1,GDFKPLLYS,5626.94,HLA-A*03:01,I
GWFKPLLYS,5641.1,GWFKPWLYS,5655.1,HLA-A*03:01,I
GWFKPLLYS,5641.1,GWFKPLLYY,5668.93,HLA-A*03:01,I
GWFKPLLYS,5641.1,GWFKPLLES,5637.72,HLA-A*03:01,I
GWFKPLLYS,5641.1,GWFGPLLYS,5615.39,HLA-A*03:01,I
GWFKPLLYS,5641.1,FNLVKVDNI,5618.97,HLA-A*03:01,I
GWFKPLLYS,5641.1,GWFKPLLCS,5637.92,HLA-A*03:01,I
GWFKPLLYS,5641.1,GWFKPLLPS,5617.25,HLA-A*03:01,I
GWFKPLLYS,5641.1,GWFKMLLYS,5644.07,HLA-A*03:01,I
GWFKPLLYS,5641.1,GWFKPLLYD,5632.82,HLA-A*03:01,I
GWFKPLLYS,5641.1,GWFKPLLYC,5629.4,HLA-A*03:01,I
GWFKPLLYS,5565.24,GDFKPLLYS,5402.87,HLA-A*24:02,I
GWFKPLLYS,5565.24,GWFKPLLCS,5424.04,HLA-A*24:02,I
GWFKPLLYS,5565.24,GKFKPLLYS,5402.14,HLA-A*24:02,I
GWFKPLLYS,5565.24,FNLVKVDNI,5389.62,HLA-A*24:02,I
GWFKPLLYS,5565.24,GWFKPLLYY,5142.63,HLA-A*24:02,I
GWFKPLLYS,5565.24,GWFKPLLES,5476.97,HLA-A*24:02,I
GWFKPLLYS,5565.24,GWFGPLLYS,5600.97,HLA-A*24:02,I
GWFKPLLYS,5565.24,GWFKMLLYS,5311.67,HLA-A*24:02,I
GWFKPLLYS,5565.24,GWFKPLLYD,5614.46,HLA-A*24:02,I
GWFKPLLYS,5565.24,GWFKPWLYS,5618.79,HLA-A*24:02,I
GWFKPLLYS,5565.24,GWFKPLLPS,5368.27,HLA-A*24:02,I
GWFKPLLYS,5565.24,GWFKPLLYC,5572.64,HLA-A*24:02,I
GWFKPLLYS,8805.44,FNLVKVDNI,10429.18,HLA-A*26:01,I
GWFKPLLYS,8805.44,GDFKPLLYS,9275.8,HLA-A*26:01,I
GWFKPLLYS,8805.44,GKFKPLLYS,9048.2,HLA-A*26:01,I
GWFKPLLYS,8805.44,GWFGPLLYS,8841.11,HLA-A*26:01,I
GWFKPLLYS,8805.44,GWFKMLLYS,7857.91,HLA-A*26:01,I
GWFKPLLYS,8805.44,GWFKPLLCS,10523.04,HLA-A*26:01,I
GWFKPLLYS,8805.44,GWFKPLLES,10800.27,HLA-A*26:01,I
GWFKPLLYS,8805.44,GWFKPLLPS,11357.25,HLA-A*26:01,I
GWFKPLLYS,8805.44,GWFKPLLYC,8374.45,HLA-A*26:01,I
GWFKPLLYS,8805.44,GWFKPLLYD,11455.51,HLA-A*26:01,I
GWFKPLLYS,8805.44,GWFKPLLYY,10185.51,HLA-A*26:01,I
GWFKPLLYS,8805.44,GWFKPWLYS,8086.59,HLA-A*26:01,I
GWFKPLLYS,36559.68,GWFGPLLYS,37072.98,HLA-B*07:02,I
GWFKPLLYS,36559.68,FNLVKVDNI,28777.51,HLA-B*07:02,I
GWFKPLLYS,36559.68,GDFKPLLYS,37073.9,HLA-B*07:02,I
GWFKPLLYS,36559.68,GKFKPLLYS,36796.88,HLA-B*07:02,I
GWFKPLLYS,36559.68,GWFKPLLPS,30929.58,HLA-B*07:02,I
GWFKPLLYS,36559.68,GWFKMLLYS,35150.01,HLA-B*07:02,I
GWFKPLLYS,36559.68,GWFKPLLCS,36407.08,HLA-B*07:02,I
GWFKPLLYS,36559.68,GWFKPLLES,37253.56,HLA-B*07:02,I
GWFKPLLYS,36559.68,GWFKPWLYS,37242.26,HLA-B*07:02,I
GWFKPLLYS,36559.68,GWFKPLLYC,31739.84,HLA-B*07:02,I
GWFKPLLYS,36559.68,GWFKPLLYD,35007.06,HLA-B*07:02,I
GWFKPLLYS,36559.68,GWFKPLLYY,38017.47,HLA-B*07:02,I
GWFKPLLYS,16277.63,GKFKPLLYS,13322.94,HLA-B*08:01,I
GWFKPLLYS,16277.63,GWFGPLLYS,30299.3,HLA-B*08:01,I
GWFKPLLYS,16277.63,FNLVKVDNI,11147.18,HLA-B*08:01,I
GWFKPLLYS,16277.63,GDFKPLLYS,23587.26,HLA-B*08:01,I
GWFKPLLYS,16277.63,GWFKPLLES,14436.35,HLA-B*08:01,I
GWFKPLLYS,16277.63,GWFKPLLPS,10540.38,HLA-B*08:01,I
GWFKPLLYS,16277.63,GWFKMLLYS,10692.61,HLA-B*08:01,I
GWFKPLLYS,16277.63,GWFKPLLCS,15795.24,HLA-B*08:01,I
GWFKPLLYS,16277.63,GWFKPLLYY,32743.34,HLA-B*08:01,I
GWFKPLLYS,16277.63,GWFKPWLYS,24614.46,HLA-B*08:01,I
GWFKPLLYS,16277.63,GWFKPLLYC,18368.84,HLA-B*08:01,I
GWFKPLLYS,16277.63,GWFKPLLYD,26739.5,HLA-B*08:01,I
GWFKPLLYS,24217,GDFKPLLYS,31704.62,HLA-B*15:01,I
GWFKPLLYS,24217,GKFKPLLYS,29205.28,HLA-B*15:01,I
GWFKPLLYS,24217,GWFGPLLYS,23040.14,HLA-B*15:01,I
GWFKPLLYS,24217,FNLVKVDNI,28237.14,HLA-B*15:01,I
GWFKPLLYS,24217,GWFKPLLCS,23668.96,HLA-B*15:01,I
GWFKPLLYS,24217,GWFKPLLES,23575.46,HLA-B*15:01,I
GWFKPLLYS,24217,GWFKPLLPS,21927.09,HLA-B*15:01,I
GWFKPLLYS,24217,GWFKMLLYS,25584.29,HLA-B*15:01,I
GWFKPLLYS,24217,GWFKPLLYD,27057.58,HLA-B*15:01,I
GWFKPLLYS,24217,GWFKPLLYY,1631.42,HLA-B*15:01,I
GWFKPLLYS,24217,GWFKPWLYS,26481.61,HLA-B*15:01,I
GWFKPLLYS,24217,GWFKPLLYC,23905.69,HLA-B*15:01,I
GWFKPLLYS,29004.75,FNLVKVDNI,22990.05,HLA-B*18:01,I
GWFKPLLYS,29004.75,GDFKPLLYS,29627.95,HLA-B*18:01,I
GWFKPLLYS,29004.75,GKFKPLLYS,27771.92,HLA-B*18:01,I
GWFKPLLYS,29004.75,GWFGPLLYS,27573.72,HLA-B*18:01,I
GWFKPLLYS,29004.75,GWFKMLLYS,25573.68,HLA-B*18:01,I
GWFKPLLYS,29004.75,GWFKPLLCS,30019.44,HLA-B*18:01,I
GWFKPLLYS,29004.75,GWFKPLLES,27182.61,HLA-B*18:01,I
GWFKPLLYS,29004.75,GWFKPLLPS,26230.06,HLA-B*18:01,I
GWFKPLLYS,29004.75,GWFKPLLYC,28195.48,HLA-B*18:01,I
GWFKPLLYS,29004.75,GWFKPLLYD,27368.55,HLA-B*18:01,I
GWFKPLLYS,29004.75,GWFKPLLYY,12861.96,HLA-B*18:01,I
GWFKPLLYS,29004.75,GWFKPWLYS,28709.83,HLA-B*18:01,I
GWFKPLLYS,23765.91,GWFGPLLYS,26036.98,HLA-B*27:05,I
GWFKPLLYS,23765.91,GWFKMLLYS,9252.25,HLA-B*27:05,I
GWFKPLLYS,23765.91,FNLVKVDNI,31257.79,HLA-B*27:05,I
GWFKPLLYS,23765.91,GKFKPLLYS,7474.06,HLA-B*27:05,I
GWFKPLLYS,23765.91,GWFKPLLPS,24357.94,HLA-B*27:05,I
GWFKPLLYS,23765.91,GWFKPLLYC,25072.55,HLA-B*27:05,I
GWFKPLLYS,23765.91,GWFKPLLCS,26516.08,HLA-B*27:05,I
GWFKPLLYS,23765.91,GDFKPLLYS,29240.25,HLA-B*27:05,I
GWFKPLLYS,23765.91,GWFKPWLYS,23101.09,HLA-B*27:05,I
GWFKPLLYS,23765.91,GWFKPLLYD,27149.14,HLA-B*27:05,I
GWFKPLLYS,23765.91,GWFKPLLES,26331.49,HLA-B*27:05,I
GWFKPLLYS,23765.91,GWFKPLLYY,19744.08,HLA-B*27:05,I
GWFKPLLYS,31949.59,GWFGPLLYS,31847.87,HLA-B*39:01,I
GWFKPLLYS,31949.59,GKFKPLLYS,31675.2,HLA-B*39:01,I
GWFKPLLYS,31949.59,GWFKPLLPS,29511.17,HLA-B*39:01,I
GWFKPLLYS,31949.59,GWFKMLLYS,29912.57,HLA-B*39:01,I
GWFKPLLYS,31949.59,GWFKPLLES,31130.08,HLA-B*39:01,I
GWFKPLLYS,31949.59,GWFKPWLYS,32031.66,HLA-B*39:01,I
GWFKPLLYS,31949.59,GWFKPLLYC,26617.03,HLA-B*39:01,I
GWFKPLLYS,31949.59,GWFKPLLCS,30454.45,HLA-B*39:01,I
GWFKPLLYS,31949.59,GDFKPLLYS,31984.48,HLA-B*39:01,I
GWFKPLLYS,31949.59,FNLVKVDNI,22127.62,HLA-B*39:01,I
GWFKPLLYS,31949.59,GWFKPLLYY,32670.97,HLA-B*39:01,I
GWFKPLLYS,31949.59,GWFKPLLYD,31979.96,HLA-B*39:01,I
GWFKPLLYS,5984.81,GKFKPLLYS,18269.68,HLA-B*40:02,I
GWFKPLLYS,5984.81,GWFGPLLYS,7036.22,HLA-B*40:02,I
GWFKPLLYS,5984.81,GWFKPLLES,1907.4,HLA-B*40:02,I
GWFKPLLYS,5984.81,GWFKPLLPS,792.26,HLA-B*40:02,I
GWFKPLLYS,5984.81,GWFKPLLCS,5115.12,HLA-B*40:02,I
GWFKPLLYS,5984.81,GWFKPLLYY,20886.34,HLA-B*40:02,I
GWFKPLLYS,5984.81,GWFKPWLYS,9919.83,HLA-B*40:02,I
GWFKPLLYS,5984.81,GWFKMLLYS,1609.97,HLA-B*40:02,I
GWFKPLLYS,5984.81,GWFKPLLYD,15905.06,HLA-B*40:02,I
GWFKPLLYS,5984.81,GDFKPLLYS,3974.83,HLA-B*40:02,I
GWFKPLLYS,5984.81,GWFKPLLYC,2126.66,HLA-B*40:02,I
GWFKPLLYS,5984.81,FNLVKVDNI,29778.94,HLA-B*40:02,I
GWFKPLLYS,33715.29,GKFKPLLYS,35795,HLA-B*58:01,I
GWFKPLLYS,33715.29,GWFKPLLCS,33632.83,HLA-B*58:01,I
GWFKPLLYS,33715.29,GWFKPLLES,36386.58,HLA-B*58:01,I
GWFKPLLYS,33715.29,GWFGPLLYS,33352.88,HLA-B*58:01,I
GWFKPLLYS,33715.29,GWFKPLLYC,30244.52,HLA-B*58:01,I
GWFKPLLYS,33715.29,GWFKPLLYD,35830.3,HLA-B*58:01,I
GWFKPLLYS,33715.29,GWFKPLLYY,28670.75,HLA-B*58:01,I
GWFKPLLYS,33715.29,GWFKPLLPS,37226.28,HLA-B*58:01,I
GWFKPLLYS,33715.29,GWFKMLLYS,33785.38,HLA-B*58:01,I
GWFKPLLYS,33715.29,FNLVKVDNI,29321.43,HLA-B*58:01,I
GWFKPLLYS,33715.29,GDFKPLLYS,36281.14,HLA-B*58:01,I
GWFKPLLYS,33715.29,GWFKPWLYS,31613.5,HLA-B*58:01,I
KGILSWLIA,5459.64,HWFKPLLYS,5413.31,HLA-A*01:01,I
KGILSWLIA,5459.64,LGILSWLIA,5458.89,HLA-A*01:01,I
KGILSWLIA,5459.64,LGPGGEKHC,5440.63,HLA-A*01:01,I
KGILSWLIA,5459.64,KPILSWLIA,5457.91,HLA-A*01:01,I
KGILSWLIA,5459.64,KGILSWLIL,5443.96,HLA-A*01:01,I
KGILSWLIA,5459.64,KGIKSWLIA,5456.98,HLA-A*01:01,I
KGILSWLIA,5459.64,KGILSLLIA,5455.13,HLA-A*01:01,I
KGILSWLIA,5459.64,KGILSPLIA,5457.31,HLA-A*01:01,I
KGILSWLIA,5459.64,KVILSWLIA,5459.4,HLA-A*01:01,I
KGILSWLIA,5459.64,KGILVWLIA,5461.38,HLA-A*01:01,I
KGILSWLIA,5459.64,KGKLSWLIA,5456.95,HLA-A*01:01,I
KGILSWLIA,5459.64,LGETGEKHC,5447.83,HLA-A*01:01,I
KGILSWLIA,5577.46,LGPGGEKHC,5616.45,HLA-A*02:01,I
KGILSWLIA,5577.46,KGILSPLIA,5582.05,HLA-A*02:01,I
KGILSWLIA,5577.46,LGILSWLIA,5565.94,HLA-A*02:01,I
KGILSWLIA,5577.46,KGILSLLIA,5573.17,HLA-A*02:01,I
KGILSWLIA,5577.46,KPILSWLIA,5575.91,HLA-A*02:01,I
KGILSWLIA,5577.46,HWFKPLLYS,5640.5,HLA-A*02:01,I
KGILSWLIA,5577.46,KGIKSWLIA,5573.8,HLA-A*02:01,I
KGILSWLIA,5577.46,KGKLSWLIA,5575.87,HLA-A*02:01,I
KGILSWLIA,5577.46,KGILSWLIL,5607.28,HLA-A*02:01,I
KGILSWLIA,5577.46,KGILVWLIA,5575.04,HLA-A*02:01,I
KGILSWLIA,5577.46,KVILSWLIA,5581.2,HLA-A*02:01,I
KGILSWLIA,5577.46,LGETGEKHC,5614.13,HLA-A*02:01,I
KGILSWLIA,5650.19,KGILSLLIA,5641.37,HLA-A*03:01,I
KGILSWLIA,5650.19,KGIKSWLIA,5650.82,HLA-A*03:01,I
KGILSWLIA,5650.19,LGPGGEKHC,5618.46,HLA-A*03:01,I
KGILSWLIA,5650.19,LGILSWLIA,5651.91,HLA-A*03:01,I
KGILSWLIA,5650.19,KGKLSWLIA,5654.45,HLA-A*03:01,I
KGILSWLIA,5650.19,KGILSPLIA,5657.3,HLA-A*03:01,I
KGILSWLIA,5650.19,HWFKPLLYS,5627.89,HLA-A*03:01,I
KGILSWLIA,5650.19,KGILVWLIA,5645.32,HLA-A*03:01,I
KGILSWLIA,5650.19,KPILSWLIA,5646.79,HLA-A*03:01,I
KGILSWLIA,5650.19,KGILSWLIL,5515,HLA-A*03:01,I
KGILSWLIA,5650.19,LGETGEKHC,5610.19,HLA-A*03:01,I
KGILSWLIA,5650.19,KVILSWLIA,5733.67,HLA-A*03:01,I
KGILSWLIA,5402.97,KGIKSWLIA,5401.77,HLA-A*24:02,I
KGILSWLIA,5402.97,KGILVWLIA,5401.2,HLA-A*24:02,I
KGILSWLIA,5402.97,KGILSLLIA,5405.93,HLA-A*24:02,I
KGILSWLIA,5402.97,HWFKPLLYS,5646.41,HLA-A*24:02,I
KGILSWLIA,5402.97,LGILSWLIA,5406.33,HLA-A*24:02,I
KGILSWLIA,5402.97,KGKLSWLIA,5398.44,HLA-A*24:02,I
KGILSWLIA,5402.97,KGILSPLIA,5394.76,HLA-A*24:02,I
KGILSWLIA,5402.97,KGILSWLIL,5358.41,HLA-A*24:02,I
KGILSWLIA,5402.97,LGETGEKHC,5436.96,HLA-A*24:02,I
KGILSWLIA,5402.97,LGPGGEKHC,5433.98,HLA-A*24:02,I
KGILSWLIA,5402.97,KPILSWLIA,5396.23,HLA-A*24:02,I
KGILSWLIA,5402.97,KVILSWLIA,5393.61,HLA-A*24:02,I
KGILSWLIA,7805.39,HWFKPLLYS,8541.23,HLA-A*26:01,I
KGILSWLIA,7805.39,KGIKSWLIA,9349.23,HLA-A*26:01,I
KGILSWLIA,7805.39,KGILSLLIA,8031.28,HLA-A*26:01,I
KGILSWLIA,7805.39,KGILSPLIA,11324.33,HLA-A*26:01,I
KGILSWLIA,7805.39,KGILSWLIL,8404.62,HLA-A*26:01,I
KGILSWLIA,7805.39,KGILVWLIA,7666.47,HLA-A*26:01,I
KGILSWLIA,7805.39,KGKLSWLIA,9749.19,HLA-A*26:01,I
KGILSWLIA,7805.39,KPILSWLIA,9678.76,HLA-A*26:01,I
KGILSWLIA,7805.39,KVILSWLIA,5238.64,HLA-A*26:01,I
KGILSWLIA,7805.39,LGETGEKHC,11952.42,HLA-A*26:01,I
KGILSWLIA,7805.39,LGILSWLIA,6315.48,HLA-A*26:01,I
KGILSWLIA,7805.39,LGPGGEKHC,12285.65,HLA-A*26:01,I
KGILSWLIA,26737.47,KGILSPLIA,28170.82,HLA-B*07:02,I
KGILSWLIA,26737.47,HWFKPLLYS,36493.32,HLA-B*07:02,I
KGILSWLIA,26737.47,KGIKSWLIA,25033.61,HLA-B*07:02,I
KGILSWLIA,26737.47,KGILSLLIA,28770.87,HLA-B*07:02,I
KGILSWLIA,26737.47,KPILSWLIA,159.82,HLA-B*07:02,I
KGILSWLIA,26737.47,KGILSWLIL,19888.4,HLA-B*07:02,I
KGILSWLIA,26737.47,KGILVWLIA,26776.42,HLA-B*07:02,I
KGILSWLIA,26737.47,KGKLSWLIA,25153.53,HLA-B*07:02,I
KGILSWLIA,26737.47,LGPGGEKHC,29705.83,HLA-B*07:02,I
KGILSWLIA,26737.47,KVILSWLIA,22986.02,HLA-B*07:02,I
KGILSWLIA,26737.47,LGETGEKHC,32705.82,HLA-B*07:02,I
KGILSWLIA,26737.47,LGILSWLIA,28541.34,HLA-B*07:02,I
KGILSWLIA,19669.59,KGILSLLIA,14691.95,HLA-B*08:01,I
KGILSWLIA,19669.59,KGILSPLIA,23218.53,HLA-B*08:01,I
KGILSWLIA,19669.59,HWFKPLLYS,17418.27,HLA-B*08:01,I
KGILSWLIA,19669.59,KGIKSWLIA,9013.66,HLA-B*08:01,I
KGILSWLIA,19669.59,KGKLSWLIA,6545.97,HLA-B*08:01,I
KGILSWLIA,19669.59,KPILSWLIA,11547.35,HLA-B*08:01,I
KGILSWLIA,19669.59,KGILSWLIL,11610.51,HLA-B*08:01,I
KGILSWLIA,19669.59,KGILVWLIA,22684.05,HLA-B*08:01,I
KGILSWLIA,19669.59,LGILSWLIA,12363.26,HLA-B*08:01,I
KGILSWLIA,19669.59,LGPGGEKHC,35678.92,HLA-B*08:01,I
KGILSWLIA,19669.59,KVILSWLIA,23795.52,HLA-B*08:01,I
KGILSWLIA,19669.59,LGETGEKHC,33160.66,HLA-B*08:01,I
KGILSWLIA,16428.81,KGIKSWLIA,14584.61,HLA-B*15:01,I
KGILSWLIA,16428.81,KGILSLLIA,12313.3,HLA-B*15:01,I
KGILSWLIA,16428.81,KGILSPLIA,15827.91,HLA-B*15:01,I
KGILSWLIA,16428.81,HWFKPLLYS,21081.7,HLA-B*15:01,I
KGILSWLIA,16428.81,KGILVWLIA,17283.81,HLA-B*15:01,I
KGILSWLIA,16428.81,KGKLSWLIA,15319.71,HLA-B*15:01,I
KGILSWLIA,16428.81,KPILSWLIA,25251.83,HLA-B*15:01,I
KGILSWLIA,16428.81,KGILSWLIL,17721.86,HLA-B*15:01,I
KGILSWLIA,16428.81,LGETGEKHC,30273.24,HLA-B*15:01,I
KGILSWLIA,16428.81,LGILSWLIA,15452.84,HLA-B*15:01,I
KGILSWLIA,16428.81,LGPGGEKHC,27329.02,HLA-B*15:01,I
KGILSWLIA,16428.81,KVILSWLIA,10287.02,HLA-B*15:01,I
KGILSWLIA,17414,HWFKPLLYS,31039.43,HLA-B*18:01,I
KGILSWLIA,17414,KGIKSWLIA,26233.78,HLA-B*18:01,I
KGILSWLIA,17414,KGILSLLIA,21001.34,HLA-B*18:01,I
KGILSWLIA,17414,KGILSPLIA,27179.99,HLA-B*18:01,I
KGILSWLIA,17414,KGILSWLIL,15036.27,HLA-B*18:01,I
KGILSWLIA,17414,KGILVWLIA,16110.98,HLA-B*18:01,I
KGILSWLIA,17414,KGKLSWLIA,21529.33,HLA-B*18:01,I
KGILSWLIA,17414,KPILSWLIA,23146.12,HLA-B*18:01,I
KGILSWLIA,17414,KVILSWLIA,22205.46,HLA-B*18:01,I
KGILSWLIA,17414,LGETGEKHC,29065.17,HLA-B*18:01,I
KGILSWLIA,17414,LGILSWLIA,20331.83,HLA-B*18:01,I
KGILSWLIA,17414,LGPGGEKHC,30360.14,HLA-B*18:01,I
KGILSWLIA,15373.15,KGILSPLIA,24370.21,HLA-B*27:05,I
KGILSWLIA,15373.15,KGILSWLIL,7855.43,HLA-B*27:05,I
KGILSWLIA,15373.15,HWFKPLLYS,24555.75,HLA-B*27:05,I
KGILSWLIA,15373.15,KGILSLLIA,16346.35,HLA-B*27:05,I
KGILSWLIA,15373.15,KPILSWLIA,35370.64,HLA-B*27:05,I
KGILSWLIA,15373.15,KVILSWLIA,23324.67,HLA-B*27:05,I
KGILSWLIA,15373.15,KGILVWLIA,14957.45,HLA-B*27:05,I
KGILSWLIA,15373.15,KGIKSWLIA,17424.72,HLA-B*27:05,I
KGILSWLIA,15373.15,LGPGGEKHC,37575.2,HLA-B*27:05,I
KGILSWLIA,15373.15,LGETGEKHC,37116.12,HLA-B*27:05,I
KGILSWLIA,15373.15,KGKLSWLIA,20019.21,HLA-B*27:05,I
KGILSWLIA,15373.15,LGILSWLIA,24387.43,HLA-B*27:05,I
KGILSWLIA,23785.8,KGILSPLIA,27298.14,HLA-B*39:01,I
KGILSWLIA,23785.8,KGILSLLIA,25280.66,HLA-B*39:01,I
KGILSWLIA,23785.8,KPILSWLIA,13056.19,HLA-B*39:01,I
KGILSWLIA,23785.8,KGILSWLIL,8257.62,HLA-B*39:01,I
KGILSWLIA,23785.8,KGKLSWLIA,28735.95,HLA-B*39:01,I
KGILSWLIA,23785.8,LGPGGEKHC,29469.69,HLA-B*39:01,I
KGILSWLIA,23785.8,KVILSWLIA,23403.98,HLA-B*39:01,I
KGILSWLIA,23785.8,KGILVWLIA,24591.86,HLA-B*39:01,I
KGILSWLIA,23785.8,KGIKSWLIA,29303,HLA-B*39:01,I
KGILSWLIA,23785.8,HWFKPLLYS,31636.6,HLA-B*39:01,I
KGILSWLIA,23785.8,LGILSWLIA,23055.51,HLA-B*39:01,I
KGILSWLIA,23785.8,LGETGEKHC,29872.62,HLA-B*39:01,I
KGILSWLIA,15354.1,KGILSLLIA,9235.31,HLA-B*40:02,I
KGILSWLIA,15354.1,KGILSPLIA,4356.18,HLA-B*40:02,I
KGILSWLIA,15354.1,KGKLSWLIA,18420.2,HLA-B*40:02,I
KGILSWLIA,15354.1,KPILSWLIA,8061.34,HLA-B*40:02,I
KGILSWLIA,15354.1,KGILVWLIA,12767.12,HLA-B*40:02,I
KGILSWLIA,15354.1,LGILSWLIA,23047.6,HLA-B*40:02,I
KGILSWLIA,15354.1,LGPGGEKHC,39205.22,HLA-B*40:02,I
KGILSWLIA,15354.1,KGILSWLIL,14085.54,HLA-B*40:02,I
KGILSWLIA,15354.1,LGETGEKHC,36728.87,HLA-B*40:02,I
KGILSWLIA,15354.1,KGIKSWLIA,29843.48,HLA-B*40:02,I
KGILSWLIA,15354.1,KVILSWLIA,32625.52,HLA-B*40:02,I
KGILSWLIA,15354.1,HWFKPLLYS,24527.65,HLA-B*40:02,I
KGILSWLIA,12894.69,KGILSLLIA,11334.92,HLA-B*58:01,I
KGILSWLIA,12894.69,KGILVWLIA,12916.69,HLA-B*58:01,I
KGILSWLIA,12894.69,KGKLSWLIA,23702.52,HLA-B*58:01,I
KGILSWLIA,12894.69,KGILSPLIA,7053.41,HLA-B*58:01,I
KGILSWLIA,12894.69,KVILSWLIA,11221.11,HLA-B*58:01,I
KGILSWLIA,12894.69,LGETGEKHC,32512.57,HLA-B*58:01,I
KGILSWLIA,12894.69,LGILSWLIA,17578.98,HLA-B*58:01,I
KGILSWLIA,12894.69,KPILSWLIA,31680.56,HLA-B*58:01,I
KGILSWLIA,12894.69,KGILSWLIL,6773.28,HLA-B*58:01,I
KGILSWLIA,12894.69,HWFKPLLYS,32815.28,HLA-B*58:01,I
KGILSWLIA,12894.69,KGIKSWLIA,7351.45,HLA-B*58:01,I
KGILSWLIA,12894.69,LGPGGEKHC,34322.05,HLA-B*58:01,I
LGPTGEKHC,5440.8,LGPMGEKHC,5442.09,HLA-A*01:01,I
LGPTGEKHC,5440.8,MRATHTYYQ,5429.95,HLA-A*01:01,I
LGPTGEKHC,5440.8,NCHLQPEQH,5449.22,HLA-A*01:01,I
LGPTGEKHC,5440.8,LIPTGEKHC,5441.5,HLA-A*01:01,I
LGPTGEKHC,5440.8,LGPTGEKHT,5419.66,HLA-A*01:01,I
LGPTGEKHC,5440.8,LGPTDEKHC,5439.78,HLA-A*01:01,I
LGPTGEKHC,5440.8,LGPTGECHC,5439.72,HLA-A*01:01,I
LGPTGEKHC,5440.8,LGPTGEKDC,5437.96,HLA-A*01:01,I
LGPTGEKHC,5440.8,LSPTGEKHC,5438.84,HLA-A*01:01,I
LGPTGEKHC,5440.8,LGPTGENHC,5444.69,HLA-A*01:01,I
LGPTGEKHC,5440.8,LGQTGEKHC,5446.37,HLA-A*01:01,I
LGPTGEKHC,5440.8,MMESNHKDP,5397.73,HLA-A*01:01,I
LGPTGEKHC,5613.72,NCHLQPEQH,5593.7,HLA-A*02:01,I
LGPTGEKHC,5613.72,LGPTGEKDC,5620.02,HLA-A*02:01,I
LGPTGEKHC,5613.72,MRATHTYYQ,5597.72,HLA-A*02:01,I
LGPTGEKHC,5613.72,LGPTGECHC,5609.37,HLA-A*02:01,I
LGPTGEKHC,5613.72,LIPTGEKHC,5622.95,HLA-A*02:01,I
LGPTGEKHC,5613.72,LGPMGEKHC,5616.93,HLA-A*02:01,I
LGPTGEKHC,5613.72,LGPTDEKHC,5609.98,HLA-A*02:01,I
LGPTGEKHC,5613.72,LGQTGEKHC,5620,HLA-A*02:01,I
LGPTGEKHC,5613.72,LGPTGEKHT,5623.25,HLA-A*02:01,I
LGPTGEKHC,5613.72,LGPTGENHC,5607.05,HLA-A*02:01,I
LGPTGEKHC,5613.72,LSPTGEKHC,5614.56,HLA-A*02:01,I
LGPTGEKHC,5613.72,MMESNHKDP,5620.63,HLA-A*02:01,I
LGPTGEKHC,5613.12,LGPTGECHC,5604.49,HLA-A*03:01,I
LGPTGEKHC,5613.12,LGPTDEKHC,5612.88,HLA-A*03:01,I
LGPTGEKHC,5613.12,NCHLQPEQH,5632.48,HLA-A*03:01,I
LGPTGEKHC,5613.12,MRATHTYYQ,5640.29,HLA-A*03:01,I
LGPTGEKHC,5613.12,LGQTGEKHC,5614.69,HLA-A*03:01,I
LGPTGEKHC,5613.12,LGPTGEKDC,5612.79,HLA-A*03:01,I
LGPTGEKHC,5613.12,LGPMGEKHC,5615.02,HLA-A*03:01,I
LGPTGEKHC,5613.12,LGPTGENHC,5613.42,HLA-A*03:01,I
LGPTGEKHC,5613.12,LIPTGEKHC,5647.58,HLA-A*03:01,I
LGPTGEKHC,5613.12,LGPTGEKHT,5617.25,HLA-A*03:01,I
LGPTGEKHC,5613.12,MMESNHKDP,5634.63,HLA-A*03:01,I
LGPTGEKHC,5613.12,LSPTGEKHC,5629.53,HLA-A*03:01,I
LGPTGEKHC,5434.42,LGPTDEKHC,5435.27,HLA-A*24:02,I
LGPTGEKHC,5434.42,LGPTGENHC,5431.84,HLA-A*24:02,I
LGPTGEKHC,5434.42,LGPTGECHC,5427.68,HLA-A*24:02,I
LGPTGEKHC,5434.42,LGPMGEKHC,5434.12,HLA-A*24:02,I
LGPTGEKHC,5434.42,MRATHTYYQ,5381.27,HLA-A*24:02,I
LGPTGEKHC,5434.42,LGQTGEKHC,5436.14,HLA-A*24:02,I
LGPTGEKHC,5434.42,LGPTGEKDC,5444.04,HLA-A*24:02,I
LGPTGEKHC,5434.42,LGPTGEKHT,5388.26,HLA-A*24:02,I
LGPTGEKHC,5434.42,MMESNHKDP,5397.01,HLA-A*24:02,I
LGPTGEKHC,5434.42,NCHLQPEQH,5379.52,HLA-A*24:02,I
LGPTGEKHC,5434.42,LIPTGEKHC,5429.12,HLA-A*24:02,I
LGPTGEKHC,5434.42,LSPTGEKHC,5434.92,HLA-A*24:02,I
LGPTGEKHC,12276.52,LGPMGEKHC,12164.6,HLA-A*26:01,I
LGPTGEKHC,12276.52,LGPTDEKHC,12166.26,HLA-A*26:01,I
LGPTGEKHC,12276.52,LGPTGECHC,11678.5,HLA-A*26:01,I
LGPTGEKHC,12276.52,LGPTGEKDC,12185.22,HLA-A*26:01,I
LGPTGEKHC,12276.52,LGPTGEKHT,13300.11,HLA-A*26:01,I
LGPTGEKHC,12276.52,LGPTGENHC,12539.78,HLA-A*26:01,I
LGPTGEKHC,12276.52,LGQTGEKHC,12323.25,HLA-A*26:01,I
LGPTGEKHC,12276.52,LIPTGEKHC,11419.6,HLA-A*26:01,I
LGPTGEKHC,12276.52,LSPTGEKHC,12359.4,HLA-A*26:01,I
LGPTGEKHC,12276.52,MMESNHKDP,12116.66,HLA-A*26:01,I
LGPTGEKHC,12276.52,MRATHTYYQ,12689.22,HLA-A*26:01,I
LGPTGEKHC,12276.52,NCHLQPEQH,13512.6,HLA-A*26:01,I
LGPTGEKHC,30732.73,LGPTGEKDC,30114.25,HLA-B*07:02,I
LGPTGEKHC,30732.73,LGPMGEKHC,31007.49,HLA-B*07:02,I
LGPTGEKHC,30732.73,LGPTDEKHC,31776.99,HLA-B*07:02,I
LGPTGEKHC,30732.73,LGPTGECHC,31036.33,HLA-B*07:02,I
LGPTGEKHC,30732.73,LIPTGEKHC,27857.35,HLA-B*07:02,I
LGPTGEKHC,30732.73,LGPTGEKHT,33723.38,HLA-B*07:02,I
LGPTGEKHC,30732.73,LGPTGENHC,30372.45,HLA-B*07:02,I
LGPTGEKHC,30732.73,LGQTGEKHC,32404.01,HLA-B*07:02,I
LGPTGEKHC,30732.73,NCHLQPEQH,30726.3,HLA-B*07:02,I
LGPTGEKHC,30732.73,LSPTGEKHC,26874.75,HLA-B*07:02,I
LGPTGEKHC,30732.73,MMESNHKDP,37240.97,HLA-B*07:02,I
LGPTGEKHC,30732.73,MRATHTYYQ,34955.78,HLA-B*07:02,I
LGPTGEKHC,34469.84,LGPTGECHC,35283.1,HLA-B*08:01,I
LGPTGEKHC,34469.84,LGPTGEKDC,37044.19,HLA-B*08:01,I
LGPTGEKHC,34469.84,LGPMGEKHC,34545.82,HLA-B*08:01,I
LGPTGEKHC,34469.84,LGPTDEKHC,34376.91,HLA-B*08:01,I
LGPTGEKHC,34469.84,LGQTGEKHC,33745.64,HLA-B*08:01,I
LGPTGEKHC,34469.84,LIPTGEKHC,33717.01,HLA-B*08:01,I
LGPTGEKHC,34469.84,LGPTGEKHT,33704.15,HLA-B*08:01,I
LGPTGEKHC,34469.84,LGPTGENHC,34582.52,HLA-B*08:01,I
LGPTGEKHC,34469.84,MRATHTYYQ,19575.57,HLA-B*08:01,I
LGPTGEKHC,34469.84,NCHLQPEQH,35887.34,HLA-B*08:01,I
LGPTGEKHC,34469.84,LSPTGEKHC,34409.56,HLA-B*08:01,I
LGPTGEKHC,34469.84,MMESNHKDP,29493.61,HLA-B*08:01,I
LGPTGEKHC,27094.16,LGPTDEKHC,28554.33,HLA-B*15:01,I
LGPTGEKHC,27094.16,LGPTGECHC,23710.72,HLA-B*15:01,I
LGPTGEKHC,27094.16,LGPTGEKDC,30400.8,HLA-B*15:01,I
LGPTGEKHC,27094.16,LGPMGEKHC,26992.25,HLA-B*15:01,I
LGPTGEKHC,27094.16,LGPTGENHC,27690.87,HLA-B*15:01,I
LGPTGEKHC,27094.16,LGQTGEKHC,25616.6,HLA-B*15:01,I
LGPTGEKHC,27094.16,LIPTGEKHC,21396.52,HLA-B*15:01,I
LGPTGEKHC,27094.16,LGPTGEKHT,24883.98,HLA-B*15:01,I
LGPTGEKHC,27094.16,MMESNHKDP,22036.39,HLA-B*15:01,I
LGPTGEKHC,27094.16,MRATHTYYQ,26952.24,HLA-B*15:01,I
LGPTGEKHC,27094.16,NCHLQPEQH,30763.09,HLA-B*15:01,I
LGPTGEKHC,27094.16,LSPTGEKHC,22029.53,HLA-B*15:01,I
LGPTGEKHC,30497.63,LGPMGEKHC,30377.67,HLA-B*18:01,I
LGPTGEKHC,30497.63,LGPTDEKHC,30022.42,HLA-B*18:01,I
LGPTGEKHC,30497.63,LGPTGECHC,30504.21,HLA-B*18:01,I
LGPTGEKHC,30497.63,LGPTGEKDC,33421.15,HLA-B*18:01,I
LGPTGEKHC,30497.63,LGPTGEKHT,33218.01,HLA-B*18:01,I
LGPTGEKHC,30497.63,LGPTGENHC,30250.7,HLA-B*18:01,I
LGPTGEKHC,30497.63,LGQTGEKHC,30555.29,HLA-B*18:01,I
LGPTGEKHC,30497.63,LIPTGEKHC,29964.83,HLA-B*18:01,I
LGPTGEKHC,30497.63,LSPTGEKHC,29853.66,HLA-B*18:01,I
LGPTGEKHC,30497.63,MMESNHKDP,32698.98,HLA-B*18:01,I
LGPTGEKHC,30497.63,MRATHTYYQ,23341.19,HLA-B*18:01,I
LGPTGEKHC,30497.63,NCHLQPEQH,24360.71,HLA-B*18:01,I
LGPTGEKHC,37383.41,LGPTGEKDC,37447.83,HLA-B*27:05,I
LGPTGEKHC,37383.41,LGPTGEKHT,36915.32,HLA-B*27:05,I
LGPTGEKHC,37383.41,LGPMGEKHC,37488.42,HLA-B*27:05,I
LGPTGEKHC,37383.41,LGPTGECHC,37733.83,HLA-B*27:05,I
LGPTGEKHC,37383.41,LIPTGEKHC,38578.62,HLA-B*27:05,I
LGPTGEKHC,37383.41,LSPTGEKHC,37689.82,HLA-B*27:05,I
LGPTGEKHC,37383.41,LGPTGENHC,37123.03,HLA-B*27:05,I
LGPTGEKHC,37383.41,LGPTDEKHC,37783.17,HLA-B*27:05,I
LGPTGEKHC,37383.41,NCHLQPEQH,33848.09,HLA-B*27:05,I
LGPTGEKHC,37383.41,MMESNHKDP,36393.74,HLA-B*27:05,I
LGPTGEKHC,37383.41,LGQTGEKHC,37153.41,HLA-B*27:05,I
LGPTGEKHC,37383.41,MRATHTYYQ,6072.96,HLA-B*27:05,I
LGPTGEKHC,29565.92,LGPTGEKDC,30137.96,HLA-B*39:01,I
LGPTGEKHC,29565.92,LGPTGECHC,28633.38,HLA-B*39:01,I
LGPTGEKHC,29565.92,LIPTGEKHC,30296,HLA-B*39:01,I
LGPTGEKHC,29565.92,LGPTGEKHT,31467.93,HLA-B*39:01,I
LGPTGEKHC,29565.92,LGQTGEKHC,30383.95,HLA-B*39:01,I
LGPTGEKHC,29565.92,NCHLQPEQH,21233.56,HLA-B*39:01,I
LGPTGEKHC,29565.92,LSPTGEKHC,28814.49,HLA-B*39:01,I
LGPTGEKHC,29565.92,LGPTGENHC,28595.67,HLA-B*39:01,I
LGPTGEKHC,29565.92,LGPTDEKHC,30509.1,HLA-B*39:01,I
LGPTGEKHC,29565.92,LGPMGEKHC,29203.62,HLA-B*39:01,I
LGPTGEKHC,29565.92,MRATHTYYQ,19939.37,HLA-B*39:01,I
LGPTGEKHC,29565.92,MMESNHKDP,29111.24,HLA-B*39:01,I
LGPTGEKHC,39176.63,LGPTGECHC,38388.77,HLA-B*40:02,I
LGPTGEKHC,39176.63,LGPTGEKDC,40149.09,HLA-B*40:02,I
LGPTGEKHC,39176.63,LGQTGEKHC,40014.03,HLA-B*40:02,I
LGPTGEKHC,39176.63,LIPTGEKHC,40387.23,HLA-B*40:02,I
LGPTGEKHC,39176.63,LGPTGENHC,39098.65,HLA-B*40:02,I
LGPTGEKHC,39176.63,MRATHTYYQ,31096.35,HLA-B*40:02,I
LGPTGEKHC,39176.63,NCHLQPEQH,35609.11,HLA-B*40:02,I
LGPTGEKHC,39176.63,LGPTGEKHT,42591.65,HLA-B*40:02,I
LGPTGEKHC,39176.63,MMESNHKDP,38993.78,HLA-B*40:02,I
LGPTGEKHC,39176.63,LGPTDEKHC,38853.26,HLA-B*40:02,I
LGPTGEKHC,39176.63,LSPTGEKHC,39024,HLA-B*40:02,I
LGPTGEKHC,39176.63,LGPMGEKHC,36577.38,HLA-B*40:02,I
LGPTGEKHC,33093.63,LGPTGECHC,21908.17,HLA-B*58:01,I
LGPTGEKHC,33093.63,LGPTGENHC,25229.06,HLA-B*58:01,I
LGPTGEKHC,33093.63,LGQTGEKHC,28463.33,HLA-B*58:01,I
LGPTGEKHC,33093.63,LGPTGEKDC,37760.28,HLA-B*58:01,I
LGPTGEKHC,33093.63,LSPTGEKHC,30091.73,HLA-B*58:01,I
LGPTGEKHC,33093.63,MMESNHKDP,38346.22,HLA-B*58:01,I
LGPTGEKHC,33093.63,MRATHTYYQ,28268.77,HLA-B*58:01,I
LGPTGEKHC,33093.63,LIPTGEKHC,36997.67,HLA-B*58:01,I
LGPTGEKHC,33093.63,LGPTGEKHT,36490.64,HLA-B*58:01,I
LGPTGEKHC,33093.63,LGPMGEKHC,32305.36,HLA-B*58:01,I
LGPTGEKHC,33093.63,LGPTDEKHC,32058.24,HLA-B*58:01,I
LGPTGEKHC,33093.63,NCHLQPEQH,36015.26,HLA-B*58:01,I
NFHLQPEQH,5443.79,NFHCQPEQH,5432.89,HLA-A*01:01,I
NFHLQPEQH,5443.79,NRHLQPEQH,5442.48,HLA-A*01:01,I
NFHLQPEQH,5443.79,QGPTGEKHC,5441.33,HLA-A*01:01,I
NFHLQPEQH,5443.79,NFPLQPEQH,5441.82,HLA-A*01:01,I
NFHLQPEQH,5443.79,NFHSQPEQH,5438.63,HLA-A*01:01,I
NFHLQPEQH,5443.79,NFHLQPELH,5445.73,HLA-A*01:01,I
NFHLQPEQH,5443.79,NFHLQPMQH,5441.23,HLA-A*01:01,I
NFHLQPEQH,5443.79,NFHLQPYQH,5441.76,HLA-A*01:01,I
NFHLQPEQH,5443.79,NFTLQPEQH,5443.58,HLA-A*01:01,I
NFHLQPEQH,5443.79,NFHWQPEQH,5445.51,HLA-A*01:01,I
NFHLQPEQH,5443.79,NFMLQPEQH,5446,HLA-A*01:01,I
NFHLQPEQH,5443.79,NGILSWLIA,5462.29,HLA-A*01:01,I
NFHLQPEQH,5597.19,QGPTGEKHC,5605.05,HLA-A*02:01,I
NFHLQPEQH,5597.19,NFHLQPYQH,5605.77,HLA-A*02:01,I
NFHLQPEQH,5597.19,NRHLQPEQH,5600.47,HLA-A*02:01,I
NFHLQPEQH,5597.19,NFHLQPMQH,5605.56,HLA-A*02:01,I
NFHLQPEQH,5597.19,NFPLQPEQH,5594.38,HLA-A*02:01,I
NFHLQPEQH,5597.19,NFHCQPEQH,5589.48,HLA-A*02:01,I
NFHLQPEQH,5597.19,NFHLQPELH,5601.82,HLA-A*02:01,I
NFHLQPEQH,5597.19,NFMLQPEQH,5605.46,HLA-A*02:01,I
NFHLQPEQH,5597.19,NFHSQPEQH,5586.75,HLA-A*02:01,I
NFHLQPEQH,5597.19,NFHWQPEQH,5588.69,HLA-A*02:01,I
NFHLQPEQH,5597.19,NFTLQPEQH,5598.9,HLA-A*02:01,I
NFHLQPEQH,5597.19,NGILSWLIA,5575.98,HLA-A*02:01,I
NFHLQPEQH,5637.7,NFHLQPMQH,5650.25,HLA-A*03:01,I
NFHLQPEQH,5637.7,NFHLQPELH,5647.94,HLA-A*03:01,I
NFHLQPEQH,5637.7,QGPTGEKHC,5614.08,HLA-A*03:01,I
NFHLQPEQH,5637.7,NRHLQPEQH,5633.01,HLA-A*03:01,I
NFHLQPEQH,5637.7,NFMLQPEQH,5635.72,HLA-A*03:01,I
NFHLQPEQH,5637.7,NFHLQPYQH,5642.51,HLA-A*03:01,I
NFHLQPEQH,5637.7,NFHCQPEQH,5639.73,HLA-A*03:01,I
NFHLQPEQH,5637.7,NFHWQPEQH,5650.29,HLA-A*03:01,I
NFHLQPEQH,5637.7,NFPLQPEQH,5640.81,HLA-A*03:01,I
NFHLQPEQH,5637.7,NFHSQPEQH,5642.61,HLA-A*03:01,I
NFHLQPEQH,5637.7,NGILSWLIA,5652.83,HLA-A*03:01,I
NFHLQPEQH,5637.7,NFTLQPEQH,5637.02,HLA-A*03:01,I
NFHLQPEQH,5382.86,NFHLQPELH,5395.62,HLA-A*24:02,I
NFHLQPEQH,5382.86,NFHWQPEQH,5434.32,HLA-A*24:02,I
NFHLQPEQH,5382.86,NFHLQPMQH,5350.39,HLA-A*24:02,I
NFHLQPEQH,5382.86,NFHCQPEQH,5378.27,HLA-A*24:02,I
NFHLQPEQH,5382.86,NRHLQPEQH,5376.39,HLA-A*24:02,I
NFHLQPEQH,5382.86,NFMLQPEQH,5539.59,HLA-A*24:02,I
NFHLQPEQH,5382.86,NFHLQPYQH,5469.53,HLA-A*24:02,I
NFHLQPEQH,5382.86,NFHSQPEQH,5400.49,HLA-A*24:02,I
NFHLQPEQH,5382.86,NGILSWLIA,5404.36,HLA-A*24:02,I
NFHLQPEQH,5382.86,QGPTGEKHC,5435.9,HLA-A*24:02,I
NFHLQPEQH,5382.86,NFPLQPEQH,5499.42,HLA-A*24:02,I
NFHLQPEQH,5382.86,NFTLQPEQH,5428.3,HLA-A*24:02,I
NFHLQPEQH,13304.3,NFHCQPEQH,13968.45,HLA-A*26:01,I
NFHLQPEQH,13304.3,NFHLQPELH,13022.82,HLA-A*26:01,I
NFHLQPEQH,13304.3,NFHLQPMQH,12359.22,HLA-A*26:01,I
NFHLQPEQH,13304.3,NFHLQPYQH,12587.27,HLA-A*26:01,I
NFHLQPEQH,13304.3,NFHSQPEQH,14154.1,HLA-A*26:01,I
NFHLQPEQH,13304.3,NFHWQPEQH,13545.11,HLA-A*26:01,I
NFHLQPEQH,13304.3,NFMLQPEQH,12105.87,HLA-A*26:01,I
NFHLQPEQH,13304.3,NFPLQPEQH,13907.11,HLA-A*26:01,I
NFHLQPEQH,13304.3,NFTLQPEQH,12522.75,HLA-A*26:01,I
NFHLQPEQH,13304.3,NGILSWLIA,6963.16,HLA-A*26:01,I
NFHLQPEQH,13304.3,NRHLQPEQH,14492.04,HLA-A*26:01,I
NFHLQPEQH,13304.3,QGPTGEKHC,13339,HLA-A*26:01,I
NFHLQPEQH,31028.14,NFHLQPYQH,35082.04,HLA-B*07:02,I
NFHLQPEQH,31028.14,NFHCQPEQH,32141.01,HLA-B*07:02,I
NFHLQPEQH,31028.14,NFHLQPELH,33414.02,HLA-B*07:02,I
NFHLQPEQH,31028.14,NFHLQPMQH,32667.67,HLA-B*07:02,I
NFHLQPEQH,31028.14,NFPLQPEQH,30014.35,HLA-B*07:02,I
NFHLQPEQH,31028.14,NFHSQPEQH,32448.02,HLA-B*07:02,I
NFHLQPEQH,31028.14,NFHWQPEQH,33856.8,HLA-B*07:02,I
NFHLQPEQH,31028.14,NFMLQPEQH,29032.04,HLA-B*07:02,I
NFHLQPEQH,31028.14,QGPTGEKHC,31945.3,HLA-B*07:02,I
NFHLQPEQH,31028.14,NFTLQPEQH,31653.84,HLA-B*07:02,I
NFHLQPEQH,31028.14,NGILSWLIA,29056.11,HLA-B*07:02,I
NFHLQPEQH,31028.14,NRHLQPEQH,25468.26,HLA-B*07:02,I
NFHLQPEQH,32727.94,NFHLQPMQH,30857.05,HLA-B*08:01,I
NFHLQPEQH,32727.94,NFHLQPYQH,28277.88,HLA-B*08:01,I
NFHLQPEQH,32727.94,NFHCQPEQH,35816.78,HLA-B*08:01,I
NFHLQPEQH,32727.94,NFHLQPELH,28653.77,HLA-B*08:01,I
NFHLQPEQH,32727.94,NFMLQPEQH,33450.49,HLA-B*08:01,I
NFHLQPEQH,32727.94,NFPLQPEQH,37077.45,HLA-B*08:01,I
NFHLQPEQH,32727.94,NFHSQPEQH,36834.74,HLA-B*08:01,I
NFHLQPEQH,32727.94,NFHWQPEQH,37837.16,HLA-B*08:01,I
NFHLQPEQH,32727.94,NRHLQPEQH,34795.86,HLA-B*08:01,I
NFHLQPEQH,32727.94,QGPTGEKHC,36315.25,HLA-B*08:01,I
NFHLQPEQH,32727.94,NFTLQPEQH,35387.61,HLA-B*08:01,I
NFHLQPEQH,32727.94,NGILSWLIA,13171.82,HLA-B*08:01,I
NFHLQPEQH,26939.11,NFHLQPELH,27120.45,HLA-B*15:01,I
NFHLQPEQH,26939.11,NFHLQPMQH,26966.91,HLA-B*15:01,I
NFHLQPEQH,26939.11,NFHLQPYQH,24841.7,HLA-B*15:01,I
NFHLQPEQH,26939.11,NFHCQPEQH,28926.77,HLA-B*15:01,I
NFHLQPEQH,26939.11,NFHWQPEQH,20980.67,HLA-B*15:01,I
NFHLQPEQH,26939.11,NFMLQPEQH,25441.14,HLA-B*15:01,I
NFHLQPEQH,26939.11,NFPLQPEQH,31286.76,HLA-B*15:01,I
NFHLQPEQH,26939.11,NFHSQPEQH,28887.76,HLA-B*15:01,I
NFHLQPEQH,26939.11,NGILSWLIA,22904.79,HLA-B*15:01,I
NFHLQPEQH,26939.11,NRHLQPEQH,32202.09,HLA-B*15:01,I
NFHLQPEQH,26939.11,QGPTGEKHC,29478.97,HLA-B*15:01,I
NFHLQPEQH,26939.11,NFTLQPEQH,29744.1,HLA-B*15:01,I
NFHLQPEQH,27161.2,NFHCQPEQH,28637.83,HLA-B*18:01,I
NFHLQPEQH,27161.2,NFHLQPELH,26302.77,HLA-B*18:01,I
NFHLQPEQH,27161.2,NFHLQPMQH,25489.37,HLA-B*18:01,I
NFHLQPEQH,27161.2,NFHLQPYQH,21512.85,HLA-B*18:01,I
NFHLQPEQH,27161.2,NFHSQPEQH,29692.73,HLA-B*18:01,I
NFHLQPEQH,27161.2,NFHWQPEQH,28179.65,HLA-B*18:01,I
NFHLQPEQH,27161.2,NFMLQPEQH,28301.04,HLA-B*18:01,I
NFHLQPEQH,27161.2,NFPLQPEQH,27242.4,HLA-B*18:01,I
NFHLQPEQH,27161.2,NFTLQPEQH,29662.54,HLA-B*18:01,I
NFHLQPEQH,27161.2,NGILSWLIA,15359.21,HLA-B*18:01,I
NFHLQPEQH,27161.2,NRHLQPEQH,27384.61,HLA-B*18:01,I
NFHLQPEQH,27161.2,QGPTGEKHC,30243.03,HLA-B*18:01,I
NFHLQPEQH,37878.1,NFHLQPYQH,37351.76,HLA-B*27:05,I
NFHLQPEQH,37878.1,NFHSQPEQH,37850.68,HLA-B*27:05,I
NFHLQPEQH,37878.1,NFHCQPEQH,37485.3,HLA-B*27:05,I
NFHLQPEQH,37878.1,NFHLQPMQH,37795.94,HLA-B*27:05,I
NFHLQPEQH,37878.1,NFPLQPEQH,38143.24,HLA-B*27:05,I
NFHLQPEQH,37878.1,NFTLQPEQH,38024.29,HLA-B*27:05,I
NFHLQPEQH,37878.1,NFHWQPEQH,37951.11,HLA-B*27:05,I
NFHLQPEQH,37878.1,NFHLQPELH,37826.07,HLA-B*27:05,I
NFHLQPEQH,37878.1,QGPTGEKHC,37600.46,HLA-B*27:05,I
NFHLQPEQH,37878.1,NGILSWLIA,23523.32,HLA-B*27:05,I
NFHLQPEQH,37878.1,NFMLQPEQH,37551.25,HLA-B*27:05,I
NFHLQPEQH,37878.1,NRHLQPEQH,3039.51,HLA-B*27:05,I
NFHLQPEQH,26241.05,NFHLQPYQH,25512.05,HLA-B*39:01,I
NFHLQPEQH,26241.05,NFHLQPMQH,26770.54,HLA-B*39:01,I
NFHLQPEQH,26241.05,NFPLQPEQH,29118.55,HLA-B*39:01,I
NFHLQPEQH,26241.05,NFHSQPEQH,26505.35,HLA-B*39:01,I
NFHLQPEQH,26241.05,NFMLQPEQH,30202.02,HLA-B*39:01,I
NFHLQPEQH,26241.05,QGPTGEKHC,27602.06,HLA-B*39:01,I
NFHLQPEQH,26241.05,NFTLQPEQH,30662.95,HLA-B*39:01,I
NFHLQPEQH,26241.05,NFHWQPEQH,26179.52,HLA-B*39:01,I
NFHLQPEQH,26241.05,NFHLQPELH,25544.71,HLA-B*39:01,I
NFHLQPEQH,26241.05,NFHCQPEQH,26610.74,HLA-B*39:01,I
NFHLQPEQH,26241.05,NRHLQPEQH,12023.13,HLA-B*39:01,I
NFHLQPEQH,26241.05,NGILSWLIA,18774.19,HLA-B*39:01,I
NFHLQPEQH,36548.24,NFHLQPMQH,38952.71,HLA-B*40:02,I
NFHLQPEQH,36548.24,NFHLQPYQH,35053.01,HLA-B*40:02,I
NFHLQPEQH,36548.24,NFMLQPEQH,37598.63,HLA-B*40:02,I
NFHLQPEQH,36548.24,NFPLQPEQH,39794.62,HLA-B*40:02,I
NFHLQPEQH,36548.24,NFHWQPEQH,41254.89,HLA-B*40:02,I
NFHLQPEQH,36548.24,NRHLQPEQH,28815.98,HLA-B*40:02,I
NFHLQPEQH,36548.24,QGPTGEKHC,38497.12,HLA-B*40:02,I
NFHLQPEQH,36548.24,NFHSQPEQH,41709.23,HLA-B*40:02,I
NFHLQPEQH,36548.24,NGILSWLIA,28131.74,HLA-B*40:02,I
NFHLQPEQH,36548.24,NFHLQPELH,34682.27,HLA-B*40:02,I
NFHLQPEQH,36548.24,NFTLQPEQH,41311.58,HLA-B*40:02,I
NFHLQPEQH,36548.24,NFHCQPEQH,40532.44,HLA-B*40:02,I
NFHLQPEQH,34207.26,NFHLQPMQH,33758.21,HLA-B*58:01,I
NFHLQPEQH,34207.26,NFHWQPEQH,30445.57,HLA-B*58:01,I
NFHLQPEQH,34207.26,NFMLQPEQH,27972.49,HLA-B*58:01,I
NFHLQPEQH,34207.26,NFHLQPYQH,31265.87,HLA-B*58:01,I
NFHLQPEQH,34207.26,NFTLQPEQH,23701.11,HLA-B*58:01,I
NFHLQPEQH,34207.26,NGILSWLIA,22870.13,HLA-B*58:01,I
NFHLQPEQH,34207.26,NRHLQPEQH,34486.97,HLA-B*58:01,I
NFHLQPEQH,34207.26,NFPLQPEQH,36543.01,HLA-B*58:01,I
NFHLQPEQH,34207.26,NFHSQPEQH,33942.56,HLA-B*58:01,I
NFHLQPEQH,34207.26,NFHCQPEQH,34358.2,HLA-B*58:01,I
NFHLQPEQH,34207.26,NFHLQPELH,33502.96,HLA-B*58:01,I
NFHLQPEQH,34207.26,QGPTGEKHC,36287.25,HLA-B*58:01,I
SRATHTYYQ,5425.31,QMESNHKDP,5412.14,HLA-A*01:01,I
SRATHTYYQ,5425.31,SRATHMYYQ,5423.57,HLA-A*01:01,I
SRATHTYYQ,5425.31,SRATHTFYQ,5431.82,HLA-A*01:01,I
SRATHTYYQ,5425.31,SRAMHTYYQ,5425.73,HLA-A*01:01,I
SRATHTYYQ,5425.31,RVNNVDFGK,5467.46,HLA-A*01:01,I
SRATHTYYQ,5425.31,QVNNVDFGK,5460.25,HLA-A*01:01,I
SRATHTYYQ,5425.31,RGILSWLIA,5458.1,HLA-A*01:01,I
SRATHTYYQ,5425.31,RMESNHKDP,5409.25,HLA-A*01:01,I
SRATHTYYQ,5425.31,SRAPHTYYQ,5425.53,HLA-A*01:01,I
SRATHTYYQ,5425.31,SKNNVDFGK,5444.3,HLA-A*01:01,I
SRATHTYYQ,5425.31,SRACHTYYQ,5425.37,HLA-A*01:01,I
SRATHTYYQ,5425.31,SRATHAYYQ,5425.42,HLA-A*01:01,I
SRATHTYYQ,5587.11,SRATHTFYQ,5601.94,HLA-A*02:01,I
SRATHTYYQ,5587.11,RMESNHKDP,5621.21,HLA-A*02:01,I
SRATHTYYQ,5587.11,SRATHMYYQ,5596.33,HLA-A*02:01,I
SRATHTYYQ,5587.11,RGILSWLIA,5574.83,HLA-A*02:01,I
SRATHTYYQ,5587.11,SRAMHTYYQ,5595.43,HLA-A*02:01,I
SRATHTYYQ,5587.11,QMESNHKDP,5619.5,HLA-A*02:01,I
SRATHTYYQ,5587.11,QVNNVDFGK,5611.31,HLA-A*02:01,I
SRATHTYYQ,5587.11,SRACHTYYQ,5589.54,HLA-A*02:01,I
SRATHTYYQ,5587.11,RVNNVDFGK,5655.61,HLA-A*02:01,I
SRATHTYYQ,5587.11,SKNNVDFGK,5573.1,HLA-A*02:01,I
SRATHTYYQ,5587.11,SRAPHTYYQ,5585.08,HLA-A*02:01,I
SRATHTYYQ,5587.11,SRATHAYYQ,5589.99,HLA-A*02:01,I
SRATHTYYQ,5653.58,RGILSWLIA,5648.19,HLA-A*03:01,I
SRATHTYYQ,5653.58,QVNNVDFGK,5085.56,HLA-A*03:01,I
SRATHTYYQ,5653.58,SRATHTFYQ,5656.52,HLA-A*03:01,I
SRATHTYYQ,5653.58,SRATHMYYQ,5653.73,HLA-A*03:01,I
SRATHTYYQ,5653.58,SRACHTYYQ,5642.28,HLA-A*03:01,I
SRATHTYYQ,5653.58,RMESNHKDP,5646.21,HLA-A*03:01,I
SRATHTYYQ,5653.58,QMESNHKDP,5638.03,HLA-A*03:01,I
SRATHTYYQ,5653.58,SKNNVDFGK,5617.29,HLA-A*03:01,I
SRATHTYYQ,5653.58,SRAMHTYYQ,5654.96,HLA-A*03:01,I
SRATHTYYQ,5653.58,RVNNVDFGK,1111.15,HLA-A*03:01,I
SRATHTYYQ,5653.58,SRATHAYYQ,5651.01,HLA-A*03:01,I
SRATHTYYQ,5653.58,SRAPHTYYQ,5658.3,HLA-A*03:01,I
SRATHTYYQ,5389.16,QVNNVDFGK,5430.2,HLA-A*24:02,I
SRATHTYYQ,5389.16,SKNNVDFGK,5423.1,HLA-A*24:02,I
SRATHTYYQ,5389.16,RGILSWLIA,5401.12,HLA-A*24:02,I
SRATHTYYQ,5389.16,QMESNHKDP,5391.16,HLA-A*24:02,I
SRATHTYYQ,5389.16,SRATHMYYQ,5391.08,HLA-A*24:02,I
SRATHTYYQ,5389.16,SRACHTYYQ,5411.31,HLA-A*24:02,I
SRATHTYYQ,5389.16,RMESNHKDP,5388.48,HLA-A*24:02,I
SRATHTYYQ,5389.16,RVNNVDFGK,5424.41,HLA-A*24:02,I
SRATHTYYQ,5389.16,SRATHAYYQ,5393.61,HLA-A*24:02,I
SRATHTYYQ,5389.16,SRATHTFYQ,5363.73,HLA-A*24:02,I
SRATHTYYQ,5389.16,SRAMHTYYQ,5392.77,HLA-A*24:02,I
SRATHTYYQ,5389.16,SRAPHTYYQ,5395.34,HLA-A*24:02,I
SRATHTYYQ,13546.29,QMESNHKDP,12831.66,HLA-A*26:01,I
SRATHTYYQ,13546.29,QVNNVDFGK,12923.11,HLA-A*26:01,I
SRATHTYYQ,13546.29,RGILSWLIA,7866.55,HLA-A*26:01,I
SRATHTYYQ,13546.29,RMESNHKDP,13233.26,HLA-A*26:01,I
SRATHTYYQ,13546.29,RVNNVDFGK,12933.13,HLA-A*26:01,I
SRATHTYYQ,13546.29,SKNNVDFGK,13343.31,HLA-A*26:01,I
SRATHTYYQ,13546.29,SRACHTYYQ,12975.13,HLA-A*26:01,I
SRATHTYYQ,13546.29,SRAMHTYYQ,12807.42,HLA-A*26:01,I
SRATHTYYQ,13546.29,SRAPHTYYQ,14039.29,HLA-A*26:01,I
SRATHTYYQ,13546.29,SRATHAYYQ,13487.41,HLA-A*26:01,I
SRATHTYYQ,13546.29,SRATHMYYQ,13512.49,HLA-A*26:01,I
SRATHTYYQ,13546.29,SRATHTFYQ,12310.96,HLA-A*26:01,I
SRATHTYYQ,36495.53,RMESNHKDP,36988.86,HLA-B*07:02,I
SRATHTYYQ,36495.53,QMESNHKDP,37291.47,HLA-B*07:02,I
SRATHTYYQ,36495.53,QVNNVDFGK,36314.99,HLA-B*07:02,I
SRATHTYYQ,36495.53,RGILSWLIA,13800.07,HLA-B*07:02,I
SRATHTYYQ,36495.53,SRAMHTYYQ,36046.21,HLA-B*07:02,I
SRATHTYYQ,36495.53,RVNNVDFGK,34150.79,HLA-B*07:02,I
SRATHTYYQ,36495.53,SKNNVDFGK,36774.97,HLA-B*07:02,I
SRATHTYYQ,36495.53,SRACHTYYQ,36625.73,HLA-B*07:02,I
SRATHTYYQ,36495.53,SRATHTFYQ,35535.76,HLA-B*07:02,I
SRATHTYYQ,36495.53,SRAPHTYYQ,36321.22,HLA-B*07:02,I
SRATHTYYQ,36495.53,SRATHAYYQ,36724.08,HLA-B*07:02,I
SRATHTYYQ,36495.53,SRATHMYYQ,36554.27,HLA-B*07:02,I
SRATHTYYQ,26816.37,RGILSWLIA,16206.18,HLA-B*08:01,I
SRATHTYYQ,26816.37,RMESNHKDP,36257.41,HLA-B*08:01,I
SRATHTYYQ,26816.37,QMESNHKDP,33277.55,HLA-B*08:01,I
SRATHTYYQ,26816.37,QVNNVDFGK,38355.85,HLA-B*08:01,I
SRATHTYYQ,26816.37,SRACHTYYQ,25064.42,HLA-B*08:01,I
SRATHTYYQ,26816.37,SRAMHTYYQ,21207.58,HLA-B*08:01,I
SRATHTYYQ,26816.37,RVNNVDFGK,37869.97,HLA-B*08:01,I
SRATHTYYQ,26816.37,SKNNVDFGK,37421,HLA-B*08:01,I
SRATHTYYQ,26816.37,SRATHMYYQ,27016.1,HLA-B*08:01,I
SRATHTYYQ,26816.37,SRATHTFYQ,29026.74,HLA-B*08:01,I
SRATHTYYQ,26816.37,SRAPHTYYQ,29671.72,HLA-B*08:01,I
SRATHTYYQ,26816.37,SRATHAYYQ,29745.97,HLA-B*08:01,I
SRATHTYYQ,29385.88,QVNNVDFGK,34642.5,HLA-B*15:01,I
SRATHTYYQ,29385.88,RGILSWLIA,12368.9,HLA-B*15:01,I
SRATHTYYQ,29385.88,RMESNHKDP,17550.01,HLA-B*15:01,I
SRATHTYYQ,29385.88,QMESNHKDP,26089.22,HLA-B*15:01,I
SRATHTYYQ,29385.88,SKNNVDFGK,36892.94,HLA-B*15:01,I
SRATHTYYQ,29385.88,SRACHTYYQ,29741.53,HLA-B*15:01,I
SRATHTYYQ,29385.88,SRAMHTYYQ,29188.97,HLA-B*15:01,I
SRATHTYYQ,29385.88,RVNNVDFGK,30930.02,HLA-B*15:01,I
SRATHTYYQ,29385.88,SRATHAYYQ,30240.44,HLA-B*15:01,I
SRATHTYYQ,29385.88,SRATHMYYQ,30688.42,HLA-B*15:01,I
SRATHTYYQ,29385.88,SRATHTFYQ,30439.17,HLA-B*15:01,I
SRATHTYYQ,29385.88,SRAPHTYYQ,28132.4,HLA-B*15:01,I
SRATHTYYQ,28175.82,QMESNHKDP,32624.8,HLA-B*18:01,I
SRATHTYYQ,28175.82,QVNNVDFGK,34006.37,HLA-B*18:01,I
SRATHTYYQ,28175.82,RGILSWLIA,19640.02,HLA-B*18:01,I
SRATHTYYQ,28175.82,RMESNHKDP,34334.18,HLA-B*18:01,I
SRATHTYYQ,28175.82,RVNNVDFGK,34230.03,HLA-B*18:01,I
SRATHTYYQ,28175.82,SKNNVDFGK,33801.6,HLA-B*18:01,I
SRATHTYYQ,28175.82,SRACHTYYQ,26817.43,HLA-B*18:01,I
SRATHTYYQ,28175.82,SRAMHTYYQ,27786.75,HLA-B*18:01,I
SRATHTYYQ,28175.82,SRAPHTYYQ,29675.56,HLA-B*18:01,I
SRATHTYYQ,28175.82,SRATHAYYQ,25287.45,HLA-B*18:01,I
SRATHTYYQ,28175.82,SRATHMYYQ,26325.72,HLA-B*18:01,I
SRATHTYYQ,28175.82,SRATHTFYQ,29625.47,HLA-B*18:01,I
SRATHTYYQ,9909.04,RMESNHKDP,33418.08,HLA-B*27:05,I
SRATHTYYQ,9909.04,RVNNVDFGK,22729.78,HLA-B*27:05,I
SRATHTYYQ,9909.04,QMESNHKDP,37125.05,HLA-B*27:05,I
SRATHTYYQ,9909.04,RGILSWLIA,4754.79,HLA-B*27:05,I
SRATHTYYQ,9909.04,SRAMHTYYQ,7237.22,HLA-B*27:05,I
SRATHTYYQ,9909.04,SRAPHTYYQ,9140.49,HLA-B*27:05,I
SRATHTYYQ,9909.04,SKNNVDFGK,27470.64,HLA-B*27:05,I
SRATHTYYQ,9909.04,QVNNVDFGK,34311.47,HLA-B*27:05,I
SRATHTYYQ,9909.04,SRATHTFYQ,6080.47,HLA-B*27:05,I
SRATHTYYQ,9909.04,SRATHAYYQ,7821.35,HLA-B*27:05,I
SRATHTYYQ,9909.04,SRACHTYYQ,8174.17,HLA-B*27:05,I
SRATHTYYQ,9909.04,SRATHMYYQ,11719.81,HLA-B*27:05,I
SRATHTYYQ,23894.3,RMESNHKDP,31606.77,HLA-B*39:01,I
SRATHTYYQ,23894.3,RGILSWLIA,20894.68,HLA-B*39:01,I
SRATHTYYQ,23894.3,SRAMHTYYQ,23633.02,HLA-B*39:01,I
SRATHTYYQ,23894.3,RVNNVDFGK,32841.57,HLA-B*39:01,I
SRATHTYYQ,23894.3,SRACHTYYQ,23965.63,HLA-B*39:01,I
SRATHTYYQ,23894.3,SRATHTFYQ,23687.66,HLA-B*39:01,I
SRATHTYYQ,23894.3,SRAPHTYYQ,23383.44,HLA-B*39:01,I
SRATHTYYQ,23894.3,SKNNVDFGK,32313.47,HLA-B*39:01,I
SRATHTYYQ,23894.3,QVNNVDFGK,32788.11,HLA-B*39:01,I
SRATHTYYQ,23894.3,QMESNHKDP,30437.56,HLA-B*39:01,I
SRATHTYYQ,23894.3,SRATHMYYQ,25889.28,HLA-B*39:01,I
SRATHTYYQ,23894.3,SRATHAYYQ,20519.75,HLA-B*39:01,I
SRATHTYYQ,29798.17,RGILSWLIA,15884.36,HLA-B*40:02,I
SRATHTYYQ,29798.17,RMESNHKDP,41346.52,HLA-B*40:02,I
SRATHTYYQ,29798.17,SRACHTYYQ,21399.44,HLA-B*40:02,I
SRATHTYYQ,29798.17,SRAMHTYYQ,24761.85,HLA-B*40:02,I
SRATHTYYQ,29798.17,SKNNVDFGK,42390.45,HLA-B*40:02,I
SRATHTYYQ,29798.17,SRATHMYYQ,24453.89,HLA-B*40:02,I
SRATHTYYQ,29798.17,SRATHTFYQ,27410.19,HLA-B*40:02,I
SRATHTYYQ,29798.17,RVNNVDFGK,42533.06,HLA-B*40:02,I
SRATHTYYQ,29798.17,SRATHAYYQ,31731.22,HLA-B*40:02,I
SRATHTYYQ,29798.17,QVNNVDFGK,43660.79,HLA-B*40:02,I
SRATHTYYQ,29798.17,SRAPHTYYQ,29551.22,HLA-B*40:02,I
SRATHTYYQ,29798.17,QMESNHKDP,38881.28,HLA-B*40:02,I
SRATHTYYQ,31125.97,RGILSWLIA,18594.75,HLA-B*58:01,I
SRATHTYYQ,31125.97,SKNNVDFGK,40243.26,HLA-B*58:01,I
SRATHTYYQ,31125.97,SRACHTYYQ,33847.91,HLA-B*58:01,I
SRATHTYYQ,31125.97,RMESNHKDP,40083.86,HLA-B*58:01,I
SRATHTYYQ,31125.97,SRAPHTYYQ,34704.16,HLA-B*58:01,I
SRATHTYYQ,31125.97,SRATHAYYQ,30364.56,HLA-B*58:01,I
SRATHTYYQ,31125.97,SRATHMYYQ,33723.97,HLA-B*58:01,I
SRATHTYYQ,31125.97,SRAMHTYYQ,31963.38,HLA-B*58:01,I
SRATHTYYQ,31125.97,RVNNVDFGK,32810.12,HLA-B*58:01,I
SRATHTYYQ,31125.97,QMESNHKDP,40048.26,HLA-B*58:01,I
SRATHTYYQ,31125.97,QVNNVDFGK,38225.97,HLA-B*58:01,I
SRATHTYYQ,31125.97,SRATHTFYQ,29038.09,HLA-B*58:01,I
SVNNVDFGK,5458.65,SRATHTSYQ,5416.79,HLA-A*01:01,I
SVNNVDFGK,5458.65,SVNNVDFGV,5472.51,HLA-A*01:01,I
SVNNVDFGK,5458.65,SVNNVDFMK,5449.85,HLA-A*01:01,I
SVNNVDFGK,5458.65,SVHNVDFGK,5457.96,HLA-A*01:01,I
SVNNVDFGK,5458.65,SRATSTYYQ,5426.43,HLA-A*01:01,I
SVNNVDFGK,5458.65,SRATHTYYF,5433.7,HLA-A*01:01,I
SVNNVDFGK,5458.65,SRATHTYYN,5446.92,HLA-A*01:01,I
SVNNVDFGK,5458.65,SRATITYYQ,5427.67,HLA-A*01:01,I
SVNNVDFGK,5458.65,SVMNVDFGK,5459.64,HLA-A*01:01,I
SVNNVDFGK,5458.65,SVENVDFGK,5523.69,HLA-A*01:01,I
SVNNVDFGK,5458.65,SVGNVDFGK,5458.6,HLA-A*01:01,I
SVNNVDFGK,5458.65,SVNNVDFDK,5464.15,HLA-A*01:01,I
SVNNVDFGK,5628.37,SVNNVDFMK,5659.02,HLA-A*02:01,I
SVNNVDFGK,5628.37,SRATITYYQ,5595.02,HLA-A*02:01,I
SVNNVDFGK,5628.37,SVNNVDFGV,4395.9,HLA-A*02:01,I
SVNNVDFGK,5628.37,SRATHTYYN,5580.43,HLA-A*02:01,I
SVNNVDFGK,5628.37,SVHNVDFGK,5641.8,HLA-A*02:01,I
SVNNVDFGK,5628.37,SRATHTSYQ,5603.65,HLA-A*02:01,I
SVNNVDFGK,5628.37,SRATHTYYF,5601.35,HLA-A*02:01,I
SVNNVDFGK,5628.37,SVGNVDFGK,5632.46,HLA-A*02:01,I
SVNNVDFGK,5628.37,SRATSTYYQ,5589.48,HLA-A*02:01,I
SVNNVDFGK,5628.37,SVENVDFGK,5606.93,HLA-A*02:01,I
SVNNVDFGK,5628.37,SVMNVDFGK,5740.73,HLA-A*02:01,I
SVNNVDFGK,5628.37,SVNNVDFDK,5641.89,HLA-A*02:01,I
SVNNVDFGK,2469.79,SRATHTYYN,5645.08,HLA-A*03:01,I
SVNNVDFGK,2469.79,SRATHTYYF,5674.16,HLA-A*03:01,I
SVNNVDFGK,2469.79,SVNNVDFMK,2086.14,HLA-A*03:01,I
SVNNVDFGK,2469.79,SVNNVDFGV,5651.05,HLA-A*03:01,I
SVNNVDFGK,2469.79,SVGNVDFGK,4646.25,HLA-A*03:01,I
SVNNVDFGK,2469.79,SRATITYYQ,5653.97,HLA-A*03:01,I
SVNNVDFGK,2469.79,SRATHTSYQ,5647.41,HLA-A*03:01,I
SVNNVDFGK,2469.79,SVENVDFGK,5520.07,HLA-A*03:01,I
SVNNVDFGK,2469.79,SVHNVDFGK,4950.06,HLA-A*03:01,I
SVNNVDFGK,2469.79,SRATSTYYQ,5659.33,HLA-A*03:01,I
SVNNVDFGK,2469.79,SVNNVDFDK,5101.84,HLA-A*03:01,I
SVNNVDFGK,2469.79,SVMNVDFGK,1385.82,HLA-A*03:01,I
SVNNVDFGK,5428.68,SRATHTYYF,5109.18,HLA-A*24:02,I
SVNNVDFGK,5428.68,SVENVDFGK,5430.98,HLA-A*24:02,I
SVNNVDFGK,5428.68,SRATHTYYN,5373.87,HLA-A*24:02,I
SVNNVDFGK,5428.68,SRATHTSYQ,5402.18,HLA-A*24:02,I
SVNNVDFGK,5428.68,SVNNVDFGV,5388.67,HLA-A*24:02,I
SVNNVDFGK,5428.68,SVGNVDFGK,5422.49,HLA-A*24:02,I
SVNNVDFGK,5428.68,SRATITYYQ,5385.07,HLA-A*24:02,I
SVNNVDFGK,5428.68,SRATSTYYQ,5391.89,HLA-A*24:02,I
SVNNVDFGK,5428.68,SVNNVDFDK,5433.39,HLA-A*24:02,I
SVNNVDFGK,5428.68,SVNNVDFMK,5443.88,HLA-A*24:02,I
SVNNVDFGK,5428.68,SVHNVDFGK,5426.4,HLA-A*24:02,I
SVNNVDFGK,5428.68,SVMNVDFGK,5411.14,HLA-A*24:02,I
SVNNVDFGK,13013.81,SRATHTSYQ,13541.65,HLA-A*26:01,I
SVNNVDFGK,13013.81,SRATHTYYF,12778.2,HLA-A*26:01,I
SVNNVDFGK,13013.81,SRATHTYYN,13738.61,HLA-A*26:01,I
SVNNVDFGK,13013.81,SRATITYYQ,12012.55,HLA-A*26:01,I
SVNNVDFGK,13013.81,SRATSTYYQ,13030.39,HLA-A*26:01,I
SVNNVDFGK,13013.81,SVENVDFGK,12457.93,HLA-A*26:01,I
SVNNVDFGK,13013.81,SVGNVDFGK,12602.93,HLA-A*26:01,I
SVNNVDFGK,13013.81,SVHNVDFGK,12056.25,HLA-A*26:01,I
SVNNVDFGK,13013.81,SVMNVDFGK,11431.14,HLA-A*26:01,I
SVNNVDFGK,13013.81,SVNNVDFDK,11872.77,HLA-A*26:01,I
SVNNVDFGK,13013.81,SVNNVDFGV,7150.77,HLA-A*26:01,I
SVNNVDFGK,13013.81,SVNNVDFMK,11638.38,HLA-A*26:01,I
SVNNVDFGK,35473.62,SRATITYYQ,36818.31,HLA-B*07:02,I
SVNNVDFGK,35473.62,SRATHTSYQ,33820.62,HLA-B*07:02,I
SVNNVDFGK,35473.62,SRATHTYYF,32456.27,HLA-B*07:02,I
SVNNVDFGK,35473.62,SRATHTYYN,35391.1,HLA-B*07:02,I
SVNNVDFGK,35473.62,SVHNVDFGK,35571.62,HLA-B*07:02,I
SVNNVDFGK,35473.62,SRATSTYYQ,36984.25,HLA-B*07:02,I
SVNNVDFGK,35473.62,SVENVDFGK,36647.33,HLA-B*07:02,I
SVNNVDFGK,35473.62,SVGNVDFGK,36129.5,HLA-B*07:02,I
SVNNVDFGK,35473.62,SVNNVDFMK,35658.34,HLA-B*07:02,I
SVNNVDFGK,35473.62,SVMNVDFGK,34427.03,HLA-B*07:02,I
SVNNVDFGK,35473.62,SVNNVDFDK,35487.53,HLA-B*07:02,I
SVNNVDFGK,35473.62,SVNNVDFGV,27118.43,HLA-B*07:02,I
SVNNVDFGK,37811.33,SRATHTYYN,28449.91,HLA-B*08:01,I
SVNNVDFGK,37811.33,SRATITYYQ,29251.72,HLA-B*08:01,I
SVNNVDFGK,37811.33,SRATHTSYQ,28669.83,HLA-B*08:01,I
SVNNVDFGK,37811.33,SRATHTYYF,22499.74,HLA-B*08:01,I
SVNNVDFGK,37811.33,SVGNVDFGK,37658.72,HLA-B*08:01,I
SVNNVDFGK,37811.33,SVHNVDFGK,37233.28,HLA-B*08:01,I
SVNNVDFGK,37811.33,SRATSTYYQ,30640.37,HLA-B*08:01,I
SVNNVDFGK,37811.33,SVENVDFGK,37981.45,HLA-B*08:01,I
SVNNVDFGK,37811.33,SVNNVDFGV,27015.95,HLA-B*08:01,I
SVNNVDFGK,37811.33,SVNNVDFMK,38097.45,HLA-B*08:01,I
SVNNVDFGK,37811.33,SVMNVDFGK,35011.92,HLA-B*08:01,I
SVNNVDFGK,37811.33,SVNNVDFDK,37492.04,HLA-B*08:01,I
SVNNVDFGK,33865.24,SRATHTYYF,23576.22,HLA-B*15:01,I
SVNNVDFGK,33865.24,SRATHTYYN,32562.46,HLA-B*15:01,I
SVNNVDFGK,33865.24,SRATITYYQ,30407.54,HLA-B*15:01,I
SVNNVDFGK,33865.24,SRATHTSYQ,27343.6,HLA-B*15:01,I
SVNNVDFGK,33865.24,SVENVDFGK,36519,HLA-B*15:01,I
SVNNVDFGK,33865.24,SVGNVDFGK,35221.27,HLA-B*15:01,I
SVNNVDFGK,33865.24,SVHNVDFGK,32900.42,HLA-B*15:01,I
SVNNVDFGK,33865.24,SRATSTYYQ,28952.36,HLA-B*15:01,I
SVNNVDFGK,33865.24,SVNNVDFDK,32736.61,HLA-B*15:01,I
SVNNVDFGK,33865.24,SVNNVDFGV,21843.81,HLA-B*15:01,I
SVNNVDFGK,33865.24,SVNNVDFMK,32839.55,HLA-B*15:01,I
SVNNVDFGK,33865.24,SVMNVDFGK,30704.06,HLA-B*15:01,I
SVNNVDFGK,34537.06,SRATHTSYQ,32423.24,HLA-B*18:01,I
SVNNVDFGK,34537.06,SRATHTYYF,14381.84,HLA-B*18:01,I
SVNNVDFGK,34537.06,SRATHTYYN,22430.17,HLA-B*18:01,I
SVNNVDFGK,34537.06,SRATITYYQ,21656.23,HLA-B*18:01,I
SVNNVDFGK,34537.06,SRATSTYYQ,29324.05,HLA-B*18:01,I
SVNNVDFGK,34537.06,SVENVDFGK,33610.31,HLA-B*18:01,I
SVNNVDFGK,34537.06,SVGNVDFGK,33896.33,HLA-B*18:01,I
SVNNVDFGK,34537.06,SVHNVDFGK,34155.95,HLA-B*18:01,I
SVNNVDFGK,34537.06,SVMNVDFGK,34569.66,HLA-B*18:01,I
SVNNVDFGK,34537.06,SVNNVDFDK,33665.38,HLA-B*18:01,I
SVNNVDFGK,34537.06,SVNNVDFGV,29484.65,HLA-B*18:01,I
SVNNVDFGK,34537.06,SVNNVDFMK,33349.31,HLA-B*18:01,I
SVNNVDFGK,35507.74,SRATITYYQ,3642.6,HLA-B*27:05,I
SVNNVDFGK,35507.74,SRATSTYYQ,9592.82,HLA-B*27:05,I
SVNNVDFGK,35507.74,SRATHTSYQ,10187.17,HLA-B*27:05,I
SVNNVDFGK,35507.74,SRATHTYYN,11736.88,HLA-B*27:05,I
SVNNVDFGK,35507.74,SVHNVDFGK,35265.02,HLA-B*27:05,I
SVNNVDFGK,35507.74,SVMNVDFGK,30855.07,HLA-B*27:05,I
SVNNVDFGK,35507.74,SVENVDFGK,35735.18,HLA-B*27:05,I
SVNNVDFGK,35507.74,SRATHTYYF,1543.27,HLA-B*27:05,I
SVNNVDFGK,35507.74,SVNNVDFMK,34704.03,HLA-B*27:05,I
SVNNVDFGK,35507.74,SVNNVDFDK,35715.68,HLA-B*27:05,I
SVNNVDFGK,35507.74,SVGNVDFGK,35382.04,HLA-B*27:05,I
SVNNVDFGK,35507.74,SVNNVDFGV,33993.73,HLA-B*27:05,I
SVNNVDFGK,32813.03,SRATITYYQ,24114.34,HLA-B*39:01,I
SVNNVDFGK,32813.03,SRATHTYYN,23892.51,HLA-B*39:01,I
SVNNVDFGK,32813.03,SVHNVDFGK,32754,HLA-B*39:01,I
SVNNVDFGK,32813.03,SRATSTYYQ,25645.3,HLA-B*39:01,I
SVNNVDFGK,32813.03,SVGNVDFGK,32733.65,HLA-B*39:01,I
SVNNVDFGK,32813.03,SVNNVDFMK,32712.26,HLA-B*39:01,I
SVNNVDFGK,32813.03,SVMNVDFGK,32740.72,HLA-B*39:01,I
SVNNVDFGK,32813.03,SVENVDFGK,32744.86,HLA-B*39:01,I
SVNNVDFGK,32813.03,SRATHTYYF,12358.31,HLA-B*39:01,I
SVNNVDFGK,32813.03,SRATHTSYQ,25921.29,HLA-B*39:01,I
SVNNVDFGK,32813.03,SVNNVDFGV,27787.85,HLA-B*39:01,I
SVNNVDFGK,32813.03,SVNNVDFDK,32522.57,HLA-B*39:01,I
SVNNVDFGK,43678.43,SRATHTYYN,34519.64,HLA-B*40:02,I
SVNNVDFGK,43678.43,SRATITYYQ,29052.97,HLA-B*40:02,I
SVNNVDFGK,43678.43,SVGNVDFGK,43761.52,HLA-B*40:02,I
SVNNVDFGK,43678.43,SVHNVDFGK,43272.05,HLA-B*40:02,I
SVNNVDFGK,43678.43,SVENVDFGK,43455.22,HLA-B*40:02,I
SVNNVDFGK,43678.43,SVNNVDFGV,29262.76,HLA-B*40:02,I
SVNNVDFGK,43678.43,SVNNVDFMK,42023.08,HLA-B*40:02,I
SVNNVDFGK,43678.43,SRATSTYYQ,31377.27,HLA-B*40:02,I
SVNNVDFGK,43678.43,SVNNVDFDK,42015.03,HLA-B*40:02,I
SVNNVDFGK,43678.43,SRATHTYYF,22215.96,HLA-B*40:02,I
SVNNVDFGK,43678.43,SVMNVDFGK,43006.68,HLA-B*40:02,I
SVNNVDFGK,43678.43,SRATHTSYQ,35554.66,HLA-B*40:02,I
SVNNVDFGK,38895.11,SRATHTYYN,31387,HLA-B*58:01,I
SVNNVDFGK,38895.11,SVENVDFGK,40395.2,HLA-B*58:01,I
SVNNVDFGK,38895.11,SVGNVDFGK,39726.53,HLA-B*58:01,I
SVNNVDFGK,38895.11,SRATITYYQ,28496.46,HLA-B*58:01,I
SVNNVDFGK,38895.11,SVMNVDFGK,37560.87,HLA-B*58:01,I
SVNNVDFGK,38895.11,SVNNVDFDK,37841.36,HLA-B*58:01,I
SVNNVDFGK,38895.11,SVNNVDFGV,19676.47,HLA-B*58:01,I
SVNNVDFGK,38895.11,SVHNVDFGK,39431.14,HLA-B*58:01,I
SVNNVDFGK,38895.11,SRATSTYYQ,32173.57,HLA-B*58:01,I
SVNNVDFGK,38895.11,SRATHTSYQ,34973.84,HLA-B*58:01,I
SVNNVDFGK,38895.11,SRATHTYYF,19790.06,HLA-B*58:01,I
SVNNVDFGK,38895.11,SVNNVDFMK,36390.67,HLA-B*58:01,I
VAWGEHNAN,5445.69,SVNNVDFRK,5459.67,HLA-A*01:01,I
VAWGEHNAN,5445.69,VAWGEHNNN,5443.27,HLA-A*01:01,I
VAWGEHNAN,5445.69,VAWGEHNRN,5454.83,HLA-A*01:01,I
VAWGEHNAN,5445.69,VAWGEHNEN,5450.99,HLA-A*01:01,I
VAWGEHNAN,5445.69,VANGEHNAN,5451.48,HLA-A*01:01,I
VAWGEHNAN,5445.69,SVVNVDFGK,5462.07,HLA-A*01:01,I
VAWGEHNAN,5445.69,TFHLQPEQH,5446.91,HLA-A*01:01,I
VAWGEHNAN,5445.69,VAIGEHNAN,5449.15,HLA-A*01:01,I
VAWGEHNAN,5445.69,VAWGEHNIN,5454.28,HLA-A*01:01,I
VAWGEHNAN,5445.69,VAWGEHFAN,5443.93,HLA-A*01:01,I
VAWGEHNAN,5445.69,VAWGEHNAK,5446.64,HLA-A*01:01,I
VAWGEHNAN,5445.69,VAWGEHNMN,5446.48,HLA-A*01:01,I
VAWGEHNAN,5584.62,VAWGEHNRN,5589.13,HLA-A*02:01,I
VAWGEHNAN,5584.62,VAIGEHNAN,5580.09,HLA-A*02:01,I
VAWGEHNAN,5584.62,VAWGEHNNN,5587.96,HLA-A*02:01,I
VAWGEHNAN,5584.62,TFHLQPEQH,5596.79,HLA-A*02:01,I
VAWGEHNAN,5584.62,VAWGEHNEN,5581.13,HLA-A*02:01,I
VAWGEHNAN,5584.62,SVNNVDFRK,5737.33,HLA-A*02:01,I
VAWGEHNAN,5584.62,SVVNVDFGK,5653.67,HLA-A*02:01,I
VAWGEHNAN,5584.62,VAWGEHNAK,5595.43,HLA-A*02:01,I
VAWGEHNAN,5584.62,VANGEHNAN,5569.13,HLA-A*02:01,I
VAWGEHNAN,5584.62,VAWGEHFAN,5600.47,HLA-A*02:01,I
VAWGEHNAN,5584.62,VAWGEHNIN,5600.23,HLA-A*02:01,I
VAWGEHNAN,5584.62,VAWGEHNMN,5585.53,HLA-A*02:01,I
VAWGEHNAN,5647.25,TFHLQPEQH,5646.14,HLA-A*03:01,I
VAWGEHNAN,5647.25,SVVNVDFGK,5008.08,HLA-A*03:01,I
VAWGEHNAN,5647.25,VAWGEHNRN,5648.57,HLA-A*03:01,I
VAWGEHNAN,5647.25,VAWGEHNNN,5641.38,HLA-A*03:01,I
VAWGEHNAN,5647.25,VAWGEHNAK,5634.99,HLA-A*03:01,I
VAWGEHNAN,5647.25,VAIGEHNAN,5639.99,HLA-A*03:01,I
VAWGEHNAN,5647.25,SVNNVDFRK,2283.84,HLA-A*03:01,I
VAWGEHNAN,5647.25,VAWGEHFAN,5647.56,HLA-A*03:01,I
VAWGEHNAN,5647.25,VAWGEHNEN,5644.29,HLA-A*03:01,I
VAWGEHNAN,5647.25,VANGEHNAN,5640.41,HLA-A*03:01,I
VAWGEHNAN,5647.25,VAWGEHNMN,5647.88,HLA-A*03:01,I
VAWGEHNAN,5647.25,VAWGEHNIN,5653.45,HLA-A*03:01,I
VAWGEHNAN,5386.7,SVVNVDFGK,5421.66,HLA-A*24:02,I
VAWGEHNAN,5386.7,VAWGEHFAN,5365.16,HLA-A*24:02,I
VAWGEHNAN,5386.7,TFHLQPEQH,5398.45,HLA-A*24:02,I
VAWGEHNAN,5386.7,SVNNVDFRK,5442.96,HLA-A*24:02,I
VAWGEHNAN,5386.7,VAWGEHNNN,5371.5,HLA-A*24:02,I
VAWGEHNAN,5386.7,VAWGEHNAK,5442.55,HLA-A*24:02,I
VAWGEHNAN,5386.7,VAIGEHNAN,5394.54,HLA-A*24:02,I
VAWGEHNAN,5386.7,VANGEHNAN,5396.5,HLA-A*24:02,I
VAWGEHNAN,5386.7,VAWGEHNMN,5376.19,HLA-A*24:02,I
VAWGEHNAN,5386.7,VAWGEHNRN,5386.63,HLA-A*24:02,I
VAWGEHNAN,5386.7,VAWGEHNEN,5378.8,HLA-A*24:02,I
VAWGEHNAN,5386.7,VAWGEHNIN,5373.77,HLA-A*24:02,I
VAWGEHNAN,10667.84,SVNNVDFRK,12379.98,HLA-A*26:01,I
VAWGEHNAN,10667.84,SVVNVDFGK,12267.03,HLA-A*26:01,I
VAWGEHNAN,10667.84,TFHLQPEQH,12093.29,HLA-A*26:01,I
VAWGEHNAN,10667.84,VAIGEHNAN,10951.74,HLA-A*26:01,I
VAWGEHNAN,10667.84,VANGEHNAN,12687.5,HLA-A*26:01,I
VAWGEHNAN,10667.84,VAWGEHFAN,9684.37,HLA-A*26:01,I
VAWGEHNAN,10667.84,VAWGEHNAK,13704.39,HLA-A*26:01,I
VAWGEHNAN,10667.84,VAWGEHNEN,11585.09,HLA-A*26:01,I
VAWGEHNAN,10667.84,VAWGEHNIN,10752.72,HLA-A*26:01,I
VAWGEHNAN,10667.84,VAWGEHNMN,10789.68,HLA-A*26:01,I
VAWGEHNAN,10667.84,VAWGEHNNN,11456.03,HLA-A*26:01,I
VAWGEHNAN,10667.84,VAWGEHNRN,11297.35,HLA-A*26:01,I
VAWGEHNAN,29423.52,VAIGEHNAN,27779.55,HLA-B*07:02,I
VAWGEHNAN,29423.52,SVNNVDFRK,35589.92,HLA-B*07:02,I
VAWGEHNAN,29423.52,SVVNVDFGK,34663.09,HLA-B*07:02,I
VAWGEHNAN,29423.52,TFHLQPEQH,31071.21,HLA-B*07:02,I
VAWGEHNAN,29423.52,VAWGEHNEN,34849.21,HLA-B*07:02,I
VAWGEHNAN,29423.52,VANGEHNAN,27096.33,HLA-B*07:02,I
VAWGEHNAN,29423.52,VAWGEHFAN,29022.52,HLA-B*07:02,I
VAWGEHNAN,29423.52,VAWGEHNAK,34995.65,HLA-B*07:02,I
VAWGEHNAN,29423.52,VAWGEHNRN,34385.48,HLA-B*07:02,I
VAWGEHNAN,29423.52,VAWGEHNIN,31520.05,HLA-B*07:02,I
VAWGEHNAN,29423.52,VAWGEHNMN,33225.56,HLA-B*07:02,I
VAWGEHNAN,29423.52,VAWGEHNNN,32692.81,HLA-B*07:02,I
VAWGEHNAN,33162.67,TFHLQPEQH,32867.34,HLA-B*08:01,I
VAWGEHNAN,33162.67,VAIGEHNAN,31361.61,HLA-B*08:01,I
VAWGEHNAN,33162.67,SVNNVDFRK,36503.34,HLA-B*08:01,I
VAWGEHNAN,33162.67,SVVNVDFGK,37744.68,HLA-B*08:01,I
VAWGEHNAN,33162.67,VAWGEHNAK,38856.31,HLA-B*08:01,I
VAWGEHNAN,33162.67,VAWGEHNEN,35920.69,HLA-B*08:01,I
VAWGEHNAN,33162.67,VANGEHNAN,32326.77,HLA-B*08:01,I
VAWGEHNAN,33162.67,VAWGEHFAN,30802.29,HLA-B*08:01,I
VAWGEHNAN,33162.67,VAWGEHNNN,36728.16,HLA-B*08:01,I
VAWGEHNAN,33162.67,VAWGEHNRN,32102.78,HLA-B*08:01,I
VAWGEHNAN,33162.67,VAWGEHNIN,33461.89,HLA-B*08:01,I
VAWGEHNAN,33162.67,VAWGEHNMN,37636.19,HLA-B*08:01,I
VAWGEHNAN,20917.14,SVVNVDFGK,33860.74,HLA-B*15:01,I
VAWGEHNAN,20917.14,TFHLQPEQH,25199.42,HLA-B*15:01,I
VAWGEHNAN,20917.14,VAIGEHNAN,16801.94,HLA-B*15:01,I
VAWGEHNAN,20917.14,SVNNVDFRK,32570.72,HLA-B*15:01,I
VAWGEHNAN,20917.14,VAWGEHFAN,21121.83,HLA-B*15:01,I
VAWGEHNAN,20917.14,VAWGEHNAK,31422.07,HLA-B*15:01,I
VAWGEHNAN,20917.14,VAWGEHNEN,24134.72,HLA-B*15:01,I
VAWGEHNAN,20917.14,VANGEHNAN,23556.29,HLA-B*15:01,I
VAWGEHNAN,20917.14,VAWGEHNMN,27097.85,HLA-B*15:01,I
VAWGEHNAN,20917.14,VAWGEHNNN,23356.64,HLA-B*15:01,I
VAWGEHNAN,20917.14,VAWGEHNRN,23303.56,HLA-B*15:01,I
VAWGEHNAN,20917.14,VAWGEHNIN,24963.93,HLA-B*15:01,I
VAWGEHNAN,26962.3,SVNNVDFRK,34135.51,HLA-B*18:01,I
VAWGEHNAN,26962.3,SVVNVDFGK,34746.94,HLA-B*18:01,I
VAWGEHNAN,26962.3,TFHLQPEQH,27546.72,HLA-B*18:01,I
VAWGEHNAN,26962.3,VAIGEHNAN,26571.41,HLA-B*18:01,I
VAWGEHNAN,26962.3,VANGEHNAN,24488.95,HLA-B*18:01,I
VAWGEHNAN,26962.3,VAWGEHFAN,24027.12,HLA-B*18:01,I
VAWGEHNAN,26962.3,VAWGEHNAK,32858.57,HLA-B*18:01,I
VAWGEHNAN,26962.3,VAWGEHNEN,30305.4,HLA-B*18:01,I
VAWGEHNAN,26962.3,VAWGEHNIN,28897.16,HLA-B*18:01,I
VAWGEHNAN,26962.3,VAWGEHNMN,30901.17,HLA-B*18:01,I
VAWGEHNAN,26962.3,VAWGEHNNN,28602.08,HLA-B*18:01,I
VAWGEHNAN,26962.3,VAWGEHNRN,29072.43,HLA-B*18:01,I
VAWGEHNAN,36761.92,VAIGEHNAN,37163.06,HLA-B*27:05,I
VAWGEHNAN,36761.92,VANGEHNAN,36471.06,HLA-B*27:05,I
VAWGEHNAN,36761.92,SVNNVDFRK,35288.46,HLA-B*27:05,I
VAWGEHNAN,36761.92,TFHLQPEQH,38463.14,HLA-B*27:05,I
VAWGEHNAN,36761.92,VAWGEHNEN,37130.3,HLA-B*27:05,I
VAWGEHNAN,36761.92,VAWGEHNIN,35953.57,HLA-B*27:05,I
VAWGEHNAN,36761.92,VAWGEHFAN,36861.74,HLA-B*27:05,I
VAWGEHNAN,36761.92,SVVNVDFGK,34297.7,HLA-B*27:05,I
VAWGEHNAN,36761.92,VAWGEHNRN,35595.32,HLA-B*27:05,I
VAWGEHNAN,36761.92,VAWGEHNMN,36612.96,HLA-B*27:05,I
VAWGEHNAN,36761.92,VAWGEHNAK,37032.41,HLA-B*27:05,I
VAWGEHNAN,36761.92,VAWGEHNNN,35968.37,HLA-B*27:05,I
VAWGEHNAN,29108.95,VAIGEHNAN,28335.86,HLA-B*39:01,I
VAWGEHNAN,29108.95,TFHLQPEQH,27562.91,HLA-B*39:01,I
VAWGEHNAN,29108.95,VAWGEHNEN,30030.85,HLA-B*39:01,I
VAWGEHNAN,29108.95,VANGEHNAN,28359.9,HLA-B*39:01,I
VAWGEHNAN,29108.95,VAWGEHNAK,32442.26,HLA-B*39:01,I
VAWGEHNAN,29108.95,VAWGEHNRN,29489.01,HLA-B*39:01,I
VAWGEHNAN,29108.95,VAWGEHNIN,28850.82,HLA-B*39:01,I
VAWGEHNAN,29108.95,VAWGEHFAN,29018.57,HLA-B*39:01,I
VAWGEHNAN,29108.95,SVVNVDFGK,32734.27,HLA-B*39:01,I
VAWGEHNAN,29108.95,SVNNVDFRK,32801.58,HLA-B*39:01,I
VAWGEHNAN,29108.95,VAWGEHNNN,30033.27,HLA-B*39:01,I
VAWGEHNAN,29108.95,VAWGEHNMN,30204.48,HLA-B*39:01,I
VAWGEHNAN,41951.82,TFHLQPEQH,38581.44,HLA-B*40:02,I
VAWGEHNAN,41951.82,VAIGEHNAN,42592.55,HLA-B*40:02,I
VAWGEHNAN,41951.82,VAWGEHNAK,43664.82,HLA-B*40:02,I
VAWGEHNAN,41951.82,VAWGEHNEN,40272.75,HLA-B*40:02,I
VAWGEHNAN,41951.82,VAWGEHFAN,40889.18,HLA-B*40:02,I
VAWGEHNAN,41951.82,VAWGEHNNN,37889.97,HLA-B*40:02,I
VAWGEHNAN,41951.82,VAWGEHNRN,40592.7,HLA-B*40:02,I
VAWGEHNAN,41951.82,VANGEHNAN,42586.41,HLA-B*40:02,I
VAWGEHNAN,41951.82,VAWGEHNMN,42038.15,HLA-B*40:02,I
VAWGEHNAN,41951.82,SVVNVDFGK,43241.86,HLA-B*40:02,I
VAWGEHNAN,41951.82,VAWGEHNIN,41649.26,HLA-B*40:02,I
VAWGEHNAN,41951.82,SVNNVDFRK,43330.89,HLA-B*40:02,I
VAWGEHNAN,3315.88,TFHLQPEQH,32892.08,HLA-B*58:01,I
VAWGEHNAN,3315.88,VAWGEHFAN,645.79,HLA-B*58:01,I
VAWGEHNAN,3315.88,VAWGEHNAK,29588.92,HLA-B*58:01,I
VAWGEHNAN,3315.88,VAIGEHNAN,3632.2,HLA-B*58:01,I
VAWGEHNAN,3315.88,VAWGEHNIN,625.2,HLA-B*58:01,I
VAWGEHNAN,3315.88,VAWGEHNMN,1291.99,HLA-B*58:01,I
VAWGEHNAN,3315.88,VAWGEHNNN,244.38,HLA-B*58:01,I
VAWGEHNAN,3315.88,VAWGEHNEN,1624.55,HLA-B*58:01,I
VAWGEHNAN,3315.88,VANGEHNAN,2874.22,HLA-B*58:01,I
VAWGEHNAN,3315.88,SVNNVDFRK,36584.22,HLA-B*58:01,I
VAWGEHNAN,3315.88,SVVNVDFGK,38490.28,HLA-B*58:01,I
VAWGEHNAN,3315.88,VAWGEHNRN,2411.42,HLA-B*58:01,I
YDQCKCIFT,5430.61,VAWGEHTAN,5449.89,HLA-A*01:01,I
YDQCKCIFT,5430.61,YDQCKCWFT,5430.12,HLA-A*01:01,I
YDQCKCIFT,5430.61,YDQCKKIFT,5431.58,HLA-A*01:01,I
YDQCKCIFT,5430.61,YDQCKCIFK,5438.3,HLA-A*01:01,I
YDQCKCIFT,5430.61,YDQCKCGFT,5428.99,HLA-A*01:01,I
YDQCKCIFT,5430.61,VAWGEYNAN,5443.66,HLA-A*01:01,I
YDQCKCIFT,5430.61,VAWLEHNAN,5448.24,HLA-A*01:01,I
YDQCKCIFT,5430.61,YDQCGCIFT,5432.02,HLA-A*01:01,I
YDQCKCIFT,5430.61,YDQCKCIFS,5417.76,HLA-A*01:01,I
YDQCKCIFT,5430.61,YDQCKCIFH,5445.81,HLA-A*01:01,I
YDQCKCIFT,5430.61,YDQCKCIFI,5442.36,HLA-A*01:01,I
YDQCKCIFT,5430.61,YDQCKCNFT,5426.64,HLA-A*01:01,I
YDQCKCIFT,5617.31,YDQCKKIFT,5620.82,HLA-A*02:01,I
YDQCKCIFT,5617.31,YDQCGCIFT,5614.14,HLA-A*02:01,I
YDQCKCIFT,5617.31,YDQCKCWFT,5622.56,HLA-A*02:01,I
YDQCKCIFT,5617.31,VAWLEHNAN,5587.57,HLA-A*02:01,I
YDQCKCIFT,5617.31,YDQCKCIFK,5589.87,HLA-A*02:01,I
YDQCKCIFT,5617.31,VAWGEHTAN,5592.04,HLA-A*02:01,I
YDQCKCIFT,5617.31,VAWGEYNAN,5587.34,HLA-A*02:01,I
YDQCKCIFT,5617.31,YDQCKCIFI,5599.36,HLA-A*02:01,I
YDQCKCIFT,5617.31,YDQCKCGFT,5611.59,HLA-A*02:01,I
YDQCKCIFT,5617.31,YDQCKCIFH,5612.11,HLA-A*02:01,I
YDQCKCIFT,5617.31,YDQCKCIFS,5593.78,HLA-A*02:01,I
YDQCKCIFT,5617.31,YDQCKCNFT,5614.18,HLA-A*02:01,I
YDQCKCIFT,5627.5,VAWLEHNAN,5636.64,HLA-A*03:01,I
YDQCKCIFT,5627.5,VAWGEYNAN,5646.44,HLA-A*03:01,I
YDQCKCIFT,5627.5,YDQCKKIFT,5620.29,HLA-A*03:01,I
YDQCKCIFT,5627.5,YDQCKCWFT,5595.29,HLA-A*03:01,I
YDQCKCIFT,5627.5,YDQCKCIFI,5644.47,HLA-A*03:01,I
YDQCKCIFT,5627.5,YDQCGCIFT,5625.07,HLA-A*03:01,I
YDQCKCIFT,5627.5,VAWGEHTAN,5649.49,HLA-A*03:01,I
YDQCKCIFT,5627.5,YDQCKCIFH,5633.65,HLA-A*03:01,I
YDQCKCIFT,5627.5,YDQCKCIFK,5630.39,HLA-A*03:01,I
YDQCKCIFT,5627.5,YDQCKCGFT,5623.57,HLA-A*03:01,I
YDQCKCIFT,5627.5,YDQCKCNFT,5609.48,HLA-A*03:01,I
YDQCKCIFT,5627.5,YDQCKCIFS,5643.82,HLA-A*03:01,I
YDQCKCIFT,5364.01,VAWGEYNAN,5390.55,HLA-A*24:02,I
YDQCKCIFT,5364.01,YDQCKCIFH,5358.97,HLA-A*24:02,I
YDQCKCIFT,5364.01,VAWLEHNAN,5390.07,HLA-A*24:02,I
YDQCKCIFT,5364.01,VAWGEHTAN,5385.48,HLA-A*24:02,I
YDQCKCIFT,5364.01,YDQCKCWFT,5371.77,HLA-A*24:02,I
YDQCKCIFT,5364.01,YDQCKCIFI,5344.4,HLA-A*24:02,I
YDQCKCIFT,5364.01,YDQCGCIFT,5372.08,HLA-A*24:02,I
YDQCKCIFT,5364.01,YDQCKCGFT,5382.51,HLA-A*24:02,I
YDQCKCIFT,5364.01,YDQCKCNFT,5372.31,HLA-A*24:02,I
YDQCKCIFT,5364.01,YDQCKKIFT,5357.62,HLA-A*24:02,I
YDQCKCIFT,5364.01,YDQCKCIFK,5411.74,HLA-A*24:02,I
YDQCKCIFT,5364.01,YDQCKCIFS,5374.13,HLA-A*24:02,I
YDQCKCIFT,9327.03,VAWGEHTAN,10529.71,HLA-A*26:01,I
YDQCKCIFT,9327.03,VAWGEYNAN,10400.77,HLA-A*26:01,I
YDQCKCIFT,9327.03,VAWLEHNAN,11181.02,HLA-A*26:01,I
YDQCKCIFT,9327.03,YDQCGCIFT,9741.79,HLA-A*26:01,I
YDQCKCIFT,9327.03,YDQCKCGFT,11127.89,HLA-A*26:01,I
YDQCKCIFT,9327.03,YDQCKCIFH,10277.04,HLA-A*26:01,I
YDQCKCIFT,9327.03,YDQCKCIFI,9929.84,HLA-A*26:01,I
YDQCKCIFT,9327.03,YDQCKCIFK,10956.33,HLA-A*26:01,I
YDQCKCIFT,9327.03,YDQCKCIFS,8384.36,HLA-A*26:01,I
YDQCKCIFT,9327.03,YDQCKCNFT,11241.2,HLA-A*26:01,I
YDQCKCIFT,9327.03,YDQCKCWFT,10259.39,HLA-A*26:01,I
YDQCKCIFT,9327.03,YDQCKKIFT,9451.76,HLA-A*26:01,I
YDQCKCIFT,33524.8,YDQCGCIFT,33380.99,HLA-B*07:02,I
YDQCKCIFT,33524.8,VAWGEHTAN,28127.35,HLA-B*07:02,I
YDQCKCIFT,33524.8,VAWGEYNAN,31787.57,HLA-B*07:02,I
YDQCKCIFT,33524.8,VAWLEHNAN,27466.18,HLA-B*07:02,I
YDQCKCIFT,33524.8,YDQCKCIFK,37177.49,HLA-B*07:02,I
YDQCKCIFT,33524.8,YDQCKCGFT,32642.14,HLA-B*07:02,I
YDQCKCIFT,33524.8,YDQCKCIFH,34374.59,HLA-B*07:02,I
YDQCKCIFT,33524.8,YDQCKCIFI,32753.35,HLA-B*07:02,I
YDQCKCIFT,33524.8,YDQCKKIFT,31395.24,HLA-B*07:02,I
YDQCKCIFT,33524.8,YDQCKCIFS,36345.74,HLA-B*07:02,I
YDQCKCIFT,33524.8,YDQCKCNFT,34640.45,HLA-B*07:02,I
YDQCKCIFT,33524.8,YDQCKCWFT,34362.2,HLA-B*07:02,I
YDQCKCIFT,27125.84,VAWLEHNAN,28516.55,HLA-B*08:01,I
YDQCKCIFT,27125.84,YDQCGCIFT,33640.82,HLA-B*08:01,I
YDQCKCIFT,27125.84,VAWGEHTAN,33087.69,HLA-B*08:01,I
YDQCKCIFT,27125.84,VAWGEYNAN,34570.26,HLA-B*08:01,I
YDQCKCIFT,27125.84,YDQCKCIFI,23031.35,HLA-B*08:01,I
YDQCKCIFT,27125.84,YDQCKCIFK,35726.37,HLA-B*08:01,I
YDQCKCIFT,27125.84,YDQCKCGFT,27195.86,HLA-B*08:01,I
YDQCKCIFT,27125.84,YDQCKCIFH,33930.08,HLA-B*08:01,I
YDQCKCIFT,27125.84,YDQCKCWFT,26020.35,HLA-B*08:01,I
YDQCKCIFT,27125.84,YDQCKKIFT,25079.76,HLA-B*08:01,I
YDQCKCIFT,27125.84,YDQCKCIFS,28932.43,HLA-B*08:01,I
YDQCKCIFT,27125.84,YDQCKCNFT,26109.47,HLA-B*08:01,I
YDQCKCIFT,27315.98,VAWGEYNAN,22218.21,HLA-B*15:01,I
YDQCKCIFT,27315.98,VAWLEHNAN,23738.92,HLA-B*15:01,I
YDQCKCIFT,27315.98,YDQCGCIFT,26670.34,HLA-B*15:01,I
YDQCKCIFT,27315.98,VAWGEHTAN,19215.58,HLA-B*15:01,I
YDQCKCIFT,27315.98,YDQCKCIFH,25286.43,HLA-B*15:01,I
YDQCKCIFT,27315.98,YDQCKCIFI,27803.41,HLA-B*15:01,I
YDQCKCIFT,27315.98,YDQCKCIFK,33602.39,HLA-B*15:01,I
YDQCKCIFT,27315.98,YDQCKCGFT,29503.75,HLA-B*15:01,I
YDQCKCIFT,27315.98,YDQCKCNFT,32122.46,HLA-B*15:01,I
YDQCKCIFT,27315.98,YDQCKCWFT,31929.66,HLA-B*15:01,I
YDQCKCIFT,27315.98,YDQCKKIFT,30067.96,HLA-B*15:01,I
YDQCKCIFT,27315.98,YDQCKCIFS,28966.85,HLA-B*15:01,I
YDQCKCIFT,31096.34,VAWGEHTAN,25332.76,HLA-B*18:01,I
YDQCKCIFT,31096.34,VAWGEYNAN,27461.36,HLA-B*18:01,I
YDQCKCIFT,31096.34,VAWLEHNAN,24822.82,HLA-B*18:01,I
YDQCKCIFT,31096.34,YDQCGCIFT,28440.46,HLA-B*18:01,I
YDQCKCIFT,31096.34,YDQCKCGFT,32371.88,HLA-B*18:01,I
YDQCKCIFT,31096.34,YDQCKCIFH,26256.76,HLA-B*18:01,I
YDQCKCIFT,31096.34,YDQCKCIFI,24525.53,HLA-B*18:01,I
YDQCKCIFT,31096.34,YDQCKCIFK,31989.35,HLA-B*18:01,I
YDQCKCIFT,31096.34,YDQCKCIFS,30672.68,HLA-B*18:01,I
YDQCKCIFT,31096.34,YDQCKCNFT,32805.82,HLA-B*18:01,I
YDQCKCIFT,31096.34,YDQCKCWFT,31417.52,HLA-B*18:01,I
YDQCKCIFT,31096.34,YDQCKKIFT,32107.62,HLA-B*18:01,I
YDQCKCIFT,33851.95,YDQCGCIFT,34038.7,HLA-B*27:05,I
YDQCKCIFT,33851.95,YDQCKCGFT,36191.51,HLA-B*27:05,I
YDQCKCIFT,33851.95,VAWGEHTAN,37279.21,HLA-B*27:05,I
YDQCKCIFT,33851.95,VAWLEHNAN,37032.09,HLA-B*27:05,I
YDQCKCIFT,33851.95,YDQCKCIFK,27632.86,HLA-B*27:05,I
YDQCKCIFT,33851.95,YDQCKCIFS,35329.9,HLA-B*27:05,I
YDQCKCIFT,33851.95,YDQCKCIFH,32531.59,HLA-B*27:05,I
YDQCKCIFT,33851.95,VAWGEYNAN,36565.53,HLA-B*27:05,I
YDQCKCIFT,33851.95,YDQCKKIFT,31802.44,HLA-B*27:05,I
YDQCKCIFT,33851.95,YDQCKCNFT,35779.47,HLA-B*27:05,I
YDQCKCIFT,33851.95,YDQCKCIFI,29867.61,HLA-B*27:05,I
YDQCKCIFT,33851.95,YDQCKCWFT,34959.47,HLA-B*27:05,I
YDQCKCIFT,31273.46,YDQCGCIFT,29760.82,HLA-B*39:01,I
YDQCKCIFT,31273.46,VAWLEHNAN,26745.03,HLA-B*39:01,I
YDQCKCIFT,31273.46,YDQCKCIFK,32377.1,HLA-B*39:01,I
YDQCKCIFT,31273.46,YDQCKCGFT,31525.99,HLA-B*39:01,I
YDQCKCIFT,31273.46,YDQCKCIFI,26858.79,HLA-B*39:01,I
YDQCKCIFT,31273.46,YDQCKKIFT,27229.06,HLA-B*39:01,I
YDQCKCIFT,31273.46,YDQCKCIFS,31326.92,HLA-B*39:01,I
YDQCKCIFT,31273.46,YDQCKCIFH,31464.98,HLA-B*39:01,I
YDQCKCIFT,31273.46,VAWGEYNAN,28979.44,HLA-B*39:01,I
YDQCKCIFT,31273.46,VAWGEHTAN,28883.09,HLA-B*39:01,I
YDQCKCIFT,31273.46,YDQCKCWFT,31719.55,HLA-B*39:01,I
YDQCKCIFT,31273.46,YDQCKCNFT,30778.75,HLA-B*39:01,I
YDQCKCIFT,16698.12,VAWLEHNAN,40061.27,HLA-B*40:02,I
YDQCKCIFT,16698.12,YDQCGCIFT,11496.47,HLA-B*40:02,I
YDQCKCIFT,16698.12,YDQCKCIFI,3927.16,HLA-B*40:02,I
YDQCKCIFT,16698.12,YDQCKCIFK,36036.98,HLA-B*40:02,I
YDQCKCIFT,16698.12,YDQCKCIFH,24090.38,HLA-B*40:02,I
YDQCKCIFT,16698.12,YDQCKCWFT,20897.47,HLA-B*40:02,I
YDQCKCIFT,16698.12,YDQCKKIFT,21349.07,HLA-B*40:02,I
YDQCKCIFT,16698.12,YDQCKCGFT,29365.48,HLA-B*40:02,I
YDQCKCIFT,16698.12,YDQCKCNFT,27180.65,HLA-B*40:02,I
YDQCKCIFT,16698.12,VAWGEYNAN,41299.5,HLA-B*40:02,I
YDQCKCIFT,16698.12,YDQCKCIFS,13199.91,HLA-B*40:02,I
YDQCKCIFT,16698.12,VAWGEHTAN,42307.74,HLA-B*40:02,I
YDQCKCIFT,30470.36,VAWLEHNAN,2922.21,HLA-B*58:01,I
YDQCKCIFT,30470.36,YDQCKCIFH,35652.51,HLA-B*58:01,I
YDQCKCIFT,30470.36,YDQCKCIFI,35905.07,HLA-B*58:01,I
YDQCKCIFT,30470.36,YDQCGCIFT,30439.55,HLA-B*58:01,I
YDQCKCIFT,30470.36,YDQCKCIFS,34510.69,HLA-B*58:01,I
YDQCKCIFT,30470.36,YDQCKCNFT,32005.19,HLA-B*58:01,I
YDQCKCIFT,30470.36,YDQCKCWFT,29462.98,HLA-B*58:01,I
YDQCKCIFT,30470.36,YDQCKCIFK,37532.21,HLA-B*58:01,I
YDQCKCIFT,30470.36,YDQCKCGFT,33108.21,HLA-B*58:01,I
YDQCKCIFT,30470.36,VAWGEHTAN,3692.14,HLA-B*58:01,I
YDQCKCIFT,30470.36,VAWGEYNAN,1763.11,HLA-B*58:01,I
YDQCKCIFT,30470.36,YDQCKKIFT,30220.56,HLA-B*58:01,I
YMESNHKDP,5419.81,YDQCMCIFT,5433.12,HLA-A*01:01,I
YMESNHKDP,5419.81,YMFSNHKDP,5417.06,HLA-A*01:01,I
YMESNHKDP,5419.81,YNLVKVDNI,5432.67,HLA-A*01:01,I
YMESNHKDP,5419.81,YMESNHKDY,5542.66,HLA-A*01:01,I
YMESNHKDP,5419.81,YMESNHKDH,5472.75,HLA-A*01:01,I
YMESNHKDP,5419.81,YDQIKCIFT,5431.33,HLA-A*01:01,I
YMESNHKDP,5419.81,YMECNHKDP,5384.02,HLA-A*01:01,I
YMESNHKDP,5419.81,YMESNHDDP,5571.01,HLA-A*01:01,I
YMESNHKDP,5419.81,YMESNHKLP,5531.24,HLA-A*01:01,I
YMESNHKDP,5419.81,YMESNHKDQ,5470.54,HLA-A*01:01,I
YMESNHKDP,5419.81,YMESNHKDT,5459.35,HLA-A*01:01,I
YMESNHKDP,5419.81,YMESNSKDP,5428.78,HLA-A*01:01,I
YMESNHKDP,5617.26,YNLVKVDNI,5592.61,HLA-A*02:01,I
YMESNHKDP,5617.26,YMESNHDDP,5611.51,HLA-A*02:01,I
YMESNHKDP,5617.26,YMFSNHKDP,5592.43,HLA-A*02:01,I
YMESNHKDP,5617.26,YMECNHKDP,5621.59,HLA-A*02:01,I
YMESNHKDP,5617.26,YMESNHKDY,5642.93,HLA-A*02:01,I
YMESNHKDP,5617.26,YDQCMCIFT,5619.51,HLA-A*02:01,I
YMESNHKDP,5617.26,YDQIKCIFT,5616.97,HLA-A*02:01,I
YMESNHKDP,5617.26,YMESNHKDT,5645.5,HLA-A*02:01,I
YMESNHKDP,5617.26,YMESNHKDH,5631.94,HLA-A*02:01,I
YMESNHKDP,5617.26,YMESNHKDQ,5618.72,HLA-A*02:01,I
YMESNHKDP,5617.26,YMESNHKLP,5644.72,HLA-A*02:01,I
YMESNHKDP,5617.26,YMESNSKDP,5613.44,HLA-A*02:01,I
YMESNHKDP,5634.54,YMECNHKDP,5632.07,HLA-A*03:01,I
YMESNHKDP,5634.54,YDQIKCIFT,5630.43,HLA-A*03:01,I
YMESNHKDP,5634.54,YNLVKVDNI,5616.3,HLA-A*03:01,I
YMESNHKDP,5634.54,YMFSNHKDP,5615.74,HLA-A*03:01,I
YMESNHKDP,5634.54,YMESNHKDT,5604.43,HLA-A*03:01,I
YMESNHKDP,5634.54,YMESNHDDP,5631.74,HLA-A*03:01,I
YMESNHKDP,5634.54,YDQCMCIFT,5621.26,HLA-A*03:01,I
YMESNHKDP,5634.54,YMESNHKDQ,5617.47,HLA-A*03:01,I
YMESNHKDP,5634.54,YMESNHKDY,5638.39,HLA-A*03:01,I
YMESNHKDP,5634.54,YMESNHKDH,5616.62,HLA-A*03:01,I
YMESNHKDP,5634.54,YMESNSKDP,5638.95,HLA-A*03:01,I
YMESNHKDP,5634.54,YMESNHKLP,5630.77,HLA-A*03:01,I
YMESNHKDP,5383.97,YDQIKCIFT,5360.29,HLA-A*24:02,I
YMESNHKDP,5383.97,YMESNHKDQ,5426.24,HLA-A*24:02,I
YMESNHKDP,5383.97,YMECNHKDP,5377.25,HLA-A*24:02,I
YMESNHKDP,5383.97,YDQCMCIFT,5368.88,HLA-A*24:02,I
YMESNHKDP,5383.97,YMFSNHKDP,5375.25,HLA-A*24:02,I
YMESNHKDP,5383.97,YMESNHKDT,5372.1,HLA-A*24:02,I
YMESNHKDP,5383.97,YMESNHDDP,5377.29,HLA-A*24:02,I
YMESNHKDP,5383.97,YMESNHKDH,5386.22,HLA-A*24:02,I
YMESNHKDP,5383.97,YMESNSKDP,5372.77,HLA-A*24:02,I
YMESNHKDP,5383.97,YNLVKVDNI,5378.65,HLA-A*24:02,I
YMESNHKDP,5383.97,YMESNHKDY,5348.97,HLA-A*24:02,I
YMESNHKDP,5383.97,YMESNHKLP,5347.39,HLA-A*24:02,I
YMESNHKDP,11998.47,YDQCMCIFT,7548.27,HLA-A*26:01,I
YMESNHKDP,11998.47,YDQIKCIFT,8572.87,HLA-A*26:01,I
YMESNHKDP,11998.47,YMECNHKDP,11923.32,HLA-A*26:01,I
YMESNHKDP,11998.47,YMESNHDDP,11742.18,HLA-A*26:01,I
YMESNHKDP,11998.47,YMESNHKDH,9359.3,HLA-A*26:01,I
YMESNHKDP,11998.47,YMESNHKDQ,11607.77,HLA-A*26:01,I
YMESNHKDP,11998.47,YMESNHKDT,11880.87,HLA-A*26:01,I
YMESNHKDP,11998.47,YMESNHKDY,10583.55,HLA-A*26:01,I
YMESNHKDP,11998.47,YMESNHKLP,11399.21,HLA-A*26:01,I
YMESNHKDP,11998.47,YMESNSKDP,12245.69,HLA-A*26:01,I
YMESNHKDP,11998.47,YMFSNHKDP,10758.43,HLA-A*26:01,I
YMESNHKDP,11998.47,YNLVKVDNI,11240.57,HLA-A*26:01,I
YMESNHKDP,36980,YMESNHDDP,37352.85,HLA-B*07:02,I
YMESNHKDP,36980,YDQCMCIFT,33674.84,HLA-B*07:02,I
YMESNHKDP,36980,YDQIKCIFT,33039.59,HLA-B*07:02,I
YMESNHKDP,36980,YMECNHKDP,37365.95,HLA-B*07:02,I
YMESNHKDP,36980,YMESNHKDY,38222,HLA-B*07:02,I
YMESNHKDP,36980,YMESNHKDH,34257.99,HLA-B*07:02,I
YMESNHKDP,36980,YMESNHKDQ,36848.84,HLA-B*07:02,I
YMESNHKDP,36980,YMESNHKDT,35874.85,HLA-B*07:02,I
YMESNHKDP,36980,YNLVKVDNI,27807.87,HLA-B*07:02,I
YMESNHKDP,36980,YMESNHKLP,36066.48,HLA-B*07:02,I
YMESNHKDP,36980,YMESNSKDP,37002.97,HLA-B*07:02,I
YMESNHKDP,36980,YMFSNHKDP,36153.57,HLA-B*07:02,I
YMESNHKDP,31609.87,YMECNHKDP,32366.71,HLA-B*08:01,I
YMESNHKDP,31609.87,YMESNHDDP,36308.25,HLA-B*08:01,I
YMESNHKDP,31609.87,YDQCMCIFT,29562.57,HLA-B*08:01,I
YMESNHKDP,31609.87,YDQIKCIFT,23482.06,HLA-B*08:01,I
YMESNHKDP,31609.87,YMESNHKDT,25195.95,HLA-B*08:01,I
YMESNHKDP,31609.87,YMESNHKDY,34909.37,HLA-B*08:01,I
YMESNHKDP,31609.87,YMESNHKDH,26320.86,HLA-B*08:01,I
YMESNHKDP,31609.87,YMESNHKDQ,28286.03,HLA-B*08:01,I
YMESNHKDP,31609.87,YMFSNHKDP,32455.28,HLA-B*08:01,I
YMESNHKDP,31609.87,YNLVKVDNI,15840.31,HLA-B*08:01,I
YMESNHKDP,31609.87,YMESNHKLP,26261.94,HLA-B*08:01,I
YMESNHKDP,31609.87,YMESNSKDP,34851.11,HLA-B*08:01,I
YMESNHKDP,20714.28,YDQIKCIFT,28334.14,HLA-B*15:01,I
YMESNHKDP,20714.28,YMECNHKDP,19731.33,HLA-B*15:01,I
YMESNHKDP,20714.28,YMESNHDDP,19741.45,HLA-B*15:01,I
YMESNHKDP,20714.28,YDQCMCIFT,24087.17,HLA-B*15:01,I
YMESNHKDP,20714.28,YMESNHKDQ,19704.05,HLA-B*15:01,I
YMESNHKDP,20714.28,YMESNHKDT,27143.18,HLA-B*15:01,I
YMESNHKDP,20714.28,YMESNHKDY,968.77,HLA-B*15:01,I
YMESNHKDP,20714.28,YMESNHKDH,9006.23,HLA-B*15:01,I
YMESNHKDP,20714.28,YMESNSKDP,18686.87,HLA-B*15:01,I
YMESNHKDP,20714.28,YMFSNHKDP,1191.27,HLA-B*15:01,I
YMESNHKDP,20714.28,YNLVKVDNI,26278.05,HLA-B*15:01,I
YMESNHKDP,20714.28,YMESNHKLP,12567.42,HLA-B*15:01,I
YMESNHKDP,33057.81,YDQCMCIFT,28498.07,HLA-B*18:01,I
YMESNHKDP,33057.81,YDQIKCIFT,29189.98,HLA-B*18:01,I
YMESNHKDP,33057.81,YMECNHKDP,32011.2,HLA-B*18:01,I
YMESNHKDP,33057.81,YMESNHDDP,33446.91,HLA-B*18:01,I
YMESNHKDP,33057.81,YMESNHKDH,29181.87,HLA-B*18:01,I
YMESNHKDP,33057.81,YMESNHKDQ,31833.07,HLA-B*18:01,I
YMESNHKDP,33057.81,YMESNHKDT,33792.17,HLA-B*18:01,I
YMESNHKDP,33057.81,YMESNHKDY,21814.78,HLA-B*18:01,I
YMESNHKDP,33057.81,YMESNHKLP,31963.12,HLA-B*18:01,I
YMESNHKDP,33057.81,YMESNSKDP,33388.5,HLA-B*18:01,I
YMESNHKDP,33057.81,YMFSNHKDP,34038.07,HLA-B*18:01,I
YMESNHKDP,33057.81,YNLVKVDNI,21849.16,HLA-B*18:01,I
YMESNHKDP,33725.01,YMESNHDDP,34878,HLA-B*27:05,I
YMESNHKDP,33725.01,YMESNHKDH,30899.75,HLA-B*27:05,I
YMESNHKDP,33725.01,YDQCMCIFT,32644.34,HLA-B*27:05,I
YMESNHKDP,33725.01,YMECNHKDP,34947.98,HLA-B*27:05,I
YMESNHKDP,33725.01,YMESNHKDY,26486.69,HLA-B*27:05,I
YMESNHKDP,33725.01,YMESNHKLP,30428.57,HLA-B*27:05,I
YMESNHKDP,33725.01,YMESNHKDQ,33109.18,HLA-B*27:05,I
YMESNHKDP,33725.01,YDQIKCIFT,31884.39,HLA-B*27:05,I
YMESNHKDP,33725.01,YNLVKVDNI,31274.14,HLA-B*27:05,I
YMESNHKDP,33725.01,YMESNSKDP,33226.38,HLA-B*27:05,I
YMESNHKDP,33725.01,YMESNHKDT,33376.48,HLA-B*27:05,I
YMESNHKDP,33725.01,YMFSNHKDP,27999.43,HLA-B*27:05,I
YMESNHKDP,29455.98,YMESNHDDP,29278.63,HLA-B*39:01,I
YMESNHKDP,29455.98,YMECNHKDP,29205.33,HLA-B*39:01,I
YMESNHKDP,29455.98,YMESNHKDY,31227.63,HLA-B*39:01,I
YMESNHKDP,29455.98,YMESNHKDH,24088.34,HLA-B*39:01,I
YMESNHKDP,29455.98,YMESNHKDT,27328.94,HLA-B*39:01,I
YMESNHKDP,29455.98,YNLVKVDNI,21037.5,HLA-B*39:01,I
YMESNHKDP,29455.98,YMESNHKLP,26049.95,HLA-B*39:01,I
YMESNHKDP,29455.98,YMESNHKDQ,28748.29,HLA-B*39:01,I
YMESNHKDP,29455.98,YDQIKCIFT,30582.07,HLA-B*39:01,I
YMESNHKDP,29455.98,YDQCMCIFT,28562.96,HLA-B*39:01,I
YMESNHKDP,29455.98,YMFSNHKDP,30721.22,HLA-B*39:01,I
YMESNHKDP,29455.98,YMESNSKDP,28824.18,HLA-B*39:01,I
YMESNHKDP,39063.41,YMECNHKDP,39186.76,HLA-B*40:02,I
YMESNHKDP,39063.41,YMESNHDDP,39458.54,HLA-B*40:02,I
YMESNHKDP,39063.41,YMESNHKDT,38333.68,HLA-B*40:02,I
YMESNHKDP,39063.41,YMESNHKDY,37885.3,HLA-B*40:02,I
YMESNHKDP,39063.41,YMESNHKDQ,35972.71,HLA-B*40:02,I
YMESNHKDP,39063.41,YMFSNHKDP,40710.13,HLA-B*40:02,I
YMESNHKDP,39063.41,YNLVKVDNI,18236.43,HLA-B*40:02,I
YMESNHKDP,39063.41,YMESNHKDH,33176.99,HLA-B*40:02,I
YMESNHKDP,39063.41,YMESNSKDP,38871.62,HLA-B*40:02,I
YMESNHKDP,39063.41,YDQIKCIFT,7050.52,HLA-B*40:02,I
YMESNHKDP,39063.41,YMESNHKLP,38835.89,HLA-B*40:02,I
YMESNHKDP,39063.41,YDQCMCIFT,4363.95,HLA-B*40:02,I
YMESNHKDP,40233.37,YMECNHKDP,40217.03,HLA-B*58:01,I
YMESNHKDP,40233.37,YMESNHKDQ,39491.13,HLA-B*58:01,I
YMESNHKDP,40233.37,YMESNHKDT,39229.42,HLA-B*58:01,I
YMESNHKDP,40233.37,YMESNHDDP,39203.6,HLA-B*58:01,I
YMESNHKDP,40233.37,YMESNHKLP,37937.54,HLA-B*58:01,I
YMESNHKDP,40233.37,YMESNSKDP,40126.49,HLA-B*58:01,I
YMESNHKDP,40233.37,YMFSNHKDP,33501.76,HLA-B*58:01,I
YMESNHKDP,40233.37,YMESNHKDY,37806.68,HLA-B*58:01,I
YMESNHKDP,40233.37,YMESNHKDH,38339.79,HLA-B*58:01,I
YMESNHKDP,40233.37,YDQCMCIFT,30006.31,HLA-B*58:01,I
YMESNHKDP,40233.37,YDQIKCIFT,29650.32,HLA-B*58:01,I
YMESNHKDP,40233.37,YNLVKVDNI,28131.08,HLA-B*58:01,I
